PULSE,-5.0,-4.9,-4.800000000000001,-4.7,-4.6000000000000005,-4.5,-4.4,-4.3,-4.2,-4.1000000000000005,-4.0,-3.9000000000000004,-3.8000000000000003,-3.7,-3.6,-3.5,-3.4000000000000004,-3.3000000000000003,-3.2,-3.1,-3.0,-2.9000000000000004,-2.8000000000000003,-2.7,-2.6,-2.5,-2.4000000000000004,-2.3000000000000003,-2.2,-2.1,-2.0,-1.9000000000000001,-1.8,-1.7000000000000002,-1.6,-1.5,-1.4000000000000001,-1.3,-1.2000000000000002,-1.1,-1.0,-0.9,-0.8,-0.7000000000000001,-0.6000000000000001,-0.5,-0.4,-0.30000000000000004,-0.2,-0.1,0.0,0.1,0.2,0.30000000000000004,0.4,0.5,0.6000000000000001,0.7000000000000001,0.8,0.9,1.0,1.1,1.2000000000000002,1.3,1.4000000000000001,1.5,1.6,1.7000000000000002,1.8,1.9000000000000001,2.0,2.1,2.2,2.3000000000000003,2.4000000000000004,2.5,2.6,2.7,2.8000000000000003,2.9000000000000004,3.0,3.1,3.2,3.3000000000000003,3.4000000000000004,3.5,3.6,3.7,3.8000000000000003,3.9000000000000004,4.0,4.1000000000000005,4.2,4.3,4.4,4.5,4.6000000000000005,4.7,4.800000000000001,4.9
1.0,0.18526792013088061,0.15369964849500659,0.12299346300767251,0.10543785635283526,0.07076031413099468,0.034508648946457526,0.055641100525891565,0.09365602409754957,0.0987324096731867,0.09146954167592529,0.039960837146167744,-0.03972995324307529,-0.1289011087478907,-0.20225982729483155,-0.21691705788516855,-0.18737757865487617,-0.16625863903245156,-0.13435932130239317,-0.1285093616404002,-0.1524053285060041,-0.14180888085791424,-0.10066501577580356,-0.07448763998279871,-0.05749593935947456,-0.038846166699602315,-0.02673285117069092,-0.04868342005060451,-0.08090745333677485,-0.09270916246042964,-0.0878861633500158,-0.07393198963775975,-0.042213957750369256,-0.026600334105254787,-0.04094764997162296,-0.05279898879604312,-0.045310011004891994,-0.0066767367780594415,0.023100160207500223,0.053886041118388316,0.06756820861519049,0.049530407509294896,0.00927815726775622,-0.00023625128092821435,0.01223926285320491,-0.010805464546563389,-0.030698682486243155,-0.03005096095286981,-0.02009790774595486,-0.015130094480243583,-0.028009641490995524,-0.036301760250974785,-0.0371454615614263,-0.06563607391384661,-0.06634567342044982,-0.02339547640518584,0.04069271171719243,0.10565759409920032,0.1457493466053251,0.14789140682174773,0.16139355191523874,0.16774434361620655,0.13978353699286253,0.1361765043502261,0.10923297741917708,0.058268827874196336,0.004860929886490547,-0.026264027991893552,-0.029020735003423545,-0.024136885960675793,-0.02321769248278663,-0.028214870242518796,-0.01847485909388618,-0.051762858877388115,-0.1166616514566858,-0.14790124151477765,-0.18573661405202802,-0.24093530046023817,-0.2948286709294279,-0.32375061375569153,-0.2777133587041586,-0.28461322810813267,-0.35024135810822665,-0.3448151547144978,-0.30771201995838726,-0.28937228642757334,-0.2614843221640714,-0.2235590122708485,-0.19414540661027918,-0.1845920809711882,-0.17771187460803445,-0.10961008472337624,-0.08735202283492435,-0.06128483703320459,-0.013435962658688004,0.02951304745902187,0.05626045285085394,0.08680667257467413,0.12127613640086807,0.16015787581538346,0.14845705206597773
2.0,-0.1264805738149986,-0.1305721252528247,-0.14537344921453288,-0.14300417652589595,-0.11078115884483666,-0.0664968069585336,-0.012455463856872651,0.03318003926020065,0.028324758956884834,-0.035557059302103636,-0.10605696088250018,-0.1360423811457135,-0.10995858584375805,-0.08999784203882828,-0.08796335294896464,-0.07404785412884854,-0.059553787431700284,-0.04470554864727822,-0.038035968965809894,-0.029467288431844207,0.004919215020584146,0.046296857502635055,0.08423453020256082,0.1144708225868332,0.12171719593517262,0.11002675567461741,0.10891850802008375,0.11171323729847554,0.12387432816150222,0.13368940504155094,0.13443414558111255,0.14007290918636786,0.14456830819372773,0.14534847158823733,0.13504349889901235,0.1122760688806949,0.0755367668743577,0.04487720954600916,-0.026903573994689366,-0.11349623224169318,-0.14184984437209514,-0.12631778558386275,-0.13294339449236953,-0.14821138996729574,-0.1684413617189519,-0.16778774105495528,-0.12834506360132875,-0.07762888634284942,-0.04944145249819676,-0.048820332711828285,-0.04423122568981104,-0.032191605812551774,-0.004227974378104277,0.023952426360286737,0.04527324554800754,0.055095922848127796,0.05157139763801614,0.04214493175756692,0.034085761731712676,0.03613181101704497,0.030015565945141973,0.01988606410378041,-2.527765389656646e-05,-0.023591272509532853,-0.054603477259222495,-0.07756277254028035,-0.0784043787735873,-0.05855325373265354,-0.04337426142109875,-0.05556589815250742,-0.07399935432403242,-0.08659465799454653,-0.08928702694309539,-0.09800376170494304,-0.11015067367616396,-0.12443463586906611,-0.13329907343257516,-0.15636049370768532,-0.19856345016887542,-0.22641937701122075,-0.23090288616196195,-0.20540189052849467,-0.13860042410831563,-0.08298290978128146,-0.04809074956981249,-0.03510742400106297,-0.04563141621602308,-0.05354727918105115,-0.058193312984384016,-0.05210655998211084,-0.04800686186636155,-0.056415314565157436,-0.06387099008936903,-0.051892469726891204,-0.03621127604173967,0.0019569365268844,0.0626236002093563,0.11566129053386778,0.18365373306399366,0.23787406178292023
3.0,-0.07733858143168885,-0.008031225402041953,0.11008621762947382,0.20457025613963783,0.2337188590698124,0.21854776623331668,0.20730740073845974,0.15873425902157173,0.10795520008144208,0.09107619693183559,0.057795519272561345,0.00859789791231541,-0.00882340990155113,-0.010611913594221757,-0.008188998363617639,-0.041941534944310806,-0.07086789537948537,-0.07292611169411294,-0.05894685187138609,-0.009820793451913246,0.007722156376678848,0.0030200993919581327,0.01466555048624187,0.02714471081280839,0.0033587248930789927,0.00030678970649902624,0.013151613495454944,0.02089920516723928,0.027972384459385446,0.04389354530407262,0.06340781648576012,0.05523724701117865,0.06823635108158962,0.08970020552134642,0.055075700453480335,0.017575891427471124,0.012101461209188768,-0.005119542452748575,-0.0357476017135055,-0.05414608748113581,-0.06082705649112405,-0.1108941132437571,-0.13041489750244023,-0.10575515527118912,-0.08988171224889414,-0.06783228470564141,-0.021887297489373694,0.022522782197555137,0.04993239050337246,0.09364870945061841,0.13334663807492014,0.1247617968404262,0.07724116571996342,0.08413975174847219,0.08992176691471455,0.07794662387241731,0.052046732522288724,0.024495257945307235,-0.03587990758159445,-0.05976056994785143,-0.04485309761660685,-0.04437015203868146,-0.08946066898452913,-0.045087352489783815,0.020155853572728623,0.0823749946676174,0.1552392549106772,0.2229570712886815,0.26411208907514383,0.19800404814680705,0.1535691591983995,0.11337872242265705,0.004083256545223376,-0.012195580066005633,-0.0215123274438713,-0.04149932812645683,-0.06123536031399874,-0.09821514606235651,-0.14413949744632495,-0.18205636799324984,-0.141402826170791,-0.10050606288941019,-0.10196984657493038,-0.10027005980996702,-0.03509252132588953,-0.017484569920969802,0.03497378089220835,0.08197220478418256,0.12186568081814494,0.08975219689109465,0.11576989720687982,0.1619752599225679,0.1785144926281922,0.17882379596556414,0.16735098319906233,0.11491996815794578,0.09974585231843386,0.10784566339767519,0.10195531883640688,0.032614199040249356
4.0,0.2601140210557618,0.3389111666555637,0.3890563048135363,0.41313399123107647,0.4270866140796158,0.4276889534497994,0.4020389511088688,0.35482546515717633,0.29691349296240865,0.23324638278540755,0.1850934950595571,0.15976478521062637,0.1502153927947684,0.15314877594486687,0.13074457851118806,0.08950799447426391,0.05388319680103642,0.03442329435043042,0.021516144417894355,-0.013196684241887247,-0.031610231989335914,-0.036152411445763664,-0.06484399958434088,-0.07903619223669868,-0.05981608838364898,-0.039856664635443274,-0.03276650139454434,-0.042385302267151814,-0.025905460855963916,0.015154360802861984,0.05157573596506893,0.0509660274340419,0.0951135227182951,0.12239036328209212,0.1413732908224983,0.1947955306314791,0.24581387651178085,0.2925936566803291,0.3249359844343367,0.3441716029311343,0.34042961408147976,0.3193289324685377,0.2830589429007215,0.2479834986186138,0.2684333061915535,0.2665567507243585,0.2745472704461984,0.27202611002271504,0.27200863946860215,0.24858300341145828,0.23581485033791524,0.16361322853775162,0.08295316297546504,-0.02937827133360179,-0.03413509676997568,-0.06779559205777998,-0.11658636823957876,-0.20092582861312033,-0.23105277617105982,-0.26757256691291864,-0.27657648672220553,-0.2902006046178534,-0.2805006062656657,-0.2643922669992538,-0.2689335451571078,-0.28757851723118705,-0.26870861280311187,-0.3028804491545874,-0.3369126762493334,-0.28966529910215305,-0.2301085681090796,-0.1748655362603753,-0.10724065552719694,-0.05416944455998201,-0.02541961554815796,-0.012708512802638641,-0.006771552348239001,-0.0028203054772490107,-0.015433507166166852,-0.03312859307251783,-0.04789925853646644,-0.036403315388584406,-0.02183787994629694,0.001383779894324356,0.017830565588013846,0.055744002126663986,0.07590007383800601,0.09898421625325032,0.09659823664325805,0.050839450553575305,-0.008515730509742896,-0.05912990069938279,-0.11978380414511114,-0.16833918272013004,-0.22360395006377554,-0.21626302731904362,-0.19725703931335495,-0.16375350146992623,-0.11597794013459288,-0.16423786670305326
5.0,0.006037020005175511,-0.013279921093795761,-0.04026674812571234,-0.07206816256192511,-0.08296719256817564,-0.10228044362238005,-0.11279307548828678,-0.1429246206879821,-0.0604392825415239,-0.046518605818720346,-0.06604848585183828,-0.06930386267930531,-0.029951418894273468,0.013546356401582665,0.02239465610885615,0.03331849424582598,0.02820726400224305,0.01162433739936907,-0.014399913312808509,-0.032660491811166786,-0.030813127846277488,-0.03546332140294792,-0.05515301414312263,-0.09041216511903438,-0.11915077534562948,-0.1013135274687994,-0.085435457563797,-0.09856717264388234,-0.11595284018042556,-0.13762308133865978,-0.16876737654322435,-0.18516199308943104,-0.21303085193872442,-0.24494830935916317,-0.26373106412970376,-0.3182218554955119,-0.35108085031290154,-0.3536606391752226,-0.3201165466199576,-0.3140102731864151,-0.2963008659758429,-0.24756477805279953,-0.20758910613939613,-0.13734858716851167,-0.08545673877809384,-0.037079721100942736,-0.015783199969337657,-0.00205635478524908,0.04000936178511722,0.10304620886710536,0.13639049468110492,0.13249196591539025,0.12805942511433363,0.1356712008815823,0.1334271410901693,0.1150702874996375,0.06699866478594657,-0.005795203269195172,-0.09434343388137165,-0.19667809482046594,-0.25966819149938536,-0.2781782562062776,-0.2864981834029351,-0.2804139675960354,-0.2643722059660103,-0.24323458197921627,-0.19808162237917934,-0.1659919490106256,-0.13583161562591467,-0.11303414391909619,-0.10874511332339512,-0.08619256856805943,-0.03850354442010308,0.0029118053468464517,0.04884786515743599,0.09467190876405089,0.10403281959266875,0.1499457440291945,0.17936215250611898,0.18732219745103576,0.20917113171208523,0.23371494529220949,0.25059756718735265,0.23750210714321252,0.22302312557444096,0.17805613291011557,0.10826548006795782,0.03255163571955796,-0.06629333030661282,-0.11491988425924807,-0.1835642467381142,-0.24676005525938893,-0.3039534863596783,-0.32231935049398186,-0.29629534741357083,-0.26425291356651676,-0.2271976373650059,-0.19171536107455364,-0.13468115209982495,-0.11902091650735262
6.0,0.17656000453044238,0.18070996731179656,0.16662724728268094,0.13722764379225416,0.11530638046394197,0.09364054957192797,0.07067160129818006,0.019320686431117624,-0.03139812024508424,-0.07468712245167085,-0.10744533105823939,-0.1509408174271609,-0.1816152429403424,-0.21897853921509478,-0.22274657138051496,-0.2494642491958948,-0.24363639444639953,-0.25103716587970787,-0.24132126798838913,-0.23237187678672727,-0.23172667447226852,-0.23681298359614605,-0.24697295418209605,-0.23766366753038554,-0.23304158980042938,-0.22845521957131923,-0.20960834970013295,-0.17406885215703954,-0.16848383936657613,-0.12441170033860828,-0.0676562377805877,-0.05551421801787039,-0.04859785853347618,-0.03746305689264689,0.005203090344678941,0.028992723967992736,0.047176233738027554,0.05699532718978166,0.07092546077766008,0.07977241388901246,0.07284498304744953,0.0527606793795351,0.038864023474089765,0.03644719587561381,0.037551802106350625,0.032866403794353474,0.019667193493492725,0.009062028364415947,0.012074131094848803,0.02177237235838059,0.022888847937138343,0.02937337414334534,0.04121358584965507,0.022582721189206026,0.011412837051928075,0.02571886035332982,0.03215520481996682,0.04478000172194482,0.057201852771411064,0.08214778892547578,0.10999665231565658,0.1269779812715309,0.13988049100943872,0.126948820983536,0.11645244803144983,0.12313499208655976,0.1265079798690239,0.12324774279737141,0.060290554884445624,0.03370332973524538,0.04787544589836609,0.08644202931209646,0.0948568885693536,0.09790282962566244,0.10937855432307717,0.1299447447646365,0.14552288984419295,0.1372812675294791,0.08231641912879292,0.06499424157059203,0.0707870044878337,-0.00492915909917237,-0.053341651446816955,-0.041938239860896266,-0.021539162173039247,0.026716655406264535,0.053847908109812784,0.0639207491217028,0.032798087206391456,-0.01224099188408622,-0.035501018704471546,-0.006981060969527859,-0.058067643018836095,-0.1539026670081937,-0.18289274030878042,-0.16866902809828113,-0.21968511718273306,-0.2381220159674043,-0.22369280098716257,-0.22049271042889626
7.0,-0.021347930666174023,-0.003301331571200306,0.00890404891185071,0.026531832356085243,0.04113093868610849,0.03333473362366034,0.006725798892123022,-0.021891727377210148,-0.018374183793182765,0.007276640944463259,0.010413940550816705,0.04880765384146808,0.0942893794059463,0.11015093564862781,0.06532700626167301,0.03812740451158683,0.06965803443122819,0.08693082724724828,0.1087568321997648,0.08614481906352577,0.08400545566516966,0.07680201976102308,0.07768077863003506,0.04099564470965561,-0.0037576910336136016,-0.04345115303144407,-0.04058632896433758,-0.010204835590270885,-0.0134804357837231,-0.04550462453722784,-0.09960807151269001,-0.11703635431303511,-0.12988341588887642,-0.12588462412987,-0.1071594587357676,-0.1277878072695085,-0.17023901600712046,-0.2058507061765372,-0.1752211572543449,-0.1362998740204543,-0.1042309718369635,-0.10048247345994038,-0.10818206429247489,-0.09725109895646226,-0.06986685866589953,-0.0711731355209296,-0.11649341340409913,-0.15163348009447203,-0.13230914449971662,-0.09477087293807729,-0.0565383161657273,-0.051185353331407495,-0.0419305814865931,-0.04083611258713463,-0.07225618637033596,-0.09971389710120016,-0.11695358553894203,-0.12954147378709796,-0.14369330265665506,-0.17472142530221393,-0.1899212036675322,-0.16739736012927114,-0.1527363528801928,-0.17770710995159195,-0.22143904966503544,-0.26745215337796413,-0.29095466300828443,-0.2652875739476688,-0.23949079123727562,-0.2390631250777084,-0.22669988140244504,-0.20591588457449428,-0.20478487051452754,-0.2456305568360856,-0.2974686438233249,-0.29414328426683983,-0.2569033932318533,-0.23258838725912345,-0.20131351006510811,-0.17413782131753244,-0.1494437734655014,-0.13820906877340178,-0.13992599930156802,-0.1370732192752452,-0.1205284808126278,-0.10689749874382186,-0.08988222312966498,-0.04319008016809211,0.0012904135753936735,0.01749804664250826,0.04793456930141301,0.07106821314986593,0.1044762932964149,0.12027967519062434,0.13265048172805824,0.09807489062958329,0.04940596585075192,0.05775465945284918,0.12650405163406767,0.1749428977173087
8.0,0.11730757087099183,0.11632549648718798,0.10779302260590443,0.07930173696005983,0.04679162329203975,0.02970050073387377,0.042667709597577104,0.06169412966837259,0.05920176371065784,0.0650738630772326,0.0906545014017103,0.10358054622930976,0.10367449764352897,0.10924548706854288,0.10496196311759029,0.09860889139837448,0.10561857246195416,0.12726613365026274,0.12494630633563061,0.11897266498144275,0.16056633201852613,0.20811814313323607,0.23301704119434558,0.2574682493239248,0.2684086191080272,0.2658236882488353,0.25321806295252436,0.2441746034115791,0.21698625162453006,0.1775154835011368,0.15885832801129995,0.13329503286782815,0.10752967469624193,0.07615546766091898,0.033361563357605734,0.01098963489131542,0.0064096754471167465,0.022295641867321046,0.024582379302548946,0.02291569468742261,0.049191447393433785,0.08617069289680489,0.07745394047707144,0.055175412692019,0.018471098043329366,0.00095174129997444,-0.03705928699900187,-0.06017599145183025,-0.07312539363735315,-0.08303595811498386,-0.08177174845652235,-0.08443487254674725,-0.07737536108675688,-0.06261696161242013,-0.053842386890256395,-0.08193233288752967,-0.11871948441639099,-0.16014269945790036,-0.1975638361124572,-0.23428012806655737,-0.26430694306137686,-0.2619593712620298,-0.26655498359910934,-0.26431095994500137,-0.23625759398463952,-0.21758379162563263,-0.21933192402736817,-0.20472540690210062,-0.19101037937372434,-0.20362679670811307,-0.21492138103547315,-0.21584394647233698,-0.22411237468752662,-0.23511231481818506,-0.2510772738523471,-0.2548642133833321,-0.2415038062315896,-0.22084443620316777,-0.20094168051126046,-0.19378116606956647,-0.1728545598160763,-0.14861189449463266,-0.13542254388783495,-0.09712780065962957,-0.05513010288638389,-0.04310433498777612,-0.042687698911368616,-0.057985763842191125,-0.07717700143692546,-0.09447997902713971,-0.11194025784543182,-0.08128800076042032,-0.057484989885755296,-0.06862162454435748,-0.053535766338167055,-0.007249886867357055,0.03443153557416083,0.044395588738770815,0.034920840339857116,0.04742571892212133
9.0,0.05094079675591858,0.06748248691022962,0.07601186050941214,0.11666904966916324,0.1281908796183201,0.11630481329254606,0.08822681137383659,0.06808903823165904,0.06078358023737017,0.04961287741978689,0.0356193649642067,0.008501347179602813,0.0018223729463416616,-0.020903721249205615,-0.06102840011155841,-0.08477605578089895,-0.09845525187408793,-0.1083053203066925,-0.10340913269567187,-0.10642228016527305,-0.10666666378961956,-0.092467335581006,-0.100903429634531,-0.10925236463189898,-0.1061945264658612,-0.09219396482158448,-0.08090336168282246,-0.0659378926433448,-0.04686638344823935,-0.04027154976599398,-0.023815886002307978,-0.008747306810504394,0.006578926530819835,0.03429751915274898,0.06486459805243461,0.07979786976445079,0.08611134097167072,0.09405212196292337,0.08592795279209087,0.07507040864900062,0.09283921034572414,0.121805329458191,0.14160989358959722,0.14533609027109182,0.14829987504818812,0.17184648004014388,0.20851683558608541,0.23076452209185633,0.25226147461479687,0.28369351564142165,0.3025849224687271,0.3231884298339561,0.23010171869073198,0.1737559665167392,0.14057707183787746,0.11840475575777228,0.05385214815308011,0.07905664354106776,0.08344410131323593,0.08668861087225704,0.023984721762414007,0.04521922621022368,0.06036359311882704,0.05472064273170101,0.022668340470992157,-0.017421670648986008,-0.03568964208467004,-0.02988928137766869,0.0026158664975025844,0.018320209435006514,0.011828982346835151,0.03296775823031849,0.05409367462940314,0.06738164104727079,0.10737138617168228,0.14988527104365618,0.08246904817188622,0.07496359378215056,0.05374178111772255,0.08189061456626447,0.0880638707482863,0.05116343623349257,0.10103397882528511,0.12192591488886657,0.11206216198226661,0.10427707943824141,0.06593627434896121,0.1194804885470434,0.11984661971411646,0.08714475376366122,0.08676526527018769,0.11879038165394185,0.0604275778265589,-0.02988393890911745,-0.08260668447431833,-0.07318155204266331,-0.06744745650995199,-0.05581966591733847,-0.028583053236440843,-0.0011823880263636853
10.0,-0.1647791651788889,-0.1935409208842679,-0.18253083167327983,-0.21833761950178443,-0.22316657060841835,-0.24122539676502733,-0.19271681497805662,-0.21174237608408467,-0.25329807451678976,-0.23805190067837212,-0.24745588391723278,-0.2637604390336066,-0.28571138170956717,-0.3065128979100205,-0.30671635112578405,-0.2503571984704637,-0.2144359889127271,-0.18354081566435915,-0.14808666397852174,-0.08537934086658688,-0.008498981731549005,0.05149319413904256,0.08211186302234195,0.11621027548459416,0.1598988052949439,0.1894545619050347,0.2168429077194493,0.23940778011965097,0.24738806355995452,0.24290092300454158,0.23229851990528905,0.21573474810833865,0.20937204704829965,0.21334541375247223,0.19668479348856985,0.15941581097660262,0.14155305384653752,0.1634691376851366,0.1804965023333962,0.1723907368841554,0.14487599316637068,0.13832946760277626,0.1417932479230758,0.13718456701789694,0.1348383528968991,0.13366382444863534,0.14278129512734986,0.1607351068887091,0.18329997948758486,0.20773944895218185,0.2434062016634604,0.2964596879433705,0.3136664147946768,0.3064876000909991,0.3270549535565437,0.34057297375083434,0.3368795383687031,0.3157114667815998,0.2997040742977891,0.28794968801098225,0.24301907404453077,0.2122535026965908,0.18486103724472522,0.15979778840728587,0.1509022435504055,0.11178011091920886,0.11183134499724372,0.11671018816469768,0.12583342935909209,0.14783216218770484,0.1556954633099425,0.1678600509867539,0.18647837397913325,0.19378713215201335,0.19719700249834807,0.18567799679626346,0.2009179065557889,0.18702510313240397,0.17145855370245877,0.1383481980349846,0.12589449554032184,0.11450606430320145,0.11202120537394995,0.0919173412172598,0.06454366279397811,0.04728784676287615,0.05313872917709279,0.04925203543836409,0.03319194810653576,0.016288945123785006,-0.002661028287677304,-0.006296946933443735,-0.008205743614883552,-0.015824804580657437,-0.03974407227840851,-0.06569909024892333,-0.0997860545569329,-0.131577160727128,-0.16014879122490283,-0.17850930685520408
11.0,-0.4976780289829848,-0.5245499037330349,-0.5414345702024671,-0.5529352420503401,-0.5824818418351695,-0.5979726680191685,-0.5957615382236695,-0.5923719600627253,-0.5810471205395673,-0.5835721794954267,-0.5688792103903287,-0.5442395006762247,-0.5406328594531691,-0.526626103408922,-0.5023921579914781,-0.4897537279830505,-0.4709242360321243,-0.44029181299544623,-0.4141887717358834,-0.3790036650176587,-0.3395920552730607,-0.3120085331505914,-0.28065501464324777,-0.25144029325417827,-0.22040711972191868,-0.17429659380114368,-0.12896640073532353,-0.08366171298004323,-0.05800753136863633,-0.03831119284784094,-0.028126625163218365,-0.013100338506237038,0.023412665057034897,0.04794326729498114,0.06879721426384997,0.09827040119133251,0.1400323946665532,0.1809789992214745,0.2304249609943807,0.27210062813273656,0.3039634278901033,0.31508897814810966,0.3140646253736725,0.3189730466084532,0.31632580523436943,0.3305418762552464,0.34351249426981734,0.36711479545448,0.37057847621925233,0.3692110112605505,0.37950427066223036,0.37379481466582815,0.3723461894242572,0.3751266684521871,0.3744859195372823,0.3683126413281642,0.36117213783175894,0.3553979810291368,0.341667290149134,0.29020611738364854,0.3158107627000822,0.33948694172612426,0.3526068459530462,0.3519478122859023,0.3381814199186205,0.312680376364899,0.25470633766798517,0.21403638641203115,0.19869630328535967,0.19988080575559514,0.1629698778015122,0.13961896009789082,0.14198232170862898,0.1440613867640339,0.1334895165374205,0.16469863509049792,0.18184685740861284,0.14799919615241006,0.17243121329964173,0.11432456140930367,-0.00815509101827257,-0.11914439063732173,-0.15446443961250575,-0.1654918628617699,-0.18630703717342784,-0.20113766073884817,-0.21979406519656122,-0.21774614021297722,-0.21179922552181563,-0.21378357827758668,-0.21274933028352794,-0.2149831692885459,-0.20743455568591768,-0.18474432587840992,-0.1657404031273504,-0.14939440748929073,-0.1334198043469198,-0.1344736956899462,-0.13729654166625854,-0.14358932492958523
12.0,0.0066689218138335825,0.04582401911373732,0.04307940164527184,-0.018444933266848592,0.09565366177898432,0.18062062662596626,0.09790561435532841,0.07932899354643166,0.06020052574935718,0.07854835338487182,0.08283547554014369,0.030610886364032856,0.0051295659678956395,-0.01640901049890942,-0.04406494432927016,-0.08429882269006071,-0.09117584499523128,-0.07813364177590418,-0.09080273493015822,-0.12938053826240764,-0.16246025046061846,-0.15875519786809467,-0.13695623232520235,-0.13311232018821312,-0.12963168824306678,-0.11937315835261642,-0.12185610024426628,-0.11702257660403301,-0.08295028122030292,-0.04354385862546748,-0.022346426712074992,-0.04672170575861972,-0.04591923897502692,-0.061793518015340214,-0.06974983415378622,-0.056439804812601906,-0.054257859770736286,-0.052756886445187064,-0.0589813988936137,-0.04972051134944006,-0.0626589712842997,-0.0740446091913232,-0.08088103469599141,-0.0943584733537091,-0.1265198055691981,-0.14441933966338083,-0.14358791015977965,-0.13740700112448706,-0.14176149323117554,-0.1139880383872111,-0.06854889742193239,-0.047195281150487045,0.0009112415420527396,0.02856414069787053,0.03009072243508336,0.02874366908277315,0.029338936936368746,0.020645151245052878,0.026902789079835145,0.0012103492364052956,-0.007074201504681026,0.04381422150479057,0.09215469844472221,0.08296600241895276,0.06512632705804278,0.07822860357074155,0.10822702794367844,0.14060793220304763,0.15645399408513314,0.15825332782593327,0.15301243071944795,0.14629140040880298,0.16290708822846087,0.1616227678728828,0.13128571420969923,0.13353180378181065,0.127977953798327,0.14382009290451161,0.15306321481991966,0.16036513764026616,0.1599130656546052,0.16605856976799357,0.17496040734620608,0.15308551667160136,0.1085697393856595,0.11734204516515412,0.1396752559850804,0.1618404121277377,0.11728150340495967,0.077203844177356,0.07581283667041218,0.08634857458325092,0.11652596819927108,0.12380046639769698,0.11865525122380367,0.12824609881814614,0.12562368500401377,0.10476078323017234,0.08940008341959353,0.05967607340068665
13.0,-0.2194886176445305,-0.23721122842818754,-0.2316535827095945,-0.20379624393626944,-0.18117142367953676,-0.1641857699523429,-0.1246111635113389,-0.09968102198600874,-0.08908514082168124,-0.01708212979626374,0.07146473028245783,0.028261364053806647,0.0578459513662031,0.11481732837709785,0.15291200907310545,0.14796511555520003,0.12020277686813165,0.18815739354145736,0.23915442729465725,0.20061226634444604,0.15300910055517838,0.11878696829013902,0.11495885554079088,0.07719857843069212,0.0770484116051655,0.10849096208515564,0.07515362005958766,0.06763789772675823,0.036138646488444504,0.0017422509177292406,0.005285222497414769,0.009627135886806302,-0.015235493307775742,-0.03116512372313159,-0.03478505591407673,-0.025378037669546424,-0.01221204126354538,-0.015961045578484358,-0.02852396144153211,-0.07259097129486754,-0.08026814994321649,-0.08319172405264605,-0.09271181983753397,-0.09379008938228232,-0.11600869088693459,-0.06042062665851847,-0.07476247369799911,-0.08830158694109053,-0.0881244436430081,-0.06679317443923877,-0.06289278475202104,-0.04001825578756853,-0.005280536492480331,0.03932008459694544,-0.00048212243650851816,-0.03747011849336465,-0.019629270534284534,-0.007918973148303735,-0.0010868566952466742,0.008346622171749495,0.01990396495651716,0.04805918163403954,0.06638542801334384,0.06736752377711071,0.077197816193289,0.06972294981663876,0.08365735942619143,0.08860589569154283,0.11677301519144619,0.12376437155315226,0.12179841235203645,0.13589865170958296,0.13342612561331466,0.10501176200730068,0.08196414216285214,0.08221477876928802,0.05781303553265171,0.030910801849232783,0.03140800254901574,0.055663589980090813,0.08076882315742652,0.06856818477766144,0.035301428419160306,-0.0033315283317234,-0.004576946530942662,0.026122405093507373,0.055724273581165745,0.06338774919004017,0.0986463226834106,0.10736669703521153,0.09148596349113482,0.08499264170758375,0.07530628578474718,0.07946274552774868,0.0930557328907312,0.1316218827623966,0.16294207219595472,0.13055264995016694,0.08892110064219971,0.0874494471106566
14.0,0.14380081879852405,0.06282878945884941,0.049460986538040166,0.0641413564984729,0.05242975423230204,0.021552009540964697,-0.0023030025774485453,-0.05750851065224006,-0.11085428688731384,-0.1258294290015269,-0.1326565126133295,-0.14564616053233317,-0.14714826825686075,-0.14624135760081006,-0.14403523329137274,-0.15225150768006435,-0.15988833643503883,-0.15061614172096693,-0.1427396519434713,-0.15407306224324804,-0.1797754499923339,-0.19193964038047864,-0.2079745965507346,-0.23198411572811303,-0.21930700992943872,-0.18633803813029703,-0.1481426540577522,-0.096309553338807,-0.048257880478368986,-0.02351356934333231,-0.02198135353266361,-0.03488468203505678,-0.0670098790175291,-0.08500461922459823,-0.09393774411647639,-0.10103503053927032,-0.10161053895112279,-0.07859976118234388,-0.0549225739479393,-0.040897538670725486,-0.032607891789851,-0.034572948708056064,-0.04163939547708291,-0.04366741083535716,-0.026989140815741407,0.009876306509179002,0.06953159300089191,0.1368632296431867,0.23292883047309113,0.3290306128675073,0.3726085338619426,0.3814581961491775,0.3730972531954481,0.34061450694085144,0.27999947236711237,0.2197243909304034,0.15484185418409738,0.07991067311219764,-0.0008669390795239562,-0.06539680793156931,-0.12870885630506124,-0.18511908885895323,-0.22195694198958604,-0.2605186972690995,-0.2907813271471793,-0.3178767535098922,-0.34378714817503675,-0.32896156812598526,-0.26387193112920976,-0.15805793587622105,-0.09447707167861166,-0.07662209270159634,-0.057726930632230854,-0.05612753713892461,-0.02905616285741772,-0.013189398823958217,0.039831413712231624,0.041642939012601736,0.06282703224485088,0.07725022443989929,0.1311645068397712,0.1380626688361701,0.1371479225158411,0.12368316799544003,0.0994785683295782,0.057363557187854644,0.02043363354160781,7.298825929314338e-05,-0.013030219294197341,-0.02668737397978194,-0.045348889865212065,-0.046311853047054305,-0.033177013075726944,-0.010756385131004966,0.00273718107842968,0.010598848255050114,0.03586186568027757,0.059404889529785766,0.046970687218908215,0.04309003749424567
15.0,0.27941904533660905,0.31892413299428035,0.3615686153493321,0.4101293436450531,0.4323858083717855,0.44563991496369837,0.4661656599411589,0.466397767540485,0.4405375867209458,0.41743579843729534,0.34581352792073305,0.36013023489605567,0.3690050468728413,0.33194498929046173,0.3312871680308494,0.3269956690569792,0.31080398360034645,0.2987873111897914,0.2542441791031431,0.23908485414651656,0.2281160406091794,0.18723116280069332,0.13316559397602118,0.11493220120378879,0.08574616928288448,0.03278051169776767,-0.03228042710691957,-0.0997701864675257,-0.16550855797295927,-0.22991134072686473,-0.26662623815419123,-0.2896494126465874,-0.35376988966309747,-0.3688775211000875,-0.3722049457165324,-0.35061832276699617,-0.3284862881430646,-0.33265103438026383,-0.3290533803805882,-0.3330863089232112,-0.3417777077949767,-0.33833918567095556,-0.34929453189355086,-0.33969340230921635,-0.3155557071304447,-0.2969567880396748,-0.2787485746709759,-0.2928119352653424,-0.335723617848611,-0.3451068253927268,-0.3605527493077452,-0.39775464688498274,-0.39231475420739564,-0.35434296182335584,-0.30370519235385907,-0.24214565582327352,-0.16589166603891897,-0.08534836657809072,-0.018965107922677558,0.0379350907507617,0.09355474219344634,0.12682683975007406,0.1461958796689172,0.18788613654336092,0.2412306534477974,0.2607936043960129,0.27526706145622976,0.29177512181181775,0.3136741769439507,0.30905593721294383,0.29665690024892843,0.3047034578056724,0.3265681585161249,0.34985567053653926,0.3565106013190446,0.3669717654378383,0.38873572855607663,0.3971351085968049,0.3790092933907009,0.34741543632993177,0.31792506924550645,0.30799821511569025,0.3040845160451739,0.2790052436975704,0.2724516966338752,0.2834800719668071,0.25557399785279494,0.21297346355318292,0.1654982049111394,0.12503253595065794,0.09732161380322939,0.052651969640735506,0.008298086304376827,-0.00941846077232836,-0.013556195118084941,-0.018267653860693504,-0.028133908608317576,-0.0662097557727482,-0.1438931522952933,-0.18409202802964128
16.0,-0.008925650948088464,0.04617259351613947,0.055746078996262466,0.02306000917715376,0.003442365702058251,-0.016364738914401655,-0.01654798630031363,0.004937371281662606,0.0069522412038418024,-0.02160760638672378,-0.0556903855668333,-0.0719149029723514,-0.0666965564030079,-0.04675018609468666,-0.020142136787113317,0.024249590675889336,0.05384629304155087,0.05515634172872984,0.03847244337406082,0.041964417486319884,0.07309966292167332,0.08137590141686425,0.0723801220371547,0.05483841313361776,0.07256657865526013,0.12049058464468589,0.13797596937290751,0.12087610535250995,0.1245479943553866,0.15495322908357279,0.18218362479375866,0.2049068075824868,0.21897893947665753,0.23077323750845952,0.2383031766099687,0.22408939349743634,0.2061518394309654,0.19628423045090299,0.17761951324829178,0.12815620542238454,0.08077456377936508,0.04843912393719634,0.012716226886408449,-0.023449627208909953,-0.0727842275245449,-0.12942286154960872,-0.17638754696139594,-0.21008659067810936,-0.23189631558162047,-0.24941583795983255,-0.24537937522472308,-0.23342643261117557,-0.20728625698701214,-0.18256712604265352,-0.1768878702164504,-0.18618945425139027,-0.2009460600390193,-0.21656796968730174,-0.21178457749112056,-0.18157286203670306,-0.15878465377075837,-0.13901264591022,-0.12378058955235435,-0.1487030563660039,-0.17504622550076815,-0.1859168470556635,-0.1933072001861364,-0.19922847667527135,-0.21644151005716908,-0.24042107172623292,-0.2544798165595989,-0.26325870225333825,-0.2738683126819495,-0.26683167557562243,-0.2558451755210791,-0.22017407711660592,-0.20055691096275566,-0.2209261525629664,-0.23509321117785756,-0.21658292439294413,-0.1734890008883623,-0.12750567838858307,-0.10758168188761315,-0.09511876154197278,-0.08373833615639295,-0.0833334670530509,-0.10363318513210629,-0.1220580951326331,-0.12293862064307046,-0.11570895029443794,-0.10225415583208464,-0.07141100729802907,-0.008333573521180766,0.04907810890456178,0.09002671822483006,0.10163069367376842,0.08511919670872775,0.05931723815522881,0.050038297970833444,0.041812594942721305
17.0,-0.08955597446155843,-0.06699553488026722,-0.062456820221896636,-0.06153073925987033,-0.06429449764243239,-0.06567551706842036,-0.06227455686789146,-0.05140978802236375,-0.03719987506310108,-0.024869392873241365,-0.015404564424137441,-0.0031542742273496394,0.009164458711098023,0.01996027001258978,0.01704411314745709,0.01633379952288733,0.013706721620837742,0.010583335338934886,0.010389218963169015,0.0148700720206617,0.03006999293452637,0.048008983230612264,0.060763254535415395,0.06855736329840813,0.06575870953241461,0.0557889758482194,0.0493061312057884,0.05314151730286032,0.0655374139654196,0.08176611098110623,0.0986018054341247,0.12091745981439517,0.14161028686900765,0.15177008136687684,0.1452944513899548,0.1350863184854738,0.13169575983758092,0.13122988078973621,0.1155086400835218,0.08510083109860903,0.06045895245632812,0.043954485614930316,0.03722492143988337,0.034018283489006415,0.025788942963713573,0.012165346238131392,-0.006213191204783165,-0.01556114765191939,-0.01159658128122983,-0.019297594033890295,-0.04261379315971753,-0.07363118386938967,-0.10279469242940473,-0.1157892218824414,-0.12871466753620958,-0.14285312970285435,-0.1490090080270084,-0.17850088630298583,-0.23731019557750713,-0.3117915581405877,-0.36665688274807634,-0.3886078406558464,-0.41762086547701344,-0.44939458166259616,-0.46907380022112183,-0.4654094243209118,-0.4519091633774206,-0.447253664222069,-0.4526183750794692,-0.46457967469789535,-0.4940097749334602,-0.5356089311127994,-0.5929748760214465,-0.6214051182698431,-0.6215338669476296,-0.6111041515815822,-0.5982167845994311,-0.5923303455015051,-0.5909005387969524,-0.5970765129140413,-0.5967292067599775,-0.5785357429020371,-0.5864149613883428,-0.6175005023255625,-0.6465074266327775,-0.649274558032932,-0.6232815196121579,-0.5847313823661683,-0.5533128151808115,-0.5188029055541289,-0.4857589733476289,-0.4544418594075286,-0.43629112110284324,-0.4097910157935873,-0.38910453032456027,-0.3709476598727311,-0.3368217397859071,-0.2883649440947468,-0.2547607682386866,-0.24313872029546565
18.0,-0.08934497779619627,-0.11292769810305169,-0.15057960735951198,-0.19568417840060068,-0.21680484431213637,-0.20878618787350398,-0.1771403589032093,-0.1617943202822533,-0.2382101823015883,-0.3502501494540665,-0.3984343101601705,-0.35303703007433457,-0.2540822810075737,-0.1757788562460054,-0.16535342055803204,-0.16053123619680476,-0.1391262489131723,-0.09483673738335265,-0.01715639758492378,0.042875644774051105,0.035229367339793906,-0.025154725172433817,-0.06489313576183607,-0.02591949580160095,0.04936692049871647,0.1283575546175382,0.18155550709815074,0.21846483441719852,0.2611282260772365,0.31200045672626664,0.3216182374739009,0.2785046370358583,0.22939208659110033,0.19395119730211058,0.1792330646849986,0.18569815807680604,0.1895944548561593,0.17338112651974794,0.12443836240997426,0.034242509289244306,-0.048887698430763,-0.06259467478325291,-0.002790048017545792,0.08054323908778162,0.10852467106327855,0.07896983097031048,0.06027243077734662,0.09676142520276611,0.1572383996377666,0.20325810147716603,0.20823758864237016,0.12051857012825655,0.039284457229490165,0.027877143945029787,0.02210868069617829,-0.006048073946530886,-0.031519012917015816,-0.08085816592576126,-0.13677403752865452,-0.18688517775052463,-0.22600441184350964,-0.2587930345855971,-0.2589164752644775,-0.23366225832341325,-0.2367233918814301,-0.28263047209598874,-0.32372630763473126,-0.3005072737416672,-0.2815160826572759,-0.2748680893539174,-0.25840777449362995,-0.27427980896251963,-0.3209451037196007,-0.3165103052082151,-0.23942900101429124,-0.14048927252083016,-0.11122756993649258,-0.10765471062393706,-0.06996989188828108,0.008104972733479833,0.09397926040910264,0.1675333145534354,0.19746998923786283,0.1979345279896601,0.2170834195518655,0.2772850016301713,0.3493598303678845,0.3558485599820796,0.3056057703878893,0.24179144140534622,0.25029876347128627,0.3045656223874827,0.35078887238089035,0.34056546577763985,0.32032562108180374,0.3770008878898293,0.35410119521123806,0.28660415672476436,0.2907136413043926,0.41021150229409126
19.0,0.014196910755672604,-0.007204239747306147,-0.008423220756425591,0.010265447909173117,0.0388038855760767,0.06624710114152663,0.07101504887405943,0.04945912275024434,0.06039626166245839,0.10958718467991731,0.16029625283620122,0.17911591837480473,0.15327835270692886,0.14053639877132737,0.1397265825822771,0.14658494434100913,0.17013598781137218,0.15783722175949347,0.13929011779449527,0.13805914156551216,0.16751158340401318,0.19220989943706654,0.16089158908088622,0.1603332607085317,0.143471275757598,0.10280293110144052,0.07832605629028465,0.06781577185595837,0.08768419873277597,0.15798900205062005,0.21545654253619026,0.20885333289228658,0.17025642846317507,0.15727655123536152,0.13481605534025953,0.12889274213552276,0.15562473497857152,0.20432592362948396,0.23483330189579302,0.22911698317021179,0.19951057869097033,0.16107996997272292,0.13358695078483288,0.1321260130941866,0.151435091240493,0.1642870838077764,0.13012207583555818,0.09226607619424483,0.06788069963228001,0.09138920049737566,0.13163544009963915,0.16929058047806292,0.18091844959367614,0.15772534831490143,0.1328187314159986,0.12240520262420118,0.1402964004777723,0.1547779620296745,0.13431827749358052,0.09614305997379512,0.05498705104713134,0.019778712940214622,-0.016326762755217022,-0.05175183184106314,-0.09078048509883675,-0.13300823399617137,-0.17132833192840488,-0.21896403603133893,-0.2590516945551982,-0.27469210080873313,-0.29093734864483406,-0.28944678020661746,-0.2697528886852857,-0.2544500350694785,-0.2623757466092828,-0.2691264556260817,-0.2700083519563329,-0.25353407269918155,-0.24039861142633878,-0.24203776292554335,-0.24176286329564145,-0.23915535639503976,-0.23363169715204823,-0.22718173260461857,-0.23769036503151048,-0.2469361363916132,-0.25444541085816563,-0.2782408019244131,-0.2999221661888714,-0.2936108865446083,-0.2730084712774879,-0.2875178125400281,-0.3017618860117536,-0.29219854488518754,-0.25732560261797693,-0.20844168702388355,-0.19129687424890146,-0.19945813228431777,-0.19882006507965314,-0.18361524585623584
20.0,-0.4256631335709068,-0.4187392889951047,-0.4298565019202242,-0.44987874628026214,-0.44681271508083764,-0.4395730115988324,-0.4079949953807299,-0.3684162357128058,-0.32434506083497455,-0.25841862573867624,-0.19589588253077508,-0.10795162868887025,-0.04785890160085988,0.002138828493983481,0.04959704011963296,0.07662834409597861,0.11301010108673105,0.15590397659168495,0.19204326074886804,0.22221319434216122,0.2211656942232352,0.2258728938140985,0.24083059853301522,0.2554511894530649,0.2692452814603464,0.2579363539557855,0.24102035534965033,0.24424931575776962,0.24238946576054002,0.23381525856356306,0.24923918202570797,0.275801606600364,0.3002661333829923,0.3274494650301132,0.34326627085770783,0.35013857934681514,0.3472911704080218,0.33138801023140846,0.30170224632454273,0.26165812164717944,0.21433301172832953,0.17764351607386203,0.1605513825233552,0.16205260938599758,0.1615287686764746,0.18060450643795314,0.22376830079654367,0.2667003513889941,0.312919042822981,0.3629320570338154,0.40543901629023993,0.3439195163588194,0.2336929990138997,0.2241568901460665,0.21422412241507002,0.10595265668198148,-0.012041982171543312,-0.09175004320521622,-0.09877133844043753,-0.0829205133331509,-0.09348879970444203,-0.1208859345584334,-0.14084758802728795,-0.18058749914475367,-0.21468378531544588,-0.25265057298120314,-0.27999053935732887,-0.30313069616680577,-0.3434236802382269,-0.3902516521772164,-0.4236315351361749,-0.44073657074064476,-0.45355685768625104,-0.44811033673593426,-0.4350881082603055,-0.41071697473927454,-0.38720231342834033,-0.36513736007645065,-0.345220708765791,-0.309301349076623,-0.2641374420475473,-0.2313147448496884,-0.1980445246035552,-0.2608773135838865,-0.30394867721646135,-0.24534253013865334,-0.22251784113260759,-0.17886180430779047,-0.12931599800020255,-0.105891161570191,-0.05225543997862944,-0.03365561437368585,-0.023271267168179056,0.0072247860540952296,0.056283908597390055,0.08283926640133432,0.08256982330125763,0.08715876461557369,0.10248917919634752,0.1119914079676374
21.0,0.6059656056138452,0.6623635327958535,0.6768462279701,0.6305158325741349,0.6210438360817582,0.5713870260614636,0.550421374694492,0.6089361358626065,0.6142228827428423,0.5416622072607393,0.4967064887496546,0.48672181537116177,0.46925428707792355,0.4903389517456412,0.49778052879840545,0.4782847515035321,0.4473261658274796,0.43426423597597835,0.3916678512788951,0.38817244994536304,0.379087834440992,0.39945377959406747,0.3997394309214289,0.4038832022939149,0.3660117231868824,0.3375574442086366,0.3354453731706907,0.371717410738212,0.4000013913170517,0.3868006725328864,0.3784138464922252,0.3730539767227412,0.38597958551519523,0.4013373272598303,0.3789893882330186,0.33037616899389965,0.29015211058180085,0.2441448856859008,0.2099307088520522,0.17217786176165295,0.1409392696993281,0.11471943714875235,0.08883842286894565,0.06318277996008174,0.052840217446628895,0.06308117311759501,0.03375339324770839,-0.00983523495678841,-0.016018230481183494,-0.00592390216035788,0.025191673924722158,-0.007734279684865947,-0.026864443169529184,-0.05517403736191502,-0.08501878511448327,-0.12192891580210728,-0.14675784234110764,-0.17198005507554717,-0.19931726369533406,-0.21730697215429967,-0.23092898483310487,-0.23462321681997744,-0.23852768639600777,-0.23919631100899538,-0.23085170997834342,-0.2372959533428824,-0.24984596111354693,-0.2695986138856692,-0.29749775916641374,-0.30649559213030014,-0.3219203079558966,-0.3367276637291084,-0.3495355794196161,-0.3512702747920591,-0.3415469012865154,-0.32069053856801677,-0.2893338283515261,-0.25415855195295906,-0.2224134299779398,-0.19829938020257692,-0.161435208742221,-0.10787834628972429,-0.05112737963986491,-0.020416951884341214,-0.0218609482673518,-0.02328135899256289,-0.020702717715157623,-0.036843940736662376,-0.07509628082667774,-0.1022787787957542,-0.11581242653765575,-0.12347665725874049,-0.11862328920353332,-0.11970564399838263,-0.14171841587774175,-0.12786446213433889,-0.10687258213300706,-0.11312817404949956,-0.09592490526582809,-0.09308679879525916
22.0,0.19694291591311403,0.13214640382009515,0.1037144430374537,0.09728409064404975,0.07440631663774201,0.05767367438052281,0.0474247321363853,0.03185712006080966,0.01669093424529522,-0.0036134391756061346,-0.03065457708984478,-0.07267162896321899,-0.11463630071966165,-0.15371157534391228,-0.19777814004737726,-0.24634995210413999,-0.30148325431777345,-0.350784886915162,-0.39035755548188306,-0.42763545386486296,-0.44720744665462014,-0.44464086580045764,-0.43812713710739004,-0.4332377846274435,-0.43733294208779566,-0.42531066953450947,-0.39784619885719963,-0.37004888211425363,-0.34782060673474124,-0.3152853520448693,-0.28500265301649774,-0.2661595877398285,-0.2489297080170128,-0.21752702768760965,-0.17644037260899242,-0.14361877212732632,-0.1111067689611161,-0.07358701507881445,-0.035645521053298136,0.0010169073101674708,0.032400773590308164,0.06929782039806912,0.10566410959597516,0.13063737007022425,0.15473937905122542,0.18985114556935143,0.23806630119296715,0.3031999562759174,0.3777703955569351,0.4483606228695309,0.5080062069346487,0.5494789613664383,0.5798608850212895,0.59189052081652,0.576183838122099,0.5385175691393626,0.4794512509165124,0.4021304934475086,0.31822110813378435,0.24062593099550228,0.1777915792701555,0.12278935316492318,0.07579128734355732,0.04293893147375072,0.023480285616370302,0.01437005831758544,0.008358703643827643,0.006290135634616755,0.0071140626265133984,0.007001223825206506,0.005468605284710255,0.002809430421036371,-0.001924421710417103,-0.008742487384609473,-0.01618842020692486,-0.024764749325898002,-0.03517410890383504,-0.04551618210374294,-0.0558483499297353,-0.06748041261137255,-0.07897259245304163,-0.08919308695153794,-0.09860663775351548,-0.10706051405956983,-0.11588834647880092,-0.12210441748305036,-0.12312480362127014,-0.12105508569786712,-0.11747487402826426,-0.11342943441060456,-0.1088837884753898,-0.1035478817332304,-0.09927805470213391,-0.09381653690212853,-0.08610287986639827,-0.07878925270332768,-0.07504452025947264,-0.07477202748311959,-0.07209064234110318,-0.0642748912952853
23.0,-0.2128515850693304,-0.21061910076827325,-0.21288486680897897,-0.18483669175893747,-0.14169332155118114,-0.09193301754183643,-0.0987850819419417,-0.12628074913865786,-0.11416039708951872,-0.08802352087275613,-0.09183465123115435,-0.12403883543545391,-0.1445399609116539,-0.14829396311090556,-0.15476837302189367,-0.13684405408418684,-0.16679048310326822,-0.1877808274311302,-0.17866688590583849,-0.15143574964470688,-0.14730466055485542,-0.16887815773296158,-0.19772397481262421,-0.20237631374705892,-0.17488814300017957,-0.1524991021897488,-0.1417511757785846,-0.1373463444695769,-0.11577892589966875,-0.07387989615906333,-0.06783482797689973,-0.06173176551749922,-0.07102230802973121,-0.06582242495039488,-0.04756505120909611,-0.024020329814770057,-0.015299722128930144,-0.004606481650249815,0.03335505296550011,0.08111036492795093,0.11155253597026785,0.1447841761961843,0.18780726619833152,0.22470571027408226,0.23226396263680166,0.24069350989667618,0.27251449711347,0.3086982857141406,0.3559617432244885,0.4038192567946389,0.4396426385349878,0.4537968199602739,0.4870911988021869,0.5288822398933992,0.5622427588244904,0.5557803694385782,0.5129782629123857,0.4738676698143633,0.44554256565967637,0.43321009476401895,0.42111214447001727,0.3935261601771591,0.37042128406348124,0.3564337509711443,0.34101331047878947,0.31621714916750787,0.294536926030435,0.26759572284885735,0.2592372296476321,0.27497106370854757,0.2723778027920473,0.25970406731042867,0.2660650628004129,0.2846396041069023,0.28587026251153563,0.2522522002199554,0.21874564919225076,0.1599342172164378,0.11457492099690512,0.07555326533517659,0.031810687141296395,0.0061380377150017686,0.006490033405119038,-0.00474480691263317,-0.01933368722260372,-0.03330136174968025,-0.03802170321178839,-0.04534903932317869,-0.07952144452103077,-0.13823998409098467,-0.1611972934283611,-0.15301370014788768,-0.1286025468537689,-0.14174235553913087,-0.1678361292276049,-0.16194020454387104,-0.12990113078331808,-0.10719069859215774,-0.13502110020592714,-0.18319879398272615
24.0,0.15076734884080184,0.15178923162175204,0.14590220265094306,0.13800866527422384,0.1207874615317388,0.09884448854091449,0.0718079324614151,0.04594801721358208,0.02369335715792273,0.011318366571446347,0.010854741160974287,0.012422668020496736,0.006828506371414011,-0.004616627687259028,-0.015823114702590912,-0.022847733447957035,-0.01879199948313869,0.0017695986792194377,0.023873640327761878,0.03240739645180561,0.03460739180704664,0.041930642101234365,0.05896969910952625,0.07319009999126974,0.08050711383731113,0.0870923810703381,0.09501550405730123,0.11234968396816407,0.13165250197835418,0.13346943280535548,0.12091675328533592,0.11085916630158384,0.09898018563603288,0.0764407808620982,0.046454341071455886,0.031270648520582,0.02808056601194239,0.02079273545587046,0.016753205005600486,0.02393806741402015,0.036034419607689785,0.03702041861627435,0.02520127163416092,0.013878930609861324,0.003519415924212726,-0.01955160619515202,-0.06082973657252875,-0.09448360882286798,-0.10574445510927266,-0.10545114327263445,-0.1128614151903926,-0.12268589666361523,-0.12511860188993826,-0.12958354817080847,-0.15132847154487944,-0.18737426846009636,-0.20831172506977538,-0.21778232731921254,-0.23758382925761506,-0.2550160701076049,-0.2405525547576406,-0.23389641296599067,-0.21385408483091592,-0.19504803450179065,-0.17549984401840932,-0.15506995475232038,-0.14447395248197864,-0.14088407181732518,-0.13511623428318162,-0.11275721762666295,-0.10042682956511742,-0.09824639419131699,-0.09432997217485882,-0.080364648830457,-0.05909094160283137,-0.041334645967519665,-0.03788470335186741,-0.04278125167049363,-0.032799065898050046,-0.010895751131876985,0.007957034102529854,0.014116273042200334,0.01618025487794382,0.01228789306245833,0.01838388939413003,0.02825069435986361,0.03857289052689015,0.04385146601754698,0.048790318271690065,0.0548423594155962,0.06572994609478734,0.08274139946073697,0.09277647053026929,0.10112744273960037,0.09993544419502341,0.0818199791335672,0.06162901430023903,0.045584077610298125,0.05165095250113711,0.07759509625033882
25.0,-0.013736296309726061,-0.02805637284745471,-0.0384068112815932,-0.046511726596225995,-0.04964030801851284,-0.046111205191644154,-0.04923828467639568,-0.056286883111905266,-0.07467485363912581,-0.09618903502132636,-0.11015796160719442,-0.12132695980397258,-0.1338008317491129,-0.14090782931234894,-0.14209985447912404,-0.13676220911900155,-0.12477434552556252,-0.12346936352426884,-0.11011016145691438,-0.09440679885513263,-0.0698957020744267,-0.046034344948370616,-0.030957204923338432,-0.024252035688492248,-0.015091272942830207,-0.0030317841910567317,0.01711957284873638,0.052091112049239836,0.08914948365781589,0.13026966397390946,0.16451612117974068,0.19725089514554311,0.23056897571025478,0.25524298236200776,0.27779023218032933,0.30841207060190073,0.3327245497275987,0.35250167174017694,0.3606079306562359,0.3718415516970214,0.36902336786351697,0.36127597242834464,0.37207461506567036,0.38381627118606737,0.39318049546604567,0.40201312716757814,0.40487426420257955,0.41572492064105127,0.4426480835188128,0.47467280564654685,0.49937560267946296,0.5076154675348521,0.49528022291985146,0.49222969701910374,0.4706502546356625,0.4465258644917025,0.43620145125480886,0.41439884045500847,0.36990730536180577,0.3337142324690596,0.31246934328770387,0.2893465642378996,0.2504637464485339,0.19146268159619878,0.13094219542367977,0.07201103568620831,0.019850148732012577,-0.029181258434890743,-0.07305538936879159,-0.11692938979263359,-0.16577178255267017,-0.19409243043414023,-0.1986301293042815,-0.1962256789087416,-0.19187159249855926,-0.20415501793321988,-0.20302966697665376,-0.19057421383808865,-0.17187448196848348,-0.15672063646444412,-0.14982080206297815,-0.13469803781965978,-0.12287284228230932,-0.09996782995081965,-0.0701408851011849,-0.04196479770556931,-0.012672150302905642,0.02244033834204416,0.07236785506926953,0.11171813638863207,0.15106184663971398,0.18756474234212206,0.22939939012887328,0.27866607073645233,0.3354024711872429,0.41159787249303476,0.4748290229052294,0.4968485400101005,0.4998458971748767,0.48740982031164715
26.0,-0.03304725876539013,-0.048689819523196814,-0.015745074950603823,0.027614763491217317,0.0024494869335511434,-0.04361915899866422,-0.044912847580648244,-0.024488080198626028,0.007008379355681526,0.01632222124053822,0.008427166725458105,0.028622345163893448,0.06122832347301498,0.049597487762382764,0.029897173333989956,0.035454606852618996,0.04457042331299813,0.06315511344312769,0.04941387697087247,0.08130704862406424,0.12341536150455489,0.16383241930122328,0.16969812412478627,0.15581395042436902,0.14573441725561204,0.15189398064741705,0.14273163002265885,0.08392028621626692,0.06972749709185873,0.08325515962051645,0.09600034087594847,0.08284888740778362,0.07357827846756286,0.056735854968888624,0.01995024787526412,-0.01624909693251109,-0.024358813155182353,-0.022359134062807515,-0.07352159959499782,-0.13114931504082739,-0.16230058742795705,-0.16581832138902083,-0.1945428018129026,-0.24309868873351123,-0.28146880797105456,-0.29835752848268043,-0.30650294086520274,-0.32775551804233705,-0.3318926552025244,-0.3132660020378224,-0.2671198729143249,-0.24063861998139802,-0.24397904909335444,-0.21355511617962836,-0.16803093635998173,-0.1522927954448003,-0.16147578470634832,-0.15231016920534207,-0.15613098366758923,-0.15196142492199619,-0.16002859385588797,-0.17062605146947754,-0.1652283364722111,-0.1424029651615188,-0.1329000490692955,-0.15527826864196553,-0.1313208525068787,-0.0923645760953929,-0.0834603383899522,-0.10505326982064567,-0.07672846351466693,-0.024778731928541537,0.011534042712701423,0.0399991628785503,0.06950230735049001,0.09812387824570366,0.11689831139612415,0.10747141720786839,0.09504786849133172,0.0933948165273604,0.09099652631425788,0.08834815890802662,0.08026484544765078,0.07343014578064339,0.0936011425296547,0.10869499878446245,0.07930829345185866,0.05720477561993053,0.05959784861267969,0.07052821265248381,0.05527845842937282,0.028989986088186037,0.02023778744620214,0.04191943128935093,0.06322511901182759,0.04477750242314929,0.009903537844476272,0.0037385358443277417,0.003069999671126317,-0.018230928753738457
27.0,0.22131011933249153,0.1491249777450603,0.0936916374640447,0.07941616477691912,0.0551323631148184,-0.00447072622340076,-0.053398969420490106,-0.10132952373464368,-0.14994137470531332,-0.1762594682733648,-0.2154726718459357,-0.2503294954273531,-0.25842900795373247,-0.2519366425316722,-0.2353057870036304,-0.23290615774267298,-0.24537585572508672,-0.2744752086770719,-0.2535629679539295,-0.20386961886976468,-0.21247462188980004,-0.22547069325284497,-0.21505632338507993,-0.18279504136487537,-0.15747177683141306,-0.13864389978432523,-0.14017666743417048,-0.12336603691743923,-0.11399273466297198,-0.09614024399081193,-0.10072175550655799,-0.11783072025540979,-0.11385640279336028,-0.12057498877491549,-0.11051431957352055,-0.10741024901013996,-0.1086479470464391,-0.12207291521295384,-0.13499539157223034,-0.14711377019569433,-0.1375376075767474,-0.14532515908363056,-0.14077941150153656,-0.13973989955122715,-0.15521169759137612,-0.16364666383757934,-0.17179243553128967,-0.1826758746946021,-0.19056084080038727,-0.1852148465808405,-0.18632291771030865,-0.1828160437041408,-0.18172847229614975,-0.1711712561421274,-0.1683121969976067,-0.17989630989338334,-0.18710158251872652,-0.2056654616810841,-0.21194865798663437,-0.22467540344863415,-0.2521701723969243,-0.23733922547414663,-0.2200683746096611,-0.22999042577743192,-0.2307063759277948,-0.18482147256128437,-0.15575399408665824,-0.13108489184104247,-0.10165476418466372,-0.06632809655045638,-0.024903857332921865,0.01086494710144433,0.03379379386240078,0.038128579614388675,0.06903682961849722,0.08369472072715978,0.09246519887026612,0.08041109886688537,0.09313061836598763,0.10254365111941732,0.11585246743026573,0.11208268143819539,0.09515258623217615,0.10445244322571066,0.09085973084145602,0.05129282353455356,0.037301002940187476,0.026669200857687283,0.021212022446055835,0.0002040919577207933,-0.04168890396791876,-0.04845408501652266,-0.054949612140104395,-0.06815512238056422,-0.09046934465789036,-0.08865637749259901,-0.0849804898836286,-0.07775089570689449,-0.06055429755366902,-0.023912766805898034
28.0,0.0764705812655976,0.060398935730025166,0.048458971413139915,0.023251348281236563,-0.015143725758706464,-0.027978826740890222,-0.04492314644739477,-0.012350626968440647,-0.0449458392989466,-0.06019203471729851,-0.07622062729821473,-0.055326908809649855,-0.06457602265777608,-0.11564720719423704,-0.17333064957477892,-0.21545039022337245,-0.21733316756866133,-0.2286119477371436,-0.24903272469036516,-0.3152087684105174,-0.3231692357979221,-0.310080140855023,-0.2892232738394894,-0.27961771809212405,-0.26366998326039204,-0.2816746681053083,-0.25551944793388986,-0.22331635442414546,-0.2170977653489012,-0.2284192912735278,-0.24201424630333124,-0.20875711369633834,-0.1883054182505034,-0.17796437956426422,-0.16694584787639505,-0.16056892645635112,-0.12098411899783443,-0.08838184222086878,-0.06946826182369314,-0.06003846717970489,-0.026907399654170053,-0.012529133124691645,-0.0351416820612156,-0.05384773273090121,-0.10183383494958619,-0.10396001364225702,-0.1196927118244245,-0.11145266702357631,-0.0924613161696602,-0.06704225886581328,-0.04089332052188155,-0.04168137520878998,-0.028854029703022695,-0.001420462682023234,0.0259642941148875,0.03844265372412995,0.04749633701666607,0.03191424621965355,0.0011609171244327293,0.008966989744113453,0.026691661742204626,0.0614550741697947,0.08429209626222924,0.09000040713303539,0.10780033291089094,0.11734306622896146,0.12476538086410782,0.1277341388184468,0.1296836872588946,0.12466632997560126,0.12508850098463695,0.12138459482842223,0.14778167294518207,0.1377422805415365,0.14118557792231504,0.16679090683560985,0.17489414227385197,0.15126772275425396,0.12158606013478035,0.08916985106622541,0.05455597515110757,0.024568120190305326,-0.03207432887850615,-0.062387197387497505,-0.07529316001162292,-0.044556747673722655,-0.011400174611622243,0.002151785805454153,0.0388385079158483,0.09920133378807013,0.10703854158336937,0.09359860533917588,0.0744285128953614,0.07332007236278285,0.07164601623296891,0.0643280858792477,-0.019956398063048098,-0.05180004402103539,-0.07263639706049725,-0.07029966403802226
29.0,-0.014868110823931666,0.12113762425287154,0.18144057985925946,0.1384941103931229,0.12106178217320637,0.1091879446563068,0.07725779872308376,0.0561569121237034,0.023581891915214793,0.02221382981925668,0.022483164033197233,-0.004389248685125772,-0.038391947257536176,-0.048211622832678235,-0.06580968908472348,-0.09445774774661171,-0.12483346533218197,-0.1557397807188038,-0.18018774844302238,-0.19547964751725386,-0.19663835958439108,-0.17289586640597135,-0.13232453725589813,-0.0918772056848358,-0.05447275670983445,0.0012009902135011875,0.03136009619633286,0.06583346169415627,0.09517977229223647,0.09771131447534867,0.13857586960686918,0.1750087799303261,0.16393702311415195,0.13162873072319578,0.09444868679017247,0.036519084235810115,-0.0243490677409177,-0.09919064341764276,-0.16308462545255528,-0.19557234935138126,-0.20996668152007325,-0.22712013467766679,-0.2186709440747305,-0.17568009646772415,-0.12972239010734943,-0.08677152128387675,-0.04268663793182004,0.0072190178767714604,0.08709339394863382,0.16049634407533453,0.18906052687058114,0.22390720012179643,0.29548068003633887,0.35589234945559817,0.36967366225224196,0.34912160694577793,0.32453865415855604,0.29303632380710193,0.24602033389848202,0.1982205746041601,0.16518494980372117,0.13982265440105368,0.12149152991268759,0.11324630855146625,0.11188904141952999,0.1243834538541224,0.14763092674682776,0.1320112062307684,0.09388057221033233,0.09732700831855068,0.1320157347348223,0.13940193387566485,0.12322256351200583,0.11794196920963615,0.13767792443544613,0.16283572873645116,0.1711317144748854,0.14376631846372775,0.10095411599306536,0.07647500620073773,0.08653813792904527,0.10827848271027196,0.12835684215112966,0.16091943288670205,0.21579423072264223,0.2663415657924164,0.30148964337975176,0.327290100355156,0.30725438918737863,0.2310127619142004,0.17258902288580372,0.1433874155493713,0.11605637498450104,0.09698484222683358,0.06319099822869716,0.022817324626355624,0.007113389992331137,-0.0071687841706934725,-0.03839334353706774,-0.09338514150858931
30.0,-0.13490126193788768,-0.06939248688832006,-0.03910741294017416,-0.02472137811753792,-0.016390802076442446,-0.017565228998867814,-0.004241770999299083,0.023629648654026118,0.05670444891726903,0.13516700404677975,0.22571991417073195,0.280962518479151,0.3198899366754424,0.3515055811649597,0.3551715724470968,0.336762317384519,0.32284210153189297,0.3101850749547862,0.26443932164415934,0.13506518983960936,0.02791801471162355,-0.058487948871467854,-0.1754964983093104,-0.311057404452051,-0.4091658247548657,-0.43547701760719487,-0.4198816374235425,-0.4241049163044003,-0.4431233682011545,-0.4343148404522667,-0.43287112307000536,-0.4624106088935713,-0.4684068857807304,-0.4545662614582677,-0.44464074698116046,-0.4181327396560814,-0.3702248977589726,-0.3013293247746128,-0.23439806924425804,-0.1758966484349483,-0.11367139399277444,-0.0824704312855152,-0.0726113808184137,-0.04686561333521676,-0.020884384312853534,0.009944015492755299,0.04922258276643956,0.1024777105482932,0.2109051620951716,0.3528984926980469,0.42963173694535456,0.4338589253609806,0.42177547619829997,0.41585252860547023,0.3992326267439111,0.3579241626064411,0.28685703564521453,0.21306242402706294,0.13200587292014013,0.05589802600726806,-0.00047964943751426154,-0.04329104809644923,-0.08693070874805342,-0.11733929953222878,-0.11163624611051425,-0.08826645644782395,-0.10098493542501422,-0.14035639257532656,-0.14815674634138523,-0.12598548067879384,-0.1445953982090517,-0.18086243603698718,-0.21690950472578016,-0.2667057984030994,-0.3166201955430944,-0.3154360849044812,-0.2867402130864659,-0.24724855801257797,-0.20238556452307,-0.1258614896286698,-0.044100061343947915,0.020665555764023086,0.06094243879451774,0.10332249836048138,0.15963076502677728,0.20606297310906133,0.21786857131920268,0.22643483331291223,0.284959517924383,0.32333073673500073,0.25989033886460744,0.16522449011638943,0.10211372944580006,0.0721723544352128,0.03436279974887012,-0.013179609391175441,-0.030430606172987464,-0.006735310199878097,0.019740262350505952,0.05057151707237391
31.0,0.41916510064647033,0.5024158060216106,0.48849606617357083,0.49239491526138507,0.5498236661708765,0.6101896316490875,0.6376239706232696,0.6189775651389104,0.5838734979125697,0.5263720358537943,0.467485389618238,0.41056447947281605,0.3451578401550992,0.2750254323858642,0.2172993564008261,0.15967822793555314,0.07703875867149582,0.003887988358347107,-0.0482642249431592,-0.09314201700864154,-0.15357748768664037,-0.2352053007397969,-0.30524850929427505,-0.3433515762412487,-0.355578692888814,-0.3598480288553784,-0.39303067261950825,-0.4392843673701658,-0.46696544099989445,-0.47804262157014266,-0.46801151138835506,-0.4550191891739269,-0.46826009812105096,-0.48095225644252465,-0.4786523629017036,-0.44477171321962017,-0.39486241682464596,-0.36896836694558055,-0.3283955854294594,-0.2831364804845422,-0.23779153768654035,-0.19327171750291064,-0.13769297807267855,-0.06844048494922131,-0.0051730300103499435,0.03836252297529744,0.0680378180105988,0.1236919684089722,0.2060211652087695,0.2826422050434694,0.32010943905979294,0.3435126243525191,0.36210317196188435,0.39816769753327536,0.4378157543054492,0.4571771054271687,0.4359343481972163,0.4021781707774246,0.3797481058047789,0.34913403277931887,0.30634209356200526,0.27691413353827116,0.22970446061092473,0.16859619556961514,0.0939450060980125,0.0225117238261833,-0.025252180511778848,-0.06260378311243193,-0.09895514702019692,-0.14244731509210526,-0.18783387547168584,-0.22412655407680923,-0.24100901811102654,-0.24149546230983643,-0.24658473180808568,-0.24307701620655175,-0.2257604635185443,-0.21141632882725853,-0.20422430621684004,-0.19881184359116458,-0.1855419749996291,-0.1625435204543883,-0.13695195533602303,-0.09740424718567993,-0.04480424041109572,-0.007042260440991837,0.018076677989295572,0.03355411654826977,0.06113514774502741,0.11477933384923751,0.13403743874342167,0.13720564222952025,0.15340622086182676,0.1765760703747996,0.1910577614438558,0.1352382726630924,0.10193685783998373,0.14878930223212997,0.157396936674228,0.11076937761404286
32.0,0.28830686719576337,0.2575900161830389,0.24171258554488595,0.23697674136489516,0.2265580057336605,0.20087417063630408,0.16514516978147928,0.11009220257052146,0.06300870769006578,0.025065901378301975,-0.030387992229532847,-0.07118911788953722,-0.08877283831865117,-0.11086544603620518,-0.1403734400066936,-0.15818245719791788,-0.2570270329050017,-0.3642713387622424,-0.3700415611477114,-0.4937340333303092,-0.5213587909712978,-0.4924862254097458,-0.4568072754090739,-0.39530005488365383,-0.3547004877153252,-0.2724114207792594,-0.18987824956118932,-0.13523365047215416,-0.09315834423366337,-0.03706421042130646,0.02155714036854242,0.07849411201876122,0.09402901602142899,0.11706340414762346,0.13231059177192034,0.14441002161565,0.14259426475763018,0.14615871540203507,0.15462817707688434,0.16408805016491626,0.1459368695181898,0.09600881977838889,0.0036889107837771544,-0.010846752907225853,-0.003509128736757694,-0.03699192189619366,-0.01801724494843084,-0.02573711223155476,0.003049652315448242,0.043523467777358896,0.06653369677594222,0.08696494238671984,0.13312288427177701,0.13114189637268445,0.1084180170124535,0.045548415350938155,0.002294478386142922,-0.05197883599780383,-0.11819532840475928,-0.16372952162019686,-0.23732274562342304,-0.2732939721193591,-0.28997107802353217,-0.32111349586403787,-0.34737524902482236,-0.35100600387990855,-0.3444590933880708,-0.32576066976795093,-0.31863554038127595,-0.2894637360240941,-0.2538409455259542,-0.19231527613814056,-0.12740761199694633,0.0010860546124168433,0.043718026538961896,0.1377384498974949,0.16578726319882556,0.18639724231820645,0.21671522389533332,0.2383575319494647,0.24522925785241248,0.23879688700079724,0.2180485482482778,0.18142394217652646,0.17323124639121826,0.16693466132611473,0.14925174326504753,0.1484529315591898,0.1307303248418304,0.1260317315315444,0.10706809445324354,0.10585543779429114,0.13052864752060794,0.14241155031023023,0.17010629869868024,0.1946674536208601,0.2328773226257901,0.28057405662580015,0.3213484458405741,0.2937798639830007
33.0,-0.4073898265559685,-0.4504384008179679,-0.44360010001115147,-0.3647487110205437,-0.30075728034349325,-0.2507335138193971,-0.19157979895829536,-0.12718548464037868,-0.07196291015532938,-0.036141214470805594,-0.02204832451687036,-0.04384520015087366,-0.026973085332831128,-0.0707964626624235,-0.04063905913453541,-0.043195047760692044,-0.03342837292245862,-0.039432374878339435,-0.05299178367315486,-0.041251639707603815,-0.025923931542493946,-0.037124366069220524,-0.0786782757928407,-0.10348296994507897,-0.11355384015137678,-0.07808264344305602,-0.08606259163777662,-0.04191512093074616,0.000667889686906959,0.029936180855051404,0.04801684179392705,0.015109940675815354,-0.037612358642064164,-0.017417815227107288,-0.009629030724363585,0.0143778769783533,-0.023798073594628752,-0.0185986272367821,0.041357662177842654,0.0845880551187416,0.12446327180243813,0.1621656702809574,0.18483849126236426,0.20718492434482152,0.22229584847835088,0.2618347758092719,0.2947443319907848,0.314787887955682,0.31763901045520276,0.3187463471017617,0.33943066378041664,0.34876935985044816,0.34645926308148073,0.3165654712962982,0.27162258518159405,0.2322403151106863,0.19161519714060107,0.15361838578567363,0.11482240853164291,0.08193217013293712,0.05111013170117047,0.013298020190523762,-0.030764330483157958,-0.07382101155528197,-0.12110619573636179,-0.16069637909273288,-0.21253783621855074,-0.2347418972568507,-0.2487879584869515,-0.24728942657339972,-0.23095160129248496,-0.22099954109521747,-0.18531737179696248,-0.18084667519039185,-0.1793311237110873,-0.17918051758999093,-0.18466288734082922,-0.18473861385216261,-0.19193467572317013,-0.1762017003264626,-0.14076399893456443,-0.09348965089974579,-0.04977254289775854,-0.014507529497841488,0.03332935503850968,0.07895415806770592,0.1170209781923745,0.11808018905283273,0.13286496447644117,0.14114688055043956,0.1507775027149696,0.13917288980639117,0.10818892378479116,0.10414288683943543,0.1113106364383953,0.12089671765048894,0.10588748203028538,0.07232373542838522,0.02869609017708409,0.003895101968647542
34.0,-0.17086589904414823,-0.1853425022255152,-0.19614219298097402,-0.15662477498160157,-0.13460990587706875,-0.12338655376501315,-0.1209634435785352,-0.10780186502235939,-0.08993296278757376,-0.06783695432067792,-0.01826387666198879,0.03758580700534752,0.02651267812724906,0.07667450084084472,0.13133504862190948,0.11535561440825806,0.08782926427963261,0.0694661360591132,0.06770197408621789,0.06282250835556698,0.03848589615921692,0.009004337806713171,-0.015059201424025778,-0.035205435558056365,-0.05488784218811294,-0.08226190393099257,-0.11097710050837525,-0.11306104012168808,-0.09620921665251274,-0.07762008988191176,-0.07824165831337351,-0.08299650170383205,-0.07927614581368908,-0.052106723920887055,-0.03248889946347398,0.004851096018259972,0.03174687271052107,0.05081092865447553,0.14723707321309715,0.1887866740567568,0.1724062638684194,0.2304082677295836,0.3451904659028468,0.4009511464905224,0.3703128381544516,0.3378377226177763,0.3342209700661723,0.3400897064661633,0.3328260085384694,0.3309574663407504,0.30234333484686615,0.2880302971694958,0.262603094721022,0.22642214058058346,0.1944653813886397,0.15537453418265385,0.09731584138338863,0.048131609983462116,0.014020948898099463,-0.02535611887461274,-0.06080421385248053,-0.07916587495540198,-0.09171188769988296,-0.12260441818736298,-0.15536873324037576,-0.18751408154967422,-0.20753722213935152,-0.22392094403871854,-0.24948300460978223,-0.2720315173598268,-0.2902842435239995,-0.310164474560208,-0.30760738692600403,-0.291525648471783,-0.27874962428456534,-0.26171237949765036,-0.23895197150597433,-0.2091940735344479,-0.18260704153875149,-0.16607203963271838,-0.1559259779534579,-0.13274468334064668,-0.09998765399281472,-0.09199183605750776,-0.11614294079807316,-0.1537383962121469,-0.1779086541104402,-0.19567615467241944,-0.2270141474011112,-0.2611451976798317,-0.2882448639305048,-0.31998914947663554,-0.3590164237618609,-0.3847102031189303,-0.38561347277710967,-0.38428001907494297,-0.3886896239077587,-0.3733498799171371,-0.34635496389986253,-0.33125895703397157
35.0,-0.13522838341066565,-0.18188837275822442,-0.22145571102571665,-0.23407534936828017,-0.23944387166792794,-0.238068738491028,-0.2352633692342935,-0.24602724965666944,-0.23340365629122953,-0.2028522953496147,-0.17796370528614056,-0.16862510640990783,-0.15907962355741137,-0.13375755538409598,-0.09107845564544326,-0.06192854136656186,-0.05213579950962871,-0.03979429745377161,-0.020835487674565643,0.0037589098094088836,0.020167666665037626,0.024794873962557452,0.02350757666376183,0.01515096397855974,0.0037527111585943015,0.008387124045547008,0.01876581592960482,0.026675743659387505,0.033485292041094815,0.033091210001350804,0.03540425791735587,0.051529762968052985,0.0774101745009101,0.10642047667116396,0.11491271629439725,0.11659972792291048,0.1650275052285009,0.24302550336980958,0.29842868278796286,0.33015070566027,0.34497383760334344,0.3499168515712903,0.35747995863146104,0.361413595105806,0.36307779818961533,0.38244394312922636,0.40003761507486923,0.4047733448235743,0.39408699871777636,0.35691822422946645,0.30665287711251715,0.2559402213115965,0.23303548944304747,0.22791947467541984,0.22977082964255796,0.17901450975056432,0.09609527146767088,0.03129685436671176,-0.009071162827666655,-0.0445296364566764,-0.06269172659221578,-0.0534526350314943,-0.043602428202602475,-0.04231128558610733,-0.07274828312594689,-0.10602921516026807,-0.11166793267762339,-0.08916418282235067,-0.06259384955760146,-0.05098445615607413,-0.06828307953958491,-0.07005257457252045,-0.0595248821179881,-0.07474464005537765,-0.10352200808496148,-0.1265844142842287,-0.12456196275644527,-0.1400253375984122,-0.18143113378517683,-0.2160603997571244,-0.20371599407786697,-0.17886557767847616,-0.20115840538409846,-0.22729763042940312,-0.24544430069758422,-0.2309106057284629,-0.20749348171168397,-0.2030562987382978,-0.22098778125428536,-0.24456987734039262,-0.2526125423046702,-0.23870320392503186,-0.24398629840797023,-0.26597923727457096,-0.2840196207775374,-0.2669784704074266,-0.23459585876394976,-0.21484226091595982,-0.19846467944532367,-0.16227707474902023
36.0,-0.11820373469214589,-0.08878253733345044,-0.07245680369492559,-0.05902972794631232,-0.06060538339893095,-0.06264637343847486,-0.038946102321120425,-0.03213521893721701,-0.08137118588592204,-0.17159993886616734,-0.30004331123404476,-0.38954598352961284,-0.3835283177331616,-0.31341197313020813,-0.21784364409372048,-0.1410629010851907,-0.06633599591911156,0.024356523725291093,0.11051966399591162,0.14156115051428722,0.04449592380217054,-0.0482345202089875,-0.07365529692737961,-0.09363012733226682,-0.11386443710149702,-0.12644739893068543,-0.12073143796213788,-0.10105695999131763,-0.07527937909912333,-0.04992729020702736,-0.021596519882670282,-0.003693690407997659,0.011216418483046707,0.028204696964973464,0.037914078023017675,0.039461638479092176,0.02496506306818254,0.0018163264983346477,-0.014037821339444324,-0.024154233871821165,-0.022949486553759696,0.001830631932954537,0.03009758833561925,0.08439362182403796,0.16136173225073194,0.22488747921230987,0.28763954569189076,0.3042175478501995,0.3055847755803616,0.3230198570154422,0.309073927071215,0.27409232668919375,0.25054715817215,0.23673776290819198,0.22858453682154445,0.2149301703513702,0.19291758661253677,0.1813592089861262,0.1755062404709333,0.16097205154410515,0.12909943479810734,0.09609264783306425,0.07554844832422934,0.03668550903090834,-0.025300441818089096,-0.07945394161408384,-0.12915018699374775,-0.1885753499577476,-0.2555283334715545,-0.32403371014029936,-0.37145030850747757,-0.37485162861374904,-0.3381683525092584,-0.2661304191124519,-0.1650622986359672,-0.07332563155902005,-0.01874527631233627,0.008097719708500204,0.01340951014387453,0.00945723759248739,0.0002003017691183821,-0.008857522332152304,-0.023105501549010907,-0.04275422326506788,-0.053567315847300734,-0.05640857678531231,-0.04730523598683698,-0.032209670683413405,-0.010180251129239285,0.028661572991614963,0.061886873665733845,0.06631584064144619,0.05789532844642342,0.03889827141223562,0.006407656597410231,-0.038448185949751856,-0.08328875175387021,-0.12915308136316428,-0.18280004063003585,-0.2148410560270336
37.0,-0.035718912522595056,-0.08128081270517727,-0.10297520257818463,-0.10224010802034657,-0.08276288140510361,-0.09151794908542557,-0.09969519784872491,-0.0812528197608924,-0.041064250292825975,-0.03761782526706021,-0.0027552279831187113,0.06520021375408466,0.10468651552807827,0.07192396540791039,0.014354128204692755,0.00947438497925331,0.07889044610273599,0.1142284488085518,0.06676391713154652,0.019643749764554318,0.02072479045114999,0.0655718844586004,0.14376181241391944,0.20090961289719247,0.21758356534807813,0.21224048546917904,0.1510173274263757,0.10028673230710958,0.13619867496978486,0.17812404106855534,0.1620491864513329,0.07013512112534202,-0.004787070738224806,-0.022793933175478197,0.025935106910049084,0.07463099503612063,0.06964650860018895,-0.01188499309899918,-0.11437051343026158,-0.1287128130619759,-0.0972340801875401,-0.07582495495492167,-0.051928819069856455,-0.09180522228577197,-0.11418936087462236,-0.10977143859995715,-0.06386911356636864,0.007463077687425284,0.06091727313694834,0.10051681634011861,0.1062207533832002,0.0781091016903627,0.0862844034443963,0.14509201804669905,0.22632403901865822,0.24557698939832937,0.2054781391801881,0.12569239518239358,0.11659627899749289,0.15935009865714844,0.1588808067396839,0.10750979792079829,0.03787797718355255,0.008031480527875999,0.008134591966736894,0.021214207361605418,0.04833614347479608,0.06750164120355209,0.09874855375735377,0.08712388434210654,0.06576099729670216,0.07784008627344213,0.08885347769033038,0.07287431852092424,0.05902017459669015,-0.005659396383788726,-0.044367692051460676,-0.02192991451239516,-0.009036861756221997,-0.012608517959881209,-0.014624421035141133,0.02402018250423107,0.0793994527189883,0.09157791678722738,0.04769510333664092,0.017063034034380222,0.0370772132750886,0.04087008495440279,0.014146366783795725,-0.041866633194753686,-0.02911690381147619,0.025792608697357226,0.03397026988336833,0.02305392781898695,0.029739461414209918,-0.01767392874868172,-0.04020283256076599,-0.023421127514429176,0.025933084956618013,-0.04140689440520349
38.0,0.10124693247896235,0.0476272123598169,-0.03032150799451597,-0.08622342708424105,-0.15116838766413732,-0.178461712022334,-0.19381856333332434,-0.21459374054853284,-0.2473379173559969,-0.29343245866001205,-0.29566625666621044,-0.2774493027736341,-0.24510096458200945,-0.2565814309164904,-0.20476446101874976,-0.09622276888099945,-0.04666830852549331,-0.04879675329214631,-0.035588575555855005,-0.017974122983450167,0.0017268467108496124,-0.019859876647496957,-0.033166497371378716,-0.05513170801104747,-0.04868594779201418,-0.04436052169883728,-0.059054210911406634,-0.08131567277916095,-0.10939902647149756,-0.13504423075379648,-0.15599470637815444,-0.16347964337483473,-0.1608808044222435,-0.16785760467827984,-0.16417048352500554,-0.14705983499849945,-0.1438044138448088,-0.13562599408144319,-0.14141425492566229,-0.13005432720331378,-0.1309167065660732,-0.1425893934093357,-0.1409164030883453,-0.1476051929183773,-0.15866610627842817,-0.15653253451204685,-0.14931826702632797,-0.13205668104439394,-0.09470368996169222,-0.022373916966410865,0.04739930841817478,0.10452026678497302,0.15937304326348567,0.2194895337563073,0.27909037556815286,0.28340308575010503,0.282260834596644,0.26525967686896945,0.23442619011402516,0.20944766076189594,0.17289270333319368,0.16002012767151155,0.15827706370731012,0.14908621072116046,0.15385868387795562,0.14292563997212196,0.1278880819945347,0.11016527160008845,0.09927184812936629,0.07537415592299741,0.08606744614455755,0.09805823424327983,0.11413485102433224,0.16106778708868746,0.2104897633724431,0.24437945637471845,0.2614072260169832,0.26840539625855525,0.2742989726264041,0.2332455787397021,0.1720742875743306,0.11592351528707213,0.07339557725446348,0.04694251907259445,-0.003450810254947748,-0.020799465405432968,-0.018868668511137218,-0.00442389457228375,-0.007013817506234449,-0.02821353416117849,-0.018152260933004878,-0.010319414897821604,-0.016275901500060145,-0.03270949473332107,-0.04733313201124425,-0.03599016114224886,-0.01363054040299067,0.030082547349268116,0.09398294050497473,0.15195418840029062
39.0,-0.12493620391190256,-0.12551629970660078,-0.11920616519325494,-0.11145823018634629,-0.10288288187216156,-0.10775139348727253,-0.12274507827889806,-0.13288831218054595,-0.13940622880198722,-0.13743183525784974,-0.12534317897870806,-0.11135223470180453,-0.07874154266573938,-0.02564055143124823,0.002381597959000688,0.014211101660789278,0.020541691259839436,0.01310395167884136,0.008122623007184014,0.019312587699006716,0.03674120427509658,0.05553650681357442,0.07729755707637391,0.09660155684809912,0.10981144403920091,0.10848235843238802,0.09601824703620698,0.09268133620198626,0.09440888274816668,0.1000989601053178,0.12789089432993378,0.15333180666452217,0.1651506693667433,0.17544205920872927,0.19810879095375433,0.2243756756227419,0.23300225100042293,0.24706943257379363,0.2596507088008862,0.27153682182701727,0.28496539946277544,0.3107698190902132,0.3147936364290121,0.3133640806651609,0.3013688791357965,0.2837637149029407,0.2683028278032242,0.26046174700306834,0.25766376396021956,0.24757948083486678,0.23762484492136163,0.23698912523935747,0.2416642854681286,0.23730811229005128,0.18839942798247605,0.11586268096188827,0.07541078067036648,0.055938981381965465,0.032998377789005426,0.03338209913193815,0.03752410070802058,0.0297057905548574,0.027022653032882593,0.035069166602592364,0.05165023198585007,0.05773047316056747,0.04020523041116994,0.023484400354720544,0.03795061330159826,0.04761951614961256,0.04412777389159024,0.03283900686738691,0.0036465373332789574,-0.03566130823523014,-0.08347731704956107,-0.13726876956850523,-0.186202945752136,-0.2217802071811972,-0.250510461289943,-0.2717493081840369,-0.2843654162319476,-0.2882939668983545,-0.2817869466866106,-0.2694957588135536,-0.252718403442249,-0.22503856095253666,-0.19134762928771057,-0.1583413133835654,-0.1361569945829216,-0.11019230648285426,-0.09052289184953345,-0.10319717991628881,-0.11314360894568685,-0.1556595352732078,-0.17656218838303347,-0.16183326331137013,-0.1234125071734238,-0.08022611356054732,-0.034441107357324405,0.01367784996160921
40.0,0.062279224984009715,0.03884818465388331,0.015020871554476477,-0.004168060279772912,0.005230241716477254,0.03727227362958126,0.08756239617254026,0.10175539732166057,0.09361478016950744,0.08145956041532917,0.03017147440878322,-0.025377048468559496,-0.06944138022349229,-0.08650470075982297,-0.047957912616204086,0.012786316338611547,0.048097135612740635,0.04634776155695885,0.032662309408582224,0.02064926848543816,0.017770085765468416,0.0108506216897525,-0.003405472399373891,-0.02182902447863361,-0.027108512096004254,-0.027209979304102884,-0.005614640459877403,0.03487861535497058,0.05221255180920838,0.015746971254927685,-0.04253151087606893,-0.04001125702197004,-0.011105908382013339,0.0075479582673813215,0.004787492903309349,-0.008962834581614416,0.005810523586320251,0.03475280663612346,0.06707027892464702,0.09395826257587465,0.1110689612610904,0.11912572013304049,0.10996752009685745,0.08065046969017692,0.029657437235743173,-0.04865482216639302,-0.13505960915428813,-0.17929130004562144,-0.18641671424097156,-0.1862710375470195,-0.18572256183654426,-0.18882330994193813,-0.16321766714340677,-0.10797921513849754,-0.04886074679952233,-0.0010042109680072383,0.043344804595256185,0.03822887361683338,0.030002828164802625,0.05531128854932719,0.09682707846698263,0.12478612193128336,0.12393309627328727,0.09063197612118418,0.03907363418542321,0.004729643401873277,0.017824193635746315,0.03803260038521226,0.03914777635632518,0.012670371734449343,-0.01960487314422788,-0.03369098991201642,-0.029589164808225397,-0.04966879165639948,-0.04100076118644773,0.005741031855098114,0.023206571905169362,-0.0023386277998973855,-0.03633784283379935,-0.05411520530776905,-0.037408278805001964,-0.03061732742123692,-0.08876838316926669,-0.09343280222618512,-0.06898862574186648,-0.015519653864032321,0.012951111170948644,0.06888211914713223,0.0993063554239693,0.09720155996940297,0.08218124838034992,0.0694600517060124,0.08456125213374306,0.16194832683703717,0.24340998041401493,0.2635160377934078,0.2300257949281571,0.20361683803731465,0.19021308281425742,0.18915636185612245
41.0,-0.4185528163940267,-0.4062917232988321,-0.39923816204938783,-0.3776801094780192,-0.36278330098465755,-0.36447664452898404,-0.3484768258779949,-0.30181405173440556,-0.23810487811106165,-0.17038016369286693,-0.10299492684726315,-0.048797009685346115,-0.02066849218832084,-0.024420196572974937,-0.037806115969634395,-0.043575604269349304,-0.04344775806957782,-0.03099552209044456,-0.0080904769865727,0.03659451265643936,0.10017290284776431,0.1553345858323918,0.19159241758705434,0.21478707409635608,0.2237459974946468,0.215602769100788,0.20894945733990666,0.20373656258500117,0.19999436395116807,0.20944317436799395,0.22398326087587286,0.25436554882406737,0.2909194210170909,0.31115915984415626,0.33547176995212635,0.3540020820099686,0.36516283043157344,0.39843666801173255,0.44546308881101687,0.4809303292592798,0.512773617827094,0.526268291614748,0.5133068607396797,0.4920913970731212,0.47186449473479025,0.44858488530767177,0.4276797715717171,0.41604975271840533,0.4253208658095133,0.44887520591415164,0.4671119177673822,0.48968142716469754,0.49626804604179425,0.46591095748051625,0.41594119382050304,0.3657387890325813,0.307404397661393,0.2575398732972253,0.22786315033378934,0.2029420246029197,0.18487359549735874,0.16755838358244576,0.14516461580900275,0.11413689915391541,0.07995404528186473,0.0411568119364985,-0.009482757407634056,-0.06954506748341023,-0.12802872443331065,-0.17135158996622213,-0.20049588880069763,-0.21270117371573832,-0.20970992365148725,-0.19821192750866806,-0.17362696858186233,-0.14821567327801416,-0.13321356613004123,-0.1255683869459337,-0.12360990581676283,-0.12750501137415055,-0.12490399759445622,-0.10418945298463439,-0.07686421462958938,-0.05261329480644642,-0.026519312108277435,-0.0021511566792705183,0.010518490203639971,0.01931890371812121,0.01964779535093798,0.008439036348604012,-0.013087767119576108,-0.03834097769976273,-0.047580067135180495,-0.04593086830076119,-0.04602136569411217,-0.04350902864236445,-0.027871499139073153,-0.0027299047366408148,0.01680345187137179,0.02886686079117301
