0,1.1725,1.5611,1.5937,1.1729
0.1,1.1624,1.5385,1.6586,1.1876
0.2,1.1523,1.5159,1.7234,1.2024
0.3,1.1441,1.5149,1.7618,1.1828
0.4,1.1359,1.5139,1.8002,1.1631
0.5,1.089,1.4824,1.8142,1.1795
0.6,1.0419,1.4507,1.8281,1.196
0.7,0.98856,1.4144,1.9056,1.1801
0.8,0.93518,1.3781,1.9835,1.1641
0.9,0.91089,1.4035,2.0334,1.1885
1,0.88685,1.4295,2.0831,1.2131
1.1,0.89507,1.4445,2.1015,1.2256
1.2,0.90362,1.4594,2.1196,1.2379
1.3,0.95534,1.4497,2.1174,1.2229
1.4,1.0076,1.4397,2.115,1.2077
1.5,1.0595,1.4761,2.0294,1.1815
1.6,1.1115,1.5132,1.9425,1.1553
1.7,1.1517,1.5296,1.9172,1.1455
1.8,1.1918,1.5456,1.8929,1.136
1.9,1.1977,1.5808,1.8707,1.1319
2,1.203,1.6164,1.8485,1.1278
2.1,1.2589,1.6631,1.8347,1.1364
2.2,1.3159,1.7101,1.8211,1.1452
2.3,1.346,1.7428,1.7874,1.1547
2.4,1.3755,1.7752,1.7532,1.1642
2.5,1.4536,1.8315,1.7222,1.1491
2.6,1.533,1.8884,1.6913,1.1334
2.7,1.5345,1.8887,1.7124,1.149
2.8,1.5337,1.8874,1.735,1.1654
2.9,1.5365,1.8873,1.7655,1.1645
3,1.5394,1.8873,1.7964,1.1631
3.1,1.5951,1.922,1.7836,1.1663
3.2,1.6525,1.9578,1.7694,1.1696
3.3,1.6438,1.9508,1.7768,1.1826
3.4,1.6329,1.9424,1.7849,1.1958
3.5,1.6279,1.93,1.7756,1.2056
3.6,1.6232,1.9174,1.7656,1.2153
3.7,1.6293,1.9754,1.7871,1.2146
3.8,1.6359,2.0362,1.8099,1.2135
3.9,1.6307,2.0044,1.8352,1.2244
4,1.625,1.9688,1.8608,1.2358
4.1,1.5995,1.951,1.909,1.2373
4.2,1.5731,1.934,1.9583,1.2384
4.3,1.6108,1.9228,1.9364,1.2189
4.4,1.6514,1.9118,1.9112,1.1984
4.5,1.6865,1.9377,1.9172,1.2062
4.6,1.7213,1.9653,1.9247,1.2153
4.7,1.7462,1.9842,1.9101,1.231
4.8,1.7705,2.0027,1.8945,1.247
4.9,1.768,2.0167,1.8185,1.2448
5,1.7641,2.0305,1.7394,1.2416
5.1,1.7106,2.0134,1.7297,1.2321
5.2,1.6543,1.9946,1.7238,1.2221
5.3,1.6738,1.9904,1.7595,1.2467
5.4,1.6978,1.987,1.7975,1.2732
5.5,1.6702,1.9862,1.807,1.3149
5.6,1.6395,1.9857,1.8148,1.3576
5.7,1.63,1.986,1.8773,1.3372
5.8,1.6218,1.9863,1.9432,1.3129
5.9,1.6279,1.9372,1.9409,1.3373
6,1.6348,1.8849,1.9341,1.3649
6.1,1.6349,1.9495,1.9284,1.3677
6.2,1.6345,2.0219,1.9228,1.3689
6.3,1.6797,2.0356,1.8913,1.3512
6.4,1.7281,2.0453,1.8579,1.3323
6.5,1.7995,2.0594,1.8511,1.3382
6.6,1.8725,2.0738,1.8462,1.3459
6.7,1.8603,2.0765,1.8103,1.3475
6.8,1.8417,2.0785,1.7721,1.3487
6.9,1.8334,2.0275,1.7425,1.3376
7,1.8259,1.9725,1.7136,1.3257
7.1,1.7701,1.9963,1.7642,1.346
7.2,1.7105,2.0263,1.8211,1.3688
7.3,1.7069,1.9848,1.7994,1.3372
7.4,1.708,1.9375,1.7712,1.3011
7.5,1.6967,1.9521,1.7423,1.307
7.6,1.6842,1.9718,1.7134,1.3165
7.7,1.6729,1.957,1.7292,1.3181
7.8,1.6617,1.9392,1.749,1.3191
7.9,1.6281,1.942,1.8296,1.3222
8,1.5925,1.9466,1.9158,1.3255
8.1,1.6146,1.9488,1.9549,1.3378
8.2,1.642,1.9508,1.9898,1.3508
8.3,1.6947,1.9568,1.9497,1.3347
8.4,1.7497,1.9632,1.9026,1.3159
8.5,1.8013,2.0123,1.875,1.3323
8.6,1.8526,2.0655,1.8492,1.352
8.7,1.8185,2.0676,1.8251,1.363
8.8,1.7759,2.0646,1.8011,1.3731
8.9,1.7441,2.0633,1.7912,1.3663
9,1.7133,2.0621,1.7827,1.3579
9.1,1.6838,2.046,1.791,1.337
9.2,1.6545,2.0282,1.8011,1.3146
9.3,1.6409,2.0264,1.8172,1.3275
9.4,1.629,2.0263,1.8339,1.3441
9.5,1.6306,2.0119,1.8929,1.3736
9.6,1.6336,1.9959,1.9565,1.4046
9.7,1.6306,2.0027,1.9722,1.3767
9.8,1.627,2.0122,1.9827,1.3425
9.9,1.6437,2.0376,1.9755,1.3534
10,1.6626,2.0649,1.9665,1.3692
10.1,1.7109,2.1105,1.9567,1.3471
10.2,1.7629,2.1584,1.9469,1.3203
10.3,1.7378,2.141,1.914,1.3386
10.4,1.7032,2.1156,1.8783,1.3623
10.5,1.6994,2.1353,1.8687,1.3493
10.6,1.6993,2.1605,1.8624,1.3319
10.7,1.666,2.1657,1.8423,1.3053
10.8,1.6286,2.1684,1.8205,1.2777
10.9,1.6302,2.13,1.8305,1.2981
11,1.6365,2.0865,1.8445,1.3244
11.1,1.6622,2.0868,1.8205,1.3237
11.2,1.6906,2.093,1.7915,1.3195
11.3,1.7129,2.1296,1.764,1.3174
11.4,1.7344,2.1702,1.7368,1.3157
11.5,1.7539,2.1631,1.7033,1.296
11.6,1.7732,2.1495,1.669,1.2739
11.7,1.7567,2.1242,1.6556,1.249
11.8,1.7354,2.0973,1.6451,1.2237
11.9,1.7296,2.0772,1.6467,1.2414
12,1.7261,2.0581,1.6501,1.2655
12.1,1.694,2.0345,1.6531,1.2626
12.2,1.6577,2.0102,1.6561,1.2558
12.3,1.5971,1.9918,1.6842,1.2672
12.4,1.5328,1.9743,1.716,1.2813
12.5,1.5409,1.9837,1.716,1.2781
12.6,1.5597,1.9971,1.7112,1.2723
12.7,1.6243,2.0223,1.695,1.2917
12.8,1.6957,2.0492,1.677,1.3147
12.9,1.6541,2.0332,1.7136,1.3079
13,1.5943,2.0103,1.759,1.2963
13.1,1.6281,2.0016,1.742,1.271
13.2,1.6769,1.9952,1.7149,1.2434
13.3,1.6877,1.9797,1.7666,1.2651
13.4,1.6923,1.9627,1.831,1.2949
13.5,1.6822,1.9339,1.7869,1.2596
13.6,1.6697,1.9031,1.7253,1.2138
13.7,1.7022,1.9401,1.7256,1.228
13.8,1.742,1.9882,1.7359,1.2519
13.9,1.7825,1.9963,1.7233,1.2523
14,1.8232,1.9975,1.7066,1.2485
14.1,1.8241,2.0009,1.6682,1.2453
14.2,1.8181,2.0047,1.6259,1.2422
14.3,1.7958,2.0034,1.651,1.2459
14.4,1.7706,2.0011,1.6878,1.2508
14.5,1.7084,1.9677,1.6762,1.2567
14.6,1.6397,1.9288,1.656,1.2627
14.7,1.5996,1.9059,1.6809,1.2696
14.8,1.5645,1.8856,1.7137,1.2765
14.9,1.5132,1.8393,1.7378,1.2614
15,1.4589,1.7879,1.7602,1.2421
15.1,1.4047,1.7585,1.8187,1.2268
15.2,1.3506,1.7332,1.8839,1.2123
15.3,1.2623,1.701,1.9066,1.2158
15.4,1.1676,1.6675,1.9212,1.2228
15.5,1.1362,1.6298,1.9272,1.2197
15.6,1.1169,1.5914,1.9315,1.2147
15.7,1.0934,1.5527,1.9281,1.1947
15.8,1.0691,1.5139,1.9232,1.1717
15.9,1.0278,1.5094,1.9302,1.1774
16,0.9829,1.5119,1.9395,1.189
16.1,0.96596,1.5144,1.9342,1.1738
16.2,0.95469,1.5169,1.9259,1.1532
16.3,0.94593,1.5236,1.9138,1.1548
16.4,0.93768,1.5311,1.9008,1.161
16.5,0.9201,1.538,1.8921,1.1526
16.6,0.90061,1.5448,1.8843,1.1414
16.7,0.88779,1.509,1.8469,1.1224
16.8,0.87642,1.464,1.803,1.1016
16.9,0.89293,1.4389,1.7743,1.0751
17,0.91552,1.4181,1.7489,1.0473
17.1,0.90513,1.405,1.7393,1.0395
17.2,0.88756,1.3936,1.7332,1.0361
17.3,0.88684,1.3953,1.7507,1.0394
17.4,0.88979,1.3997,1.7735,1.0441
17.5,0.89658,1.3919,1.7551,1.0465
17.6,0.90421,1.3815,1.7277,1.0483
17.7,0.92406,1.3731,1.6894,1.0424
17.8,0.94677,1.3651,1.6485,1.0346
17.9,0.97758,1.3745,1.6016,1.0321
18,1.0103,1.388,1.5533,1.0308
18.1,1.0209,1.4119,1.5306,1.0335
18.2,1.0263,1.4382,1.5138,1.0372
18.3,1.0112,1.4288,1.5291,1.0581
18.4,0.99123,1.411,1.5518,1.083
18.5,0.98607,1.37,1.5665,1.0852
18.6,0.98436,1.3237,1.5793,1.082
18.7,0.95074,1.2972,1.6042,1.0776
18.8,0.9092,1.2757,1.6322,1.0727
18.9,0.90456,1.2556,1.6548,1.076
19,0.90909,1.2358,1.6761,1.0814
19.1,0.89905,1.2118,1.6916,1.0838
19.2,0.8854,1.1868,1.7058,1.0854
19.3,0.89914,1.1942,1.718,1.0919
19.4,0.9197,1.2096,1.7298,1.0995
19.5,0.94242,1.2399,1.7242,1.0991
19.6,0.96573,1.2741,1.7141,1.0966
19.7,0.99112,1.2906,1.6905,1.1083
19.8,1.0171,1.3024,1.6633,1.1237
19.9,1.0737,1.3139,1.6156,1.103
20,1.1385,1.3253,1.5624,1.0726
20.1,1.1952,1.3564,1.545,1.0851
20.2,1.2498,1.3927,1.537,1.1089
20.3,1.2806,1.4531,1.5101,1.1177
20.4,1.3051,1.5199,1.4781,1.1224
20.5,1.3501,1.5671,1.4738,1.1241
20.6,1.4007,1.6088,1.4773,1.125
20.7,1.406,1.6489,1.5014,1.1119
20.8,1.3985,1.6886,1.5311,1.0948
20.9,1.427,1.7032,1.5839,1.1074
21,1.4656,1.7109,1.643,1.1283
21.1,1.4744,1.7385,1.6441,1.1523
21.2,1.4747,1.7718,1.629,1.1772
21.3,1.4967,1.7953,1.6149,1.19
21.4,1.5248,1.8159,1.6011,1.1993
21.5,1.5145,1.8461,1.598,1.191
21.6,1.4928,1.8791,1.5979,1.1774
21.7,1.5328,1.8886,1.5823,1.1892
21.8,1.5911,1.8911,1.5621,1.2084
21.9,1.5926,1.9094,1.5698,1.2057
22,1.5772,1.9324,1.5857,1.1964
22.1,1.5687,1.9285,1.5906,1.205
22.2,1.5622,1.9166,1.5922,1.2188
22.3,1.5778,1.9269,1.6136,1.2116
22.4,1.6005,1.9442,1.6413,1.1978
22.5,1.6372,1.965,1.6591,1.2073
22.6,1.6783,1.987,1.6738,1.2242
22.7,1.6885,1.9919,1.6821,1.2243
22.8,1.6889,1.9914,1.6884,1.2192
22.9,1.6926,1.9808,1.6622,1.2307
23,1.6973,1.9669,1.6258,1.2475
23.1,1.772,1.9842,1.5906,1.272
23.2,1.8687,2.0112,1.5558,1.2991
23.3,1.8869,2.0164,1.5346,1.2982
23.4,1.879,2.0145,1.518,1.2882
23.5,1.8623,2.0055,1.5183,1.294
23.6,1.8425,1.9941,1.5242,1.3051
23.7,1.8418,1.9929,1.5516,1.3245
23.8,1.8473,1.9952,1.5861,1.3467
23.9,1.8145,1.9953,1.5759,1.337
24,1.769,1.9947,1.551,1.3167
24.1,1.7215,1.9632,1.5894,1.3242
24.2,1.6733,1.9214,1.6489,1.3409
24.3,1.653,1.9089,1.69,1.3304
24.4,1.6424,1.9065,1.7245,1.3105
24.5,1.6519,1.9306,1.7243,1.3073
24.6,1.6685,1.9639,1.7119,1.31
24.7,1.6522,1.9962,1.6698,1.292
24.8,1.6246,2.028,1.6173,1.2668
24.9,1.6222,2.045,1.6102,1.2594
25,1.6287,2.0568,1.619,1.2583
25.1,1.6522,2.0318,1.6139,1.258
25.2,1.6816,1.994,1.604,1.2578
25.3,1.6137,1.9864,1.6188,1.2694
25.4,1.5099,1.9901,1.6428,1.2853
25.5,1.4567,1.9576,1.6315,1.2624
25.6,1.422,1.9118,1.6071,1.2253
25.7,1.4411,1.899,1.6249,1.2269
25.8,1.4799,1.8983,1.6583,1.2427
25.9,1.4243,1.8682,1.6739,1.2538
26,1.3338,1.8273,1.6831,1.2631
26.1,1.2675,1.7853,1.6978,1.2665
26.2,1.2105,1.7428,1.7147,1.2677
26.3,1.1737,1.7544,1.7267,1.2528
26.4,1.1448,1.7868,1.7368,1.2316
26.5,1.1408,1.7785,1.7138,1.2297
26.6,1.1464,1.7545,1.6782,1.2351
26.7,1.1428,1.7337,1.6592,1.2266
26.8,1.1356,1.7141,1.6467,1.2128
26.9,1.1296,1.7155,1.6264,1.2151
27,1.1239,1.7249,1.603,1.2236
27.1,1.123,1.7052,1.6112,1.2072
27.2,1.1239,1.6737,1.6322,1.1805
27.3,1.1267,1.6623,1.614,1.1996
27.4,1.1303,1.659,1.5799,1.2374
27.5,1.1076,1.6539,1.6196,1.2423
27.6,1.0741,1.6481,1.6893,1.2339
27.7,1.1056,1.6506,1.7226,1.2222
27.8,1.1634,1.6563,1.7412,1.2093
27.9,1.2014,1.6761,1.7321,1.2249
28,1.2313,1.7015,1.7116,1.2521
28.1,1.2677,1.7425,1.7058,1.2691
28.2,1.3067,1.7902,1.7062,1.2816
28.3,1.3644,1.8352,1.7012,1.2795
28.4,1.43,1.879,1.6939,1.2713
28.5,1.512,1.9141,1.6841,1.2622
28.6,1.6011,1.9455,1.6732,1.2527
28.7,1.6413,1.955,1.6436,1.2493
28.8,1.6606,1.9552,1.6059,1.2484
28.9,1.7127,1.9577,1.5694,1.2555
29,1.7788,1.9613,1.5334,1.2661
29.1,1.7894,1.9657,1.5284,1.2747
29.2,1.775,1.9705,1.5374,1.2824
29.3,1.7674,1.9684,1.5327,1.2925
29.4,1.7628,1.9632,1.5221,1.3038
29.5,1.8008,1.9784,1.5096,1.3217
29.6,1.8579,2.0027,1.4964,1.3426
29.7,1.8533,1.9911,1.481,1.3413
29.8,1.821,1.9633,1.4645,1.3301
29.9,1.8246,1.9606,1.486,1.3446
30,1.8449,1.9697,1.5253,1.3711
30.1,1.8296,1.9813,1.5659,1.374
30.2,1.7978,1.9941,1.6071,1.3658
30.3,1.7155,1.9821,1.6772,1.3442
30.4,1.6096,1.9584,1.7609,1.3163
30.5,1.5714,1.9477,1.8083,1.315
30.6,1.565,1.9432,1.8388,1.326
30.7,1.5659,1.9469,1.8445,1.3204
30.8,1.5701,1.9544,1.8386,1.3071
30.9,1.5589,1.9808,1.8722,1.2788
31,1.5401,2.0165,1.9252,1.2433
31.1,1.5182,2.0132,1.9652,1.2479
31.2,1.4947,1.9907,1.9989,1.2722
31.3,1.5163,1.9869,1.9838,1.277
31.4,1.56,1.9921,1.9446,1.2723
31.5,1.5563,1.9991,1.91,1.2358
31.6,1.5294,2.007,1.8775,1.1837
31.7,1.5376,2.0354,1.8651,1.1798
31.8,1.563,2.0739,1.8625,1.1995
31.9,1.6099,2.0611,1.842,1.2038
32,1.6679,2.0221,1.8123,1.2002
32.1,1.6757,2.0118,1.7802,1.1868
32.2,1.6579,2.0163,1.7468,1.1684
32.3,1.6335,1.9997,1.7407,1.1658
32.4,1.6058,1.9724,1.7485,1.1712
32.5,1.5871,1.9631,1.7122,1.1788
32.6,1.5729,1.963,1.6534,1.1875
32.7,1.5601,1.9666,1.6347,1.1714
32.8,1.548,1.972,1.6367,1.1426
32.9,1.5764,1.9689,1.6569,1.136
33,1.6264,1.9612,1.6868,1.1413
33.1,1.5896,1.9349,1.7011,1.149
33.2,1.5063,1.8987,1.707,1.1582
33.3,1.4429,1.8711,1.7533,1.173
33.4,1.3902,1.8482,1.8212,1.191
33.5,1.3162,1.8143,1.9047,1.2023
33.6,1.2308,1.7746,1.9964,1.2101
33.7,1.1618,1.7234,2.0706,1.2217
33.8,1.1021,1.6658,2.1349,1.2354
33.9,1.0597,1.6329,2.1452,1.2341
34,1.0269,1.6139,2.1254,1.2243
34.1,0.98113,1.5867,2.1093,1.2229
34.2,0.92798,1.5549,2.0953,1.2261
34.3,0.89458,1.5293,2.0666,1.2092
34.4,0.87224,1.5072,2.0296,1.1812
34.5,0.85125,1.4821,2.0309,1.1731
34.6,0.83102,1.4552,2.0537,1.1763
34.7,0.81875,1.4278,2.0697,1.1558
34.8,0.81115,1.3999,2.0818,1.1216
34.9,0.7832,1.3697,2.0942,1.1232
35,0.74337,1.338,2.1068,1.1458
35.1,0.74704,1.3298,2.0691,1.144
35.2,0.77615,1.3354,2.002,1.1279
35.3,0.77267,1.339,1.9729,1.116
35.4,0.75014,1.3416,1.9661,1.1066
35.5,0.75583,1.3493,1.9702,1.1252
35.6,0.77803,1.36,1.9807,1.1602
35.7,0.78155,1.3812,1.9614,1.151
35.8,0.77366,1.4088,1.9239,1.1148
35.9,0.78564,1.407,1.9214,1.1035
36,0.80975,1.3874,1.9403,1.1075
36.1,0.8591,1.3848,1.918,1.1101
36.2,0.92386,1.3928,1.8707,1.1118
36.3,0.97995,1.4229,1.8209,1.1048
36.4,1.0308,1.4666,1.7696,1.0925
36.5,1.0779,1.4991,1.7586,1.089
36.6,1.1229,1.5246,1.7723,1.0909
36.7,1.1301,1.5647,1.7709,1.0882
36.8,1.1134,1.6139,1.7597,1.0824
36.9,1.1754,1.6715,1.7584,1.0749
37,1.2873,1.7344,1.7634,1.0663
37.1,1.339,1.7815,1.7807,1.0577
37.2,1.3523,1.8185,1.8059,1.0491
37.3,1.3953,1.8569,1.7971,1.0614
37.4,1.4573,1.8962,1.7667,1.0869
37.5,1.4914,1.9188,1.7627,1.1155
37.6,1.507,1.9303,1.7764,1.1462
37.7,1.5262,1.9621,1.7865,1.155
37.8,1.5479,2.0074,1.7942,1.1493
37.9,1.5724,1.9879,1.7894,1.1462
38,1.5987,1.9254,1.7763,1.1449
38.1,1.6199,1.9274,1.7601,1.1345
38.2,1.6376,1.9723,1.7417,1.1183
38.3,1.6446,1.9934,1.6994,1.1116
38.4,1.6446,1.9985,1.6413,1.1114
38.5,1.6535,1.9849,1.6347,1.0988
38.6,1.6687,1.9583,1.6639,1.0778
38.7,1.6793,1.9653,1.6678,1.0792
38.8,1.6866,1.9955,1.6541,1.096
38.9,1.698,2.007,1.6642,1.1192
39,1.7122,2.0055,1.6907,1.1468
39.1,1.7217,2.0131,1.685,1.1547
39.2,1.7279,2.0271,1.6572,1.149
39.3,1.7375,2.0545,1.6373,1.1666
39.4,1.7494,2.0911,1.623,1.2004
39.5,1.7318,2.0835,1.634,1.1936
39.6,1.693,2.044,1.6634,1.1576
39.7,1.6729,2.034,1.684,1.156
39.8,1.6662,2.0454,1.6982,1.1794
39.9,1.6647,2.053,1.6777,1.1861
40,1.667,2.0577,1.632,1.1809
40.1,1.6511,2.0533,1.6275,1.1817
40.2,1.6221,2.0424,1.6525,1.1869
40.3,1.6129,2.0334,1.665,1.1922
40.4,1.6186,2.0258,1.6681,1.1978
40.5,1.6478,2.0417,1.6655,1.2132
40.6,1.6948,2.0753,1.6587,1.2361
40.7,1.7241,2.0841,1.638,1.2457
40.8,1.7399,2.0743,1.6069,1.2455
40.9,1.7577,2.0972,1.591,1.2407
41,1.7771,2.1448,1.5866,1.2325
41.1,1.7945,2.1614,1.5728,1.2475
41.2,1.8105,2.1548,1.552,1.28
41.3,1.8225,2.1525,1.5504,1.2765
41.4,1.8315,2.1537,1.5638,1.245
41.5,1.8263,2.1633,1.5538,1.2422
41.6,1.8098,2.1796,1.5252,1.2618
41.7,1.8096,2.1756,1.4936,1.2776
41.8,1.8221,2.1558,1.4594,1.2905
41.9,1.8283,2.1259,1.4495,1.2941
42,1.8295,2.0882,1.4587,1.2905
42.1,1.7608,2.0531,1.5031,1.2783
42.2,1.6374,2.02,1.5752,1.2594
42.3,1.5449,2.0039,1.6259,1.2721
42.4,1.4775,2.0017,1.659,1.3104
42.5,1.4004,1.97,1.6668,1.3592
42.6,1.3153,1.9144,1.6539,1.4166
42.7,1.2805,1.8616,1.6524,1.4356
42.8,1.2869,1.8109,1.66,1.4234
42.9,1.2545,1.7799,1.6345,1.413
43,1.1906,1.7649,1.5818,1.404
43.1,1.1264,1.7273,1.5802,1.4043
43.2,1.062,1.6712,1.6201,1.4121
43.3,1.0316,1.6363,1.6153,1.3965
43.4,1.0302,1.6194,1.5725,1.3611
43.5,1.0027,1.5961,1.5762,1.3494
43.6,0.95316,1.5673,1.6194,1.3579
43.7,0.95208,1.5579,1.63,1.3595
43.8,0.99212,1.565,1.6129,1.3555
43.9,1.0146,1.5353,1.6004,1.3664
44,1.0221,1.4744,1.5917,1.3899
44.1,1.0173,1.4474,1.5575,1.3779
44.2,1.0016,1.4503,1.5008,1.3342
44.3,0.98315,1.4453,1.5091,1.3241
44.4,0.96234,1.4332,1.5748,1.3435
44.5,0.93806,1.4233,1.6515,1.3626
44.6,0.91073,1.4152,1.7377,1.3813
44.7,0.90325,1.4035,1.7828,1.3802
44.8,0.91331,1.3886,1.7916,1.3617
44.9,0.95184,1.3778,1.7609,1.3701
45,1.0155,1.3705,1.6953,1.4024
45.1,1.0581,1.3779,1.6414,1.3963
45.2,1.0814,1.3988,1.5981,1.3548
45.3,1.1019,1.4144,1.5517,1.3317
45.4,1.12,1.4252,1.5022,1.3256
45.5,1.161,1.4392,1.4585,1.3342
45.6,1.2232,1.4562,1.4202,1.3565
45.7,1.2192,1.4585,1.4164,1.3421
45.8,1.1542,1.4473,1.4444,1.2939
45.9,1.1083,1.4223,1.4874,1.2821
46,1.0801,1.3845,1.5442,1.3038
46.1,1.0669,1.38,1.5819,1.3141
46.2,1.0681,1.4072,1.6013,1.3137
46.3,1.0958,1.4234,1.5926,1.31
46.4,1.1489,1.4289,1.5571,1.303
46.5,1.1944,1.4477,1.5136,1.2797
46.6,1.2326,1.4791,1.4627,1.2406
46.7,1.2739,1.4869,1.411,1.221
46.8,1.3183,1.4721,1.3587,1.22
46.9,1.3594,1.4555,1.3275,1.2251
47,1.3975,1.437,1.3164,1.2359
47.1,1.4182,1.4258,1.3219,1.2339
47.2,1.4215,1.4219,1.3439,1.2191
47.3,1.4257,1.4272,1.3687,1.2239
47.4,1.4307,1.4419,1.3964,1.2481
47.5,1.4246,1.4445,1.4092,1.2495
47.6,1.4074,1.4351,1.4073,1.2282
47.7,1.3927,1.4423,1.4072,1.2214
47.8,1.3805,1.466,1.4091,1.2293
47.9,1.3609,1.4853,1.3985,1.2341
48,1.3336,1.5,1.3751,1.2359
48.1,1.3593,1.5255,1.3707,1.2184
48.2,1.4399,1.5623,1.386,1.181
48.3,1.4955,1.591,1.4071,1.1759
48.4,1.5253,1.6114,1.4343,1.2046
48.5,1.5539,1.667,1.443,1.2107
48.6,1.581,1.7594,1.4325,1.1935
48.7,1.6382,1.8151,1.4241,1.187
48.8,1.7266,1.8329,1.4178,1.1915
48.9,1.8056,1.8676,1.4225,1.2008
49,1.8747,1.9206,1.4391,1.2151
49.1,1.9244,1.9555,1.4444,1.2156
49.2,1.9535,1.9706,1.4374,1.2014
49.3,1.9455,1.9746,1.4198,1.1956
49.4,1.8975,1.9666,1.3909,1.199
49.5,1.8574,1.977,1.4143,1.2127
49.6,1.826,2.0071,1.4942,1.2377
49.7,1.7976,2.0055,1.551,1.2441
49.8,1.7726,1.9696,1.583,1.2306
49.9,1.7523,1.9463,1.6037,1.2138
50,1.7373,1.9372,1.6116,1.1933
50.1,1.7343,1.9449,1.6027,1.1833
50.2,1.7447,1.9716,1.5752,1.1853
50.3,1.7434,1.9795,1.5585,1.1847
50.4,1.7288,1.9661,1.554,1.1814
50.5,1.7232,1.9802,1.5575,1.1824
50.6,1.7278,2.0251,1.5699,1.1883
50.7,1.7399,2.0527,1.5695,1.1939
50.8,1.7604,2.0608,1.5547,1.1992
50.9,1.7543,2.0636,1.5501,1.202
51,1.717,2.0604,1.5574,1.202
51.1,1.6796,2.0516,1.5791,1.1975
51.2,1.6422,2.0363,1.6177,1.1879
51.3,1.5955,2.0266,1.6605,1.1895
51.4,1.538,2.0236,1.7082,1.2043
51.5,1.4973,2.0234,1.7496,1.2087
51.6,1.4764,2.0266,1.7836,1.2011
51.7,1.475,2.0264,1.7868,1.1944
51.8,1.4973,2.0221,1.7525,1.1887
51.9,1.5107,2.0241,1.7255,1.1956
52,1.513,2.0338,1.7072,1.2177
52.1,1.5114,2.043,1.6794,1.2184
52.2,1.505,2.0518,1.6397,1.1928
52.3,1.5094,2.0302,1.5991,1.1746
52.4,1.5268,1.9717,1.5574,1.1654
52.5,1.5326,1.9316,1.5313,1.1561
52.6,1.5243,1.9139,1.5244,1.1468
52.7,1.4968,1.8939,1.5069,1.1382
52.8,1.445,1.8708,1.476,1.1307
52.9,1.3998,1.8417,1.4571,1.1303
53,1.363,1.8049,1.4535,1.1391
53.1,1.32,1.7678,1.4517,1.1357
53.2,1.2689,1.7302,1.4519,1.117
53.3,1.239,1.6889,1.4563,1.0943
53.4,1.236,1.6428,1.4661,1.0667
53.5,1.2046,1.6078,1.4706,1.0644
53.6,1.1373,1.5868,1.4686,1.0943
53.7,1.0683,1.5732,1.5215,1.1074
53.8,0.99719,1.5695,1.6467,1.0984
53.9,0.94184,1.5562,1.7541,1.0956
54,0.90731,1.5304,1.8379,1.101
54.1,0.87455,1.5103,1.9118,1.1073
54.2,0.84411,1.4978,1.9729,1.1146
54.3,0.8335,1.4979,1.9933,1.1088
54.4,0.84905,1.5145,1.9602,1.0858
54.5,0.85045,1.5201,1.9241,1.0728
54.6,0.8324,1.5106,1.8838,1.0738
54.7,0.83108,1.4942,1.8623,1.0758
54.8,0.85275,1.4684,1.8668,1.0793
54.9,0.85711,1.4488,1.8565,1.082
55,0.83766,1.4376,1.826,1.0833
55.1,0.82103,1.4283,1.8032,1.0822
55.2,0.80826,1.4216,1.7908,1.0779
55.3,0.79398,1.4135,1.7873,1.0795
55.4,0.77764,1.4033,1.796,1.0892
55.5,0.76039,1.3903,1.8276,1.0948
55.6,0.74184,1.3731,1.892,1.0946
55.7,0.71496,1.3531,1.9704,1.101
55.8,0.67615,1.3291,2.0688,1.1169
55.9,0.65416,1.32,2.1176,1.1308
56,0.65628,1.3321,2.0953,1.1419
56.1,0.66943,1.3328,2.0779,1.1509
56.2,0.69839,1.3174,2.0675,1.1569
56.3,0.71652,1.3034,2.0344,1.1534
56.4,0.71914,1.2916,1.9689,1.1363
56.5,0.74648,1.3049,1.9086,1.1092
56.6,0.81076,1.3557,1.8564,1.0668
56.7,0.88257,1.412,1.8024,1.0555
56.8,0.96564,1.4764,1.7459,1.0903
56.9,1.0258,1.5374,1.702,1.1026
57,1.0517,1.5932,1.6769,1.0811
57.1,1.0871,1.6542,1.6394,1.0733
57.2,1.1367,1.7227,1.5833,1.086
57.3,1.1922,1.7756,1.5346,1.096
57.4,1.2566,1.8051,1.497,1.1022
57.5,1.3005,1.8234,1.4864,1.1003
57.6,1.3127,1.8242,1.5181,1.0859
57.7,1.3362,1.8253,1.5285,1.0833
57.8,1.3773,1.8271,1.5059,1.0993
57.9,1.4163,1.842,1.4875,1.1054
58,1.4516,1.8774,1.4757,1.0961
58.1,1.4892,1.8958,1.4808,1.0854
58.2,1.5303,1.8879,1.512,1.0723
58.3,1.5642,1.8821,1.5346,1.0694
58.4,1.5863,1.8799,1.5431,1.083
58.5,1.6,1.8804,1.5509,1.0933
58.6,1.6001,1.8851,1.5575,1.0982
58.7,1.5934,1.8936,1.5739,1.1068
58.8,1.5757,1.9083,1.6061,1.1213
58.9,1.5802,1.9364,1.6266,1.1254
59,1.6209,1.9862,1.628,1.1126
59.1,1.6505,2.023,1.6215,1.1196
59.2,1.6623,2.0388,1.6019,1.1586
59.3,1.653,2.0456,1.5886,1.1734
59.4,1.6081,2.037,1.5858,1.1473
59.5,1.5991,2.0428,1.5891,1.1405
59.6,1.6511,2.0727,1.6027,1.1667
59.7,1.6818,2.1022,1.5875,1.1778
59.8,1.6766,2.1309,1.5234,1.1636
59.9,1.6867,2.1529,1.4898,1.1618
60,1.7225,2.1634,1.5082,1.1812
60.1,1.7355,2.1709,1.5114,1.1962
60.2,1.7098,2.1732,1.4889,1.2035
60.3,1.7124,2.157,1.4714,1.198
60.4,1.7655,2.1081,1.4628,1.1696
60.5,1.769,2.0824,1.4669,1.1671
60.6,1.685,2.0979,1.4935,1.2102
60.7,1.6486,2.1043,1.5139,1.2449
60.8,1.6967,2.0945,1.5232,1.2647
60.9,1.7171,2.0951,1.527,1.2734
61,1.6884,2.1141,1.5214,1.2625
61.1,1.6527,2.1265,1.5483,1.264
61.2,1.6047,2.127,1.633,1.2872
61.3,1.5767,2.1149,1.6878,1.303
61.4,1.5857,2.0796,1.6873,1.305
61.5,1.606,2.0542,1.6787,1.3048
61.6,1.6469,2.0472,1.6549,1.3003
61.7,1.6768,2.0431,1.6375,1.2998
61.8,1.6863,2.0446,1.6316,1.3066
61.9,1.7089,2.0533,1.6245,1.3131
62,1.7556,2.075,1.615,1.319
62.1,1.7927,2.0895,1.6035,1.3254
62.2,1.8113,2.0898,1.588,1.3331
62.3,1.8171,2.0923,1.5797,1.3374
62.4,1.7983,2.099,1.5852,1.3353
62.5,1.7814,2.1037,1.5821,1.3407
62.6,1.7684,2.1046,1.5623,1.3608
62.7,1.7407,2.0904,1.5442,1.3702
62.8,1.6846,2.0471,1.5296,1.3591
62.9,1.6498,2.0218,1.5124,1.3392
63,1.6559,2.0313,1.4902,1.3022
63.1,1.6414,2.0301,1.4879,1.2786
63.2,1.5852,2.0076,1.5258,1.282
63.3,1.5401,1.9914,1.5579,1.2856
63.4,1.5176,1.988,1.5782,1.2898
63.5,1.5085,1.979,1.6068,1.2927
63.6,1.5265,1.9588,1.6522,1.2933
63.7,1.5271,1.9419,1.6807,1.291
63.8,1.4922,1.9316,1.6754,1.2832
63.9,1.4582,1.9098,1.6793,1.2786
64,1.4257,1.8646,1.7017,1.2807
64.1,1.3692,1.8284,1.7163,1.2818
64.2,1.2618,1.8109,1.7145,1.2811
64.3,1.172,1.7952,1.7113,1.275
64.4,1.1197,1.7833,1.7056,1.2576
64.5,1.0871,1.7694,1.6929,1.2453
64.6,1.0963,1.7512,1.6655,1.2436
64.7,1.0922,1.7222,1.6361,1.2391
64.8,1.0601,1.6701,1.6022,1.2286
64.9,1.0417,1.6324,1.5899,1.2243
65,1.0522,1.625,1.6233,1.2332
65.1,1.0639,1.6194,1.6408,1.2363
65.2,1.0783,1.6177,1.6232,1.2263
65.3,1.0959,1.6124,1.6111,1.2185
65.4,1.1205,1.5989,1.6112,1.2153
65.5,1.1503,1.6027,1.6017,1.2104
65.6,1.1914,1.6446,1.5708,1.2018
65.7,1.2259,1.6985,1.5529,1.1979
65.8,1.246,1.779,1.5634,1.2044
65.9,1.2785,1.8577,1.5868,1.2236
66,1.3402,1.9319,1.6402,1.2726
66.1,1.4055,1.9877,1.679,1.3092
66.2,1.4791,2.0007,1.6836,1.3175
66.3,1.5444,2.0361,1.6822,1.3283
66.4,1.5903,2.1235,1.6669,1.3453
66.5,1.6362,2.1748,1.6501,1.3528
66.6,1.6821,2.1419,1.63,1.3385
66.7,1.7054,2.1205,1.6091,1.3306
66.8,1.6762,2.1257,1.5865,1.3377
66.9,1.6535,2.1187,1.591,1.3497
67,1.6464,2.0822,1.6617,1.3736
67.1,1.6176,2.0557,1.7215,1.393
67.2,1.5357,2.0533,1.7546,1.4012
67.3,1.4769,2.0422,1.7922,1.4001
67.4,1.4743,2.0099,1.8404,1.3766
67.5,1.4809,1.9933,1.8729,1.3583
67.6,1.51,2.0149,1.867,1.3527
67.7,1.5438,2.032,1.8698,1.3519
67.8,1.5891,2.0382,1.8939,1.3625
67.9,1.6186,2.0583,1.9197,1.3647
68,1.6076,2.1142,1.95,1.3454
68.1,1.6143,2.1511,1.9629,1.3272
68.2,1.6663,2.1399,1.9315,1.3121
68.3,1.7102,2.1418,1.8917,1.3012
68.4,1.7331,2.1775,1.8302,1.301
68.5,1.7365,2.1948,1.7823,1.2995
68.6,1.6899,2.165,1.7689,1.2943
68.7,1.6564,2.1376,1.7754,1.2914
68.8,1.6578,2.1166,1.8352,1.2944
68.9,1.6601,2.1017,1.8725,1.299
69,1.6649,2.103,1.8492,1.3076
69.1,1.6874,2.1104,1.8229,1.3082
69.2,1.7577,2.1341,1.7886,1.2873
69.3,1.8113,2.154,1.7546,1.2716
69.4,1.8199,2.1635,1.7212,1.2699
69.5,1.8253,2.175,1.69,1.2669
69.6,1.8218,2.1921,1.6647,1.2606
69.7,1.8176,2.1921,1.6353,1.249
69.8,1.8113,2.1438,1.5944,1.2224
69.9,1.8071,2.0965,1.5724,1.203
70,1.8088,2.0521,1.6038,1.2037
70.1,1.8109,2.0294,1.631,1.2012
70.2,1.8143,2.0684,1.6465,1.1896
70.3,1.8056,2.1058,1.6687,1.1832
70.4,1.7625,2.1384,1.7101,1.1919
70.5,1.7137,2.1521,1.7435,1.1951
70.6,1.6489,2.112,1.7546,1.1829
70.7,1.5765,2.0727,1.7666,1.1712
70.8,1.4814,2.036,1.7811,1.1605
70.9,1.4054,2.0067,1.8118,1.1602
71,1.3861,1.9994,1.8909,1.1903
71.1,1.356,1.9925,1.9532,1.2099
71.2,1.2936,1.9867,1.9656,1.198
71.3,1.2507,1.9746,1.9669,1.182
71.4,1.2661,1.9436,1.9352,1.1541
71.5,1.276,1.915,1.893,1.1407
71.6,1.2698,1.8939,1.8196,1.1706
71.7,1.2853,1.8793,1.7569,1.1881
71.8,1.3687,1.8847,1.7277,1.1671
71.9,1.4223,1.894,1.7082,1.1482
72,1.3817,1.9153,1.7193,1.1358
72.1,1.3329,1.9256,1.741,1.1265
72.2,1.2584,1.9012,1.796,1.1267
72.3,1.1907,1.8686,1.8529,1.1266
72.4,1.1448,1.8106,1.9156,1.1255
72.5,1.0943,1.753,1.9614,1.1224
72.6,1.0282,1.697,1.9504,1.1127
72.7,0.97421,1.6527,1.9518,1.1038
72.8,0.96012,1.6476,1.9941,1.0978
72.9,0.9361,1.6338,2.0204,1.0913
73,0.87904,1.5912,1.9935,1.083
73.1,0.82497,1.5584,1.9766,1.0771
73.2,0.78087,1.5584,1.9931,1.0796
73.3,0.74627,1.554,2.0245,1.0829
73.4,0.74334,1.535,2.1049,1.0892
73.5,0.75769,1.5289,2.1755,1.0924
73.6,0.83299,1.5689,2.2113,1.085
73.7,0.89901,1.6114,2.221,1.0753
73.8,0.93234,1.6633,2.1388,1.0573
73.9,0.96525,1.7063,2.0612,1.0441
74,0.99664,1.718,1.9997,1.0474
74.1,1.0394,1.7336,1.9392,1.0553
74.2,1.1221,1.7629,1.8821,1.0789
74.3,1.1945,1.797,1.8226,1.0959
74.4,1.2305,1.8475,1.7548,1.089
74.5,1.2691,1.8985,1.6987,1.0846
74.6,1.3175,1.9508,1.6862,1.0893
74.7,1.3647,1.9919,1.6763,1.0935
74.8,1.4078,1.9909,1.6763,1.0962
74.9,1.4462,1.9924,1.681,1.0967
75,1.4673,2.0033,1.7038,1.0895
75.1,1.488,2.0055,1.7188,1.0857
75.2,1.5078,1.9758,1.7043,1.0952
75.3,1.5265,1.9514,1.689,1.1048
75.4,1.541,1.9469,1.6703,1.1149
75.5,1.5533,1.9515,1.6618,1.1224
75.6,1.5571,1.9923,1.6937,1.1195
75.7,1.5659,2.0183,1.7147,1.115
75.8,1.5946,1.9852,1.693,1.1035
75.9,1.6238,1.9554,1.6674,1.0988
76,1.6545,1.9384,1.6266,1.1215
76.1,1.6918,1.9293,1.5972,1.1391
76.2,1.7551,1.9517,1.613,1.1366
76.3,1.8091,1.9757,1.6187,1.1348
76.4,1.824,2.0068,1.5818,1.1364
76.5,1.8388,2.0341,1.5556,1.1361
76.6,1.8533,2.0449,1.5752,1.1279
76.7,1.8556,2.0483,1.5977,1.122
76.8,1.8066,2.0206,1.6319,1.1257
76.9,1.7738,1.9989,1.6596,1.1385
77,1.8095,2.0026,1.6596,1.1898
77.1,1.8332,2.0039,1.6555,1.2295
77.2,1.8065,1.995,1.6339,1.22
77.3,1.7797,1.9863,1.6166,1.2183
77.4,1.7527,1.9785,1.6191,1.2523
77.5,1.7272,1.9689,1.6394,1.2827
77.6,1.7084,1.9507,1.7403,1.2973
77.7,1.6985,1.9394,1.8177,1.3096
77.8,1.7281,1.9595,1.7889,1.3118
77.9,1.7536,1.9791,1.758,1.312
78,1.76,1.9961,1.7185,1.303
78.1,1.7702,2.0145,1.679,1.3001
78.2,1.7976,2.0387,1.6402,1.324
78.3,1.824,2.0523,1.5987,1.3425
78.4,1.8455,2.0136,1.5443,1.335
78.5,1.8535,1.9872,1.499,1.3307
78.6,1.7958,2.0206,1.4977,1.3423
78.7,1.7372,2.0437,1.5034,1.3501
78.8,1.6744,2.0167,1.5435,1.3398
78.9,1.6068,1.992,1.5874,1.3358
79,1.5167,1.9788,1.6504,1.3626
79.1,1.4281,1.9584,1.7226,1.3864
79.2,1.3472,1.9033,1.8393,1.3959
79.3,1.2695,1.8554,1.9295,1.4057
79.4,1.2089,1.8447,1.8818,1.4171
79.5,1.1522,1.8277,1.8336,1.427
79.6,1.1153,1.7781,1.7837,1.4294
79.7,1.0829,1.7347,1.7308,1.4318
79.8,1.0734,1.7242,1.6627,1.4341
79.9,1.0622,1.7111,1.602,1.4332
80,1.0418,1.6848,1.5805,1.4149
80.1,1.0276,1.6547,1.5585,1.3981
80.2,1.0487,1.6034,1.5334,1.3904
80.3,1.0666,1.5602,1.5034,1.3793
80.4,1.0673,1.5617,1.4454,1.3501
80.5,1.0638,1.5617,1.3923,1.3242
80.6,1.0364,1.5531,1.367,1.3175
80.7,1.0121,1.5396,1.3486,1.3097
80.8,1.0054,1.4983,1.3691,1.296
80.9,0.99227,1.4613,1.3959,1.2892
81,0.94345,1.4483,1.4578,1.321
81.1,0.90216,1.4347,1.5147,1.3457
81.2,0.9067,1.4166,1.5409,1.3271
81.3,0.91347,1.4015,1.5636,1.3143
81.4,0.93376,1.4045,1.5656,1.3365
81.5,0.94911,1.4021,1.5636,1.354
81.6,0.93432,1.3671,1.537,1.3427
81.7,0.92824,1.3382,1.5107,1.3297
81.8,0.97521,1.346,1.4858,1.3065
81.9,1.0204,1.3581,1.4602,1.2879
82,1.0549,1.3962,1.4313,1.2976
82.1,1.0789,1.429,1.4165,1.3027
82.2,1.0332,1.4264,1.495,1.2778
82.3,0.99605,1.4203,1.5646,1.2567
82.4,1.0159,1.3914,1.5746,1.2604
82.5,1.0387,1.3691,1.5804,1.2643
82.6,1.0815,1.3901,1.5587,1.2692
82.7,1.1133,1.4094,1.5438,1.2736
82.8,1.0717,1.417,1.5731,1.2758
82.9,1.0349,1.4233,1.601,1.2757
83,1.0332,1.4196,1.6181,1.2595
83.1,1.0348,1.4156,1.6308,1.2459
83.2,1.0614,1.4085,1.6118,1.2504
83.3,1.0829,1.3988,1.6001,1.2549
83.4,1.0672,1.3704,1.6413,1.2586
83.5,1.0553,1.3493,1.6716,1.2576
83.6,1.0706,1.3817,1.623,1.2226
83.7,1.0918,1.4093,1.5795,1.1917
83.8,1.1554,1.4025,1.5732,1.191
83.9,1.2153,1.3995,1.5664,1.1878
84,1.2458,1.4274,1.5554,1.1648
84.1,1.2772,1.4523,1.543,1.1432
84.2,1.3166,1.4524,1.518,1.1339
84.3,1.3583,1.4596,1.499,1.1281
84.4,1.4179,1.5245,1.5283,1.1515
84.5,1.474,1.5908,1.5523,1.1707
84.6,1.5027,1.6687,1.5347,1.1569
84.7,1.5294,1.7391,1.5179,1.1481
84.8,1.5406,1.7491,1.5076,1.1788
84.9,1.5533,1.7564,1.5007,1.2047
85,1.5798,1.741,1.5244,1.1875
85.1,1.6081,1.7325,1.542,1.1719
85.2,1.652,1.7853,1.5063,1.1709
85.3,1.688,1.8299,1.4764,1.168
85.4,1.6539,1.8026,1.4979,1.1482
85.5,1.6254,1.7821,1.52,1.1308
85.6,1.6474,1.8228,1.5475,1.1353
85.7,1.6699,1.8636,1.5732,1.1402
85.8,1.6961,1.9052,1.5823,1.1482
85.9,1.7194,1.9433,1.5939,1.1557
86,1.7152,1.9462,1.6297,1.1573
86.1,1.7147,1.9535,1.6614,1.1609
86.2,1.7511,2.0045,1.6534,1.1837
86.3,1.7835,2.0515,1.6455,1.2017
86.4,1.7757,2.0583,1.638,1.1704
86.5,1.7701,2.063,1.631,1.143
86.6,1.787,2.0463,1.6291,1.1551
86.7,1.7986,2.031,1.6221,1.1687
86.8,1.7514,2.0331,1.5579,1.1991
86.9,1.7048,2.0346,1.5006,1.2277
87,1.6656,2.0293,1.5222,1.2351
87.1,1.6269,2.0231,1.5457,1.2393
87.2,1.5938,2.0062,1.5904,1.2086
87.3,1.5594,1.9895,1.6333,1.1811
87.4,1.5092,1.974,1.657,1.1899
87.5,1.4583,1.956,1.6857,1.1959
87.6,1.3984,1.911,1.7717,1.1698
87.7,1.3403,1.8701,1.8552,1.1472
87.8,1.3047,1.8824,1.905,1.1715
87.9,1.2719,1.8916,1.9501,1.1924
88,1.2747,1.8611,1.9346,1.1693
88.1,1.2792,1.834,1.92,1.1481
88.2,1.3043,1.8516,1.9156,1.1525
88.3,1.3278,1.8705,1.9087,1.1564
88.4,1.3294,1.9069,1.8694,1.1523
88.5,1.3323,1.9404,1.8322,1.1486
88.6,1.3512,1.9364,1.8226,1.1495
88.7,1.366,1.9315,1.8158,1.15
88.8,1.3184,1.9121,1.8512,1.1461
88.9,1.2687,1.8934,1.8845,1.1422
89,1.1883,1.8855,1.8875,1.1406
89.1,1.11,1.8755,1.8937,1.1388
89.2,1.0639,1.8348,1.9484,1.1331
89.3,1.0187,1.7955,1.9983,1.1273
89.4,0.98595,1.7782,1.9726,1.1177
89.5,0.95476,1.7619,1.948,1.1078
89.6,0.94733,1.7593,1.9405,1.0932
89.7,0.93774,1.7547,1.9305,1.0787
89.8,0.88781,1.7137,1.8766,1.0657
89.9,0.84034,1.6737,1.8271,1.0533
90,0.83863,1.6541,1.8613,1.0513
90.1,0.83774,1.6334,1.8913,1.0501
90.2,0.85209,1.5932,1.844,1.0652
90.3,0.8654,1.5537,1.798,1.0784
90.4,0.85933,1.5278,1.7758,1.0571
90.5,0.85294,1.5026,1.7561,1.0361
90.6,0.83887,1.4939,1.7965,1.0237
90.7,0.82472,1.4837,1.8387,1.0125
90.8,0.80875,1.4378,1.9244,1.0285
90.9,0.79182,1.3943,2.0125,1.0446
91,0.75252,1.4054,2.1553,1.0662
91.1,0.71428,1.4145,2.2913,1.0863
91.2,0.70096,1.3774,2.2701,1.0739
91.3,0.68825,1.3419,2.2488,1.0625
91.4,0.68952,1.3455,2.2252,1.0742
91.5,0.69205,1.3494,2.2008,1.0855
91.6,0.73381,1.3663,2.1517,1.0817
91.7,0.77404,1.3827,2.102,1.0776
91.8,0.76675,1.3831,2.0339,1.0631
91.9,0.76039,1.3847,1.9667,1.0496
92,0.78337,1.4227,1.9284,1.0643
92.1,0.80707,1.4605,1.8901,1.0784
92.2,0.85317,1.493,1.8472,1.0733
92.3,0.89942,1.5263,1.8027,1.068
92.4,0.95026,1.5857,1.7087,1.0563
92.5,1.0007,1.645,1.6174,1.0449
92.6,1.0308,1.6999,1.6486,1.047
92.7,1.0604,1.7538,1.679,1.0493
92.8,1.0699,1.7621,1.672,1.0642
92.9,1.0801,1.7704,1.6652,1.0786
93,1.1219,1.7789,1.6656,1.0758
93.1,1.1637,1.7876,1.6661,1.0733
93.2,1.2001,1.8088,1.6792,1.0804
93.3,1.2359,1.8295,1.6926,1.0875
93.4,1.2384,1.8269,1.7223,1.0942
93.5,1.2406,1.8245,1.7524,1.101
93.6,1.2196,1.838,1.818,1.1108
93.7,1.1995,1.8518,1.8834,1.1204
93.8,1.2541,1.8958,1.9201,1.114
93.9,1.3086,1.9397,1.956,1.1076
94,1.3468,1.9807,1.9069,1.102
94.1,1.3844,2.0216,1.8586,1.0968
94.2,1.365,2.0548,1.8859,1.1222
94.3,1.3458,2.0879,1.9131,1.1476
94.4,1.4181,2.0564,1.8858,1.1556
94.5,1.4904,2.0249,1.8586,1.1635
94.6,1.5056,2.0685,1.8217,1.159
94.7,1.5208,2.112,1.7849,1.1544
94.8,1.537,2.1074,1.8093,1.1362
94.9,1.5532,2.1027,1.8337,1.1181
95,1.5593,2.0726,1.8176,1.1121
95.1,1.5653,2.0425,1.8015,1.1062
95.2,1.6225,2.0458,1.7776,1.1388
95.3,1.6797,2.0491,1.7537,1.1714
95.4,1.6174,2.076,1.6829,1.1702
95.5,1.554,2.1032,1.6117,1.1687
95.6,1.5802,2.0842,1.6062,1.1804
95.7,1.6072,2.0647,1.6014,1.1923
95.8,1.6041,2.0727,1.6288,1.1921
95.9,1.6008,2.081,1.6566,1.1917
96,1.5756,2.1068,1.685,1.1836
96.1,1.5503,2.1327,1.7134,1.1755
96.2,1.5796,2.1159,1.6915,1.1884
96.3,1.6094,2.0986,1.6692,1.2016
96.4,1.6124,2.1112,1.6511,1.1876
96.5,1.6148,2.1244,1.633,1.1731
96.6,1.6511,2.1422,1.6346,1.181
96.7,1.6881,2.16,1.6365,1.1894
96.8,1.7342,2.1866,1.6319,1.2048
96.9,1.7805,2.2134,1.6272,1.2204
97,1.7773,2.2014,1.6055,1.2187
97.1,1.7731,2.1886,1.5834,1.2166
97.2,1.7321,2.16,1.5627,1.2598
97.3,1.6905,2.1311,1.542,1.3038
97.4,1.6193,2.1257,1.5856,1.2801
97.5,1.5472,2.121,1.6312,1.2544
97.6,1.5324,2.0815,1.6351,1.2561
97.7,1.5193,2.0411,1.6378,1.2586
97.8,1.5569,2.0795,1.5972,1.2388
97.9,1.5961,2.1203,1.5553,1.2183
98,1.6288,2.1328,1.5702,1.2452
98.1,1.6613,2.1444,1.5868,1.2736
98.2,1.6362,2.1499,1.5795,1.2577
98.3,1.6089,2.1552,1.5712,1.2401
98.4,1.5795,2.125,1.5703,1.2446
98.5,1.5501,2.0933,1.5697,1.25
98.6,1.5613,2.1366,1.5566,1.254
98.7,1.5742,2.1829,1.543,1.2579
98.8,1.5495,2.1469,1.5527,1.266
98.9,1.5237,2.1084,1.5631,1.2742
99,1.5218,2.1205,1.5589,1.2664
99.1,1.5207,2.134,1.5543,1.2581
99.2,1.483,2.1274,1.5712,1.2619
99.3,1.4443,2.1201,1.5887,1.2661
99.4,1.4253,2.0801,1.5943,1.2967
99.5,1.4069,2.0392,1.5996,1.3281
99.6,1.4244,2.0459,1.6079,1.3237
99.7,1.443,2.054,1.6164,1.3183
99.8,1.5091,2.0693,1.5945,1.2841
99.9,1.5766,2.0847,1.5718,1.2492
100,1.6515,2.1032,1.538,1.2554
100.1,1.7266,2.1218,1.5039,1.2628
100.2,1.6922,2.1272,1.4698,1.2669
100.3,1.6546,2.1321,1.4357,1.2709
100.4,1.6646,2.0658,1.4483,1.2593
100.5,1.676,1.9974,1.4622,1.2472
100.6,1.6011,1.9874,1.4913,1.2325
100.7,1.5236,1.9792,1.5207,1.2176
100.8,1.4651,1.9309,1.5545,1.2199
100.9,1.4072,1.8814,1.5884,1.2228
101,1.3496,1.8473,1.5532,1.2095
101.1,1.292,1.8136,1.5159,1.1957
101.2,1.2267,1.7681,1.5253,1.207
101.3,1.1612,1.7223,1.536,1.2191
101.4,1.1073,1.6942,1.5641,1.1882
101.5,1.0538,1.6665,1.5927,1.156
101.6,1.0936,1.6862,1.6375,1.162
101.7,1.1361,1.7072,1.6827,1.1692
101.8,1.1617,1.7212,1.6609,1.2022
101.9,1.1868,1.735,1.6371,1.2359
102,1.2152,1.8029,1.6259,1.2078
102.1,1.2437,1.8724,1.6151,1.1778
102.2,1.2661,1.8591,1.5882,1.1962
102.3,1.2882,1.8433,1.5609,1.2161
102.4,1.3092,1.8712,1.5874,1.2237
102.5,1.3301,1.9004,1.6155,1.2309
102.6,1.3203,1.9213,1.6398,1.2388
102.7,1.306,1.9411,1.6635,1.2469
102.8,1.2931,1.9117,1.7243,1.2328
102.9,1.2804,1.8751,1.7906,1.2155
103,1.3308,1.8754,1.7979,1.2222
103.1,1.3905,1.8811,1.7963,1.2325
103.2,1.3956,1.8992,1.7848,1.2602
103.3,1.3926,1.9192,1.7718,1.2905
103.4,1.3924,1.9724,1.7896,1.2949
103.5,1.3925,2.0306,1.8119,1.2955
103.6,1.4246,2.0238,1.8036,1.2689
103.7,1.4614,2.0075,1.7908,1.2383
103.8,1.4489,2.0494,1.7842,1.2267
103.9,1.4291,2.1,1.7784,1.2178
104,1.4749,2.097,1.7583,1.2267
104.1,1.5303,2.0861,1.736,1.2383
104.2,1.4796,2.0746,1.7404,1.2312
104.3,1.4132,2.0629,1.7487,1.2214
104.4,1.4496,2.0381,1.714,1.2351
104.5,1.5012,2.0115,1.6728,1.2523
104.6,1.5042,2.0284,1.6461,1.2588
104.7,1.5,2.0519,1.6216,1.2636
104.8,1.5106,2.0453,1.6304,1.2609
104.9,1.5235,2.0343,1.6442,1.2571
105,1.5269,2.006,1.6496,1.2507
105.1,1.5289,1.9752,1.6538,1.2439
105.2,1.4783,1.9342,1.6661,1.2697
105.3,1.4199,1.8916,1.6796,1.3003
105.4,1.4431,1.905,1.6915,1.2961
105.5,1.4783,1.9267,1.7031,1.2867
105.6,1.489,1.935,1.6734,1.2851
105.7,1.4961,1.9413,1.6376,1.2847
105.8,1.4454,1.97,1.6991,1.2787
105.9,1.386,2.002,1.7751,1.272
106,1.3968,1.9866,1.8515,1.2993
106.1,1.4179,1.9642,1.928,1.3318
106.2,1.4152,2.0053,1.9569,1.2919
106.3,1.409,2.0559,1.9788,1.2414
106.4,1.4302,2.0389,1.9469,1.2311
106.5,1.4555,2.0119,1.9071,1.2267
106.6,1.4515,2,1.864,1.2218
106.7,1.4432,1.9905,1.8205,1.2169
106.8,1.41,1.9913,1.7885,1.2008
106.9,1.3731,1.9936,1.7581,1.1831
107,1.3902,1.9708,1.7329,1.1768
107.1,1.4152,1.9442,1.7084,1.1723
107.2,1.3666,1.9277,1.7213,1.1724
107.3,1.3071,1.9127,1.7398,1.1732
107.4,1.2685,1.8936,1.7738,1.1819
107.5,1.2331,1.874,1.8101,1.1918
107.6,1.1636,1.8178,1.8506,1.1604
107.7,1.0891,1.7562,1.8918,1.123
107.8,1.0175,1.7266,2.053,1.1452
107.9,0.94638,1.7017,2.2319,1.1762
108,0.89669,1.6694,2.4072,1.216
108.1,0.85018,1.6361,2.5819,1.2572
108.2,0.84432,1.6131,2.527,1.2485
108.3,0.84449,1.5917,2.4382,1.2324
108.4,0.85313,1.575,2.3791,1.2112
108.5,0.86303,1.5591,2.3245,1.1893
108.6,0.85224,1.5576,2.2344,1.1668
108.7,0.83837,1.5583,2.1391,1.1443
108.8,0.83965,1.5604,2.0955,1.1397
108.9,0.84316,1.5626,2.0596,1.1377
109,0.84119,1.5584,1.9994,1.1313
109.1,0.83842,1.5533,1.9355,1.1243
109.2,0.82054,1.5452,1.9167,1.1073
109.3,0.80042,1.5365,1.9047,1.0889
109.4,0.82537,1.5265,1.881,1.0742
109.5,0.85698,1.5163,1.8557,1.0601
109.6,0.86026,1.521,1.8197,1.0441
109.7,0.85934,1.528,1.7822,1.0277
109.8,0.87968,1.5059,1.7657,1.025
109.9,0.90317,1.4795,1.7524,1.0242
110,0.92643,1.4827,1.7254,1.0321
110.1,0.94966,1.4902,1.6964,1.0413
110.2,0.93214,1.4666,1.6745,1.0344
110.3,0.90859,1.4383,1.6537,1.0251
110.4,0.90512,1.4352,1.63,1.0365
110.5,0.90463,1.4358,1.6058,1.0511
110.6,0.88584,1.4427,1.6606,1.0517
110.7,0.86433,1.4506,1.7272,1.0502
110.8,0.87541,1.4263,1.7711,1.0575
110.9,0.89131,1.3972,1.8117,1.066
111,0.86463,1.3794,1.8632,1.0599
111.1,0.83165,1.3633,1.9163,1.0516
111.2,0.7956,1.3567,1.9924,1.0642
111.3,0.7591,1.3515,2.0719,1.0799
111.4,0.75096,1.3444,2.1017,1.0909
111.5,0.74702,1.3371,2.1242,1.1011
111.6,0.74318,1.3437,2.0883,1.0897
111.7,0.73936,1.3522,2.0438,1.075
111.8,0.74399,1.3379,2.0147,1.0732
111.9,0.74987,1.3202,1.9878,1.0734
112,0.77028,1.364,2.0175,1.0822
112.1,0.79501,1.426,2.0641,1.0935
112.2,0.8197,1.4304,2.0265,1.1012
112.3,0.84438,1.4176,1.9639,1.1078
112.4,0.89904,1.449,1.9099,1.0911
112.5,0.9626,1.4936,1.8585,1.0674
112.6,0.99034,1.5134,1.7858,1.0591
112.7,1.0074,1.5257,1.7068,1.0555
112.8,1.0437,1.5653,1.6637,1.056
112.9,1.0856,1.613,1.6313,1.0578
113,1.141,1.661,1.634,1.0758
113.1,1.2004,1.7091,1.6471,1.0987
113.2,1.2576,1.7672,1.6249,1.0967
113.3,1.3142,1.8281,1.5922,1.0874
113.4,1.3726,1.88,1.5634,1.0803
113.5,1.4316,1.9292,1.5359,1.074
113.6,1.4176,1.986,1.5519,1.0811
113.7,1.3819,2.045,1.5808,1.0921
113.8,1.403,2.0403,1.5782,1.0901
113.9,1.4409,2.0166,1.5663,1.0842
114,1.4433,2.0129,1.5634,1.0884
114.1,1.4351,2.0151,1.5631,1.0956
114.2,1.4537,2.0264,1.5645,1.1052
114.3,1.4802,2.0405,1.5664,1.1155
114.4,1.5235,2.046,1.586,1.095
114.5,1.5717,2.049,1.6108,1.0655
114.6,1.6036,2.0549,1.6245,1.0705
114.7,1.6308,2.0616,1.6349,1.0859
114.8,1.6416,2.068,1.6364,1.0994
114.9,1.6476,2.0744,1.6352,1.1125
115,1.6562,2.069,1.6238,1.1333
115.1,1.6656,2.0601,1.6093,1.1566
115.2,1.6737,2.0445,1.6079,1.165
115.3,1.6815,2.0269,1.6104,1.169
115.4,1.6548,2.0277,1.607,1.1558
115.5,1.6179,2.034,1.6019,1.1376
115.6,1.6311,2.0412,1.5988,1.1482
115.7,1.6591,2.0488,1.5963,1.1673
115.8,1.6838,2.048,1.5771,1.159
115.9,1.7076,2.0447,1.5528,1.1425
116,1.6972,2.0499,1.5668,1.1832
116.1,1.6767,2.0576,1.5921,1.2408
116.2,1.6841,2.073,1.564,1.2447
116.3,1.6998,2.0907,1.52,1.2327
116.4,1.6841,2.0915,1.4966,1.2335
116.5,1.6592,2.0873,1.4795,1.238
116.6,1.6817,2.117,1.4717,1.2251
116.7,1.7182,2.1568,1.4667,1.2071
116.8,1.7151,2.1724,1.4726,1.2
116.9,1.7002,2.1808,1.4818,1.1962
117,1.6708,2.1776,1.4832,1.209
117.1,1.637,2.1709,1.4823,1.2269
117.2,1.5918,2.1497,1.4667,1.2363
117.3,1.5431,2.1243,1.4466,1.2432
117.4,1.4937,2.0524,1.4405,1.247
117.5,1.4441,1.9667,1.4385,1.2498
117.6,1.4154,1.9541,1.4359,1.2513
117.7,1.3928,1.9633,1.4331,1.2524
117.8,1.3679,1.9081,1.4197,1.2476
117.9,1.3423,1.8338,1.4032,1.2411
118,1.3241,1.8378,1.4015,1.2232
118.1,1.3082,1.8651,1.4041,1.202
118.2,1.256,1.8513,1.4903,1.2032
118.3,1.1931,1.8255,1.6014,1.2111
118.4,1.1201,1.7788,1.6652,1.2443
118.5,1.0441,1.7259,1.715,1.285
118.6,0.9763,1.6875,1.7627,1.2934
118.7,0.91088,1.6535,1.8098,1.2923
118.8,0.9057,1.6335,1.7972,1.2915
118.9,0.91841,1.6177,1.7668,1.2909
119,0.91195,1.5831,1.7412,1.2648
119.1,0.89979,1.5429,1.717,1.2312
119.2,0.87585,1.5332,1.7336,1.2262
119.3,0.84841,1.5327,1.7624,1.2298
119.4,0.82398,1.5166,1.7608,1.2315
119.5,0.80045,1.4959,1.7501,1.2327
119.6,0.81425,1.4817,1.7552,1.2399
119.7,0.83915,1.4693,1.765,1.249
119.8,0.86797,1.5084,1.7179,1.2217
119.9,0.89796,1.5629,1.654,1.1836
120,0.95631,1.5921,1.5965,1.1802
120.1,1.0231,1.6138,1.5408,1.187
120.2,1.1109,1.6846,1.5371,1.1897
120.3,1.2049,1.77,1.5487,1.1911
120.4,1.2591,1.8195,1.5467,1.1922
120.5,1.3015,1.8582,1.5405,1.1931
120.6,1.3338,1.8986,1.5133,1.1888
120.7,1.3631,1.9395,1.4799,1.1829
120.8,1.384,1.9627,1.4673,1.2105
120.9,1.4024,1.9807,1.4609,1.2481
121,1.4215,1.9946,1.4821,1.2547
121.1,1.4408,2.0074,1.5116,1.2522
121.2,1.4811,2.0144,1.5099,1.241
121.3,1.5275,2.0197,1.499,1.2272
121.4,1.5573,2.0173,1.4967,1.2393
121.5,1.5789,2.0113,1.4985,1.2642
121.6,1.6029,2.0191,1.488,1.2541
121.7,1.628,2.0338,1.4714,1.2268
121.8,1.6314,2.0591,1.5102,1.2155
121.9,1.624,2.0895,1.5762,1.212
122,1.6049,2.0781,1.5892,1.2148
122.1,1.5802,2.0463,1.5762,1.2206
122.2,1.6205,2.0347,1.6147,1.2239
122.3,1.6926,2.0331,1.6785,1.2261
122.4,1.6618,2.0527,1.745,1.2136
122.5,1.5804,2.0826,1.8128,1.1939
122.6,1.56,2.0663,1.8029,1.1933
122.7,1.5694,2.0274,1.7549,1.2021
122.8,1.5594,2.0377,1.7467,1.2014
122.9,1.5398,2.0721,1.7582,1.1962
123,1.4999,2.0798,1.7631,1.2138
123.1,1.4501,2.0745,1.7648,1.2427
123.2,1.4334,2.0586,1.7624,1.2371
123.3,1.4331,2.0375,1.7582,1.2146
123.4,1.4087,2.0093,1.757,1.1876
123.5,1.3725,1.9778,1.7573,1.1585
123.6,1.3406,1.9753,1.7504,1.1527
123.7,1.3107,1.987,1.7399,1.1584
123.8,1.2718,1.9697,1.7106,1.1561
123.9,1.2284,1.9382,1.6721,1.15
124,1.1815,1.9116,1.6697,1.137
124.1,1.133,1.8873,1.6849,1.1206
124.2,1.0982,1.8276,1.7153,1.1139
124.3,1.0701,1.7505,1.7531,1.112
124.4,1.0194,1.7,1.8224,1.0979
124.5,0.95759,1.6624,1.9072,1.0778
124.6,0.93062,1.6437,1.9584,1.067
124.7,0.92072,1.6343,1.9932,1.0607
124.8,0.91111,1.6193,1.9684,1.0813
124.9,0.90164,1.6015,1.9144,1.1151
125,0.9012,1.5878,1.8757,1.1202
125.1,0.90518,1.5761,1.8444,1.1113
125.2,0.92719,1.5515,1.7813,1.0932
125.3,0.95805,1.5207,1.7026,1.0704
125.4,0.95152,1.5181,1.6541,1.0626
125.5,0.92665,1.5293,1.6205,1.0621
125.6,0.90127,1.5069,1.6461,1.0596
125.7,0.87562,1.468,1.7007,1.0561
125.8,0.84396,1.4298,1.7332,1.0558
125.9,0.80935,1.3919,1.7548,1.057
126,0.79187,1.3713,1.7647,1.0634
126.1,0.7828,1.3593,1.7689,1.0722
126.2,0.74946,1.3535,1.8284,1.086
126.3,0.70424,1.3509,1.9151,1.1023
126.4,0.69429,1.3484,1.9633,1.0949
126.5,0.70162,1.3459,1.9926,1.076
126.6,0.73482,1.3545,1.9597,1.078
126.7,0.78069,1.3685,1.8962,1.0904
126.8,0.8018,1.3819,1.8549,1.0968
126.9,0.81078,1.395,1.8245,1.1002
127,0.8293,1.3935,1.8176,1.1064
127.1,0.8525,1.3849,1.8221,1.1139
127.2,0.88172,1.4016,1.7902,1.1141
127.3,0.91388,1.4307,1.7403,1.1105
127.4,0.96378,1.4715,1.6835,1.0907
127.5,1.0224,1.5182,1.6233,1.0628
127.6,1.0831,1.5717,1.5592,1.0661
127.7,1.145,1.6287,1.4932,1.0846
127.8,1.1742,1.6844,1.4763,1.1012
127.9,1.1875,1.7396,1.4836,1.1168
128,1.2327,1.7852,1.5034,1.122
128.1,1.2937,1.8261,1.5293,1.122
128.2,1.3147,1.8404,1.5497,1.1322
128.3,1.3161,1.8416,1.5672,1.1473
128.4,1.3511,1.8582,1.5721,1.1469
128.5,1.4025,1.8822,1.5707,1.1388
128.6,1.3903,1.8968,1.5825,1.1296
128.7,1.347,1.9068,1.6007,1.1198
128.8,1.3548,1.8901,1.5861,1.1315
128.9,1.3877,1.8603,1.5553,1.1536
129,1.4399,1.8619,1.5451,1.1757
129.1,1.5016,1.8789,1.545,1.1978
129.2,1.5458,1.9134,1.5659,1.204
129.3,1.5814,1.9565,1.5971,1.2023
129.4,1.5756,1.9719,1.5889,1.1936
129.5,1.5496,1.9736,1.5615,1.1814
129.6,1.5669,1.996,1.5513,1.1751
129.7,1.6055,2.0284,1.5496,1.1718
129.8,1.6562,2.0387,1.5713,1.1929
129.9,1.7129,2.038,1.6044,1.226
130,1.7325,2.0703,1.5986,1.2119
130.1,1.7338,2.1188,1.5736,1.1748
130.2,1.7649,2.1396,1.5864,1.166
130.3,1.8106,2.1468,1.6177,1.171
130.4,1.8214,2.1164,1.6394,1.1828
130.5,1.815,2.0675,1.6565,1.1978
130.6,1.795,2.0299,1.6764,1.2195
130.7,1.7684,1.998,1.6978,1.2444
130.8,1.7676,2.0019,1.662,1.2453
130.9,1.7795,2.0233,1.5983,1.2345
131,1.8017,2.0578,1.5646,1.236
131.1,1.8316,2.102,1.5533,1.2469
131.2,1.8348,2.1215,1.5419,1.2378
131.3,1.8181,2.1223,1.5303,1.2136
131.4,1.7987,2.1162,1.5377,1.2121
131.5,1.7773,2.105,1.5593,1.2278
131.6,1.766,2.0986,1.5801,1.2514
131.7,1.7624,2.0959,1.6005,1.2811
131.8,1.7796,2.0907,1.5898,1.2962
131.9,1.8126,2.0838,1.5558,1.3002
132,1.7931,2.0826,1.5543,1.3086
132.1,1.7342,2.0858,1.5773,1.3202
132.2,1.6975,2.0844,1.5848,1.3311
132.3,1.6775,2.0795,1.5805,1.3415
132.4,1.6675,2.0634,1.5846,1.3371
132.5,1.6649,2.039,1.5949,1.3216
132.6,1.6792,2.0366,1.5965,1.3115
132.7,1.7062,2.0507,1.5916,1.3055
132.8,1.6958,2.0541,1.6,1.3037
132.9,1.6572,2.0495,1.6186,1.3049
133,1.5979,2.0531,1.6458,1.3096
133.1,1.5229,2.0629,1.6796,1.317
133.2,1.5113,2.0571,1.6824,1.3036
133.3,1.5473,2.0394,1.662,1.2746
133.4,1.5775,2.0667,1.6344,1.2638
133.5,1.6034,2.1278,1.6016,1.2667
133.6,1.6137,2.1544,1.5862,1.2703
133.7,1.6124,2.155,1.584,1.2746
133.8,1.58,2.1361,1.5947,1.2538
133.9,1.5244,2.1025,1.6152,1.2143
134,1.4362,2.0396,1.6111,1.1963
134.1,1.3236,1.9547,1.5887,1.1946
134.2,1.2358,1.9011,1.5692,1.1925
134.3,1.1664,1.871,1.552,1.1901
134.4,1.125,1.8461,1.532,1.204
134.5,1.1045,1.825,1.51,1.2301
134.6,1.127,1.815,1.51,1.2318
134.7,1.1817,1.8133,1.5267,1.2151
134.8,1.2234,1.8282,1.5535,1.2194
134.9,1.2554,1.8557,1.5878,1.2393
135,1.2823,1.8803,1.5924,1.2492
135.1,1.3054,1.9028,1.5747,1.2515
135.2,1.3147,1.9221,1.5878,1.238
135.3,1.3135,1.9391,1.6242,1.2127
135.4,1.3009,1.9627,1.652,1.2066
135.5,1.2797,1.9913,1.6733,1.2152
135.6,1.2946,2.0099,1.7126,1.2348
135.7,1.3368,2.021,1.7652,1.2627
135.8,1.3605,2.0357,1.7767,1.2727
135.9,1.3704,2.0532,1.7572,1.2691
136,1.41,2.074,1.7383,1.2593
136.1,1.4721,2.0973,1.7198,1.2447
136.2,1.5049,2.1024,1.7182,1.2496
136.3,1.5157,2.094,1.7294,1.2693
136.4,1.5289,2.0921,1.746,1.2685
136.5,1.5439,2.095,1.7668,1.2523
136.6,1.5535,2.0908,1.7609,1.2344
136.7,1.5592,2.0812,1.735,1.2153
136.8,1.5284,2.0473,1.7493,1.2151
136.9,1.4702,1.9953,1.7938,1.2291
137,1.4339,1.9873,1.801,1.236
137.1,1.4141,2.0122,1.7801,1.2376
137.2,1.4082,2.017,1.8048,1.2336
137.3,1.4127,2.0065,1.8638,1.2256
137.4,1.424,2.0196,1.8726,1.2342
137.5,1.4403,2.0503,1.8437,1.2553
137.6,1.4496,2.0498,1.8262,1.2526
137.7,1.4538,2.0258,1.8173,1.2319
137.8,1.4764,2.0365,1.782,1.2269
137.9,1.5129,2.0733,1.7267,1.2336
138,1.5195,2.0844,1.7166,1.2346
138.1,1.5035,2.0763,1.7406,1.2312
138.2,1.4976,2.07,1.7312,1.2273
138.3,1.4994,2.065,1.6969,1.2229
138.4,1.5024,2.0587,1.695,1.2108
138.5,1.5063,2.0513,1.7173,1.1929
138.6,1.4924,2.0321,1.7223,1.1855
138.7,1.4652,2.004,1.7142,1.186
138.8,1.4361,1.9863,1.716,1.2066
138.9,1.4057,1.9764,1.7252,1.2422
139,1.3977,1.9797,1.7452,1.2463
139.1,1.4066,1.9929,1.7734,1.2267
139.2,1.4096,2.011,1.788,1.21
139.3,1.4083,2.0328,1.7925,1.1953
139.4,1.4307,2.0471,1.7718,1.1802
139.5,1.4709,2.0556,1.7322,1.1646
139.6,1.4775,2.0401,1.7052,1.1648
139.7,1.4588,2.0065,1.6877,1.1768
139.8,1.4558,1.9875,1.6715,1.1836
139.9,1.4646,1.9796,1.6562,1.1866
140,1.4738,1.9896,1.6329,1.1891
140.1,1.4834,2.013,1.6035,1.1912
140.2,1.4621,1.9942,1.6079,1.1853
140.3,1.4176,1.9436,1.6377,1.1733
140.4,1.3927,1.9089,1.6576,1.1628
140.5,1.3898,1.8921,1.6664,1.1537
140.6,1.3638,1.865,1.6703,1.1421
140.7,1.3119,1.8264,1.6686,1.1276
140.8,1.281,1.7736,1.6395,1.1224
140.9,1.2738,1.7048,1.5795,1.1275
141,1.2485,1.6544,1.5427,1.1151
141.1,1.2029,1.6247,1.5318,1.0832
141.2,1.1695,1.6064,1.5196,1.0724
141.3,1.1498,1.6011,1.5059,1.0854
141.4,1.1191,1.5825,1.4956,1.0974
141.5,1.0761,1.549,1.4891,1.1082
141.6,1.0249,1.5198,1.5108,1.0916
141.7,0.96428,1.4954,1.564,1.0441
141.8,0.9017,1.4859,1.6279,1.0301
141.9,0.83689,1.4931,1.7039,1.0537
142,0.78908,1.477,1.7533,1.066
142.1,0.76039,1.4345,1.7727,1.0656
142.2,0.75823,1.4095,1.8133,1.0708
142.3,0.78586,1.404,1.8777,1.0823
142.4,0.80311,1.3871,1.8837,1.0857
142.5,0.80867,1.3576,1.8239,1.0799
142.6,0.8304,1.3497,1.7857,1.0793
142.7,0.87029,1.3661,1.7719,1.0845
142.8,0.88364,1.3614,1.7765,1.0829
142.9,0.86717,1.333,1.8018,1.0738
143,0.8312,1.3076,1.8065,1.0731
143.1,0.7733,1.2856,1.788,1.082
143.2,0.74106,1.2686,1.7755,1.0943
143.3,0.73763,1.2572,1.7695,1.1103
143.4,0.73156,1.2478,1.7745,1.112
143.5,0.72251,1.2407,1.792,1.0974
143.6,0.71179,1.2355,1.8009,1.0951
143.7,0.69917,1.2325,1.8002,1.1066
143.8,0.6955,1.2273,1.7955,1.105
143.9,0.70187,1.2197,1.7863,1.0886
144,0.6963,1.2054,1.8097,1.0889
144.1,0.67731,1.1835,1.8698,1.1078
144.2,0.65991,1.1601,1.9492,1.1231
144.3,0.64427,1.1348,2.0501,1.1343
144.4,0.64778,1.1356,2.1142,1.141
144.5,0.67277,1.1658,2.137,1.1427
144.6,0.69288,1.1907,2.1198,1.1281
144.7,0.70751,1.2097,2.0576,1.0952
144.8,0.73065,1.2331,1.9935,1.0858
144.9,0.76334,1.2613,1.9274,1.1028
145,0.80582,1.2932,1.8668,1.1018
145.1,0.8593,1.3292,1.8124,1.0805
145.2,0.89291,1.3949,1.7761,1.0736
145.3,0.9042,1.4938,1.76,1.0828
145.4,0.94969,1.5571,1.728,1.0838
145.5,1.0336,1.5803,1.6782,1.0755
145.6,1.1014,1.5917,1.6473,1.0679
145.7,1.1513,1.5897,1.6375,1.061
145.8,1.2092,1.6139,1.6123,1.0588
145.9,1.2764,1.6676,1.5697,1.062
146,1.3194,1.7149,1.5428,1.0606
146.1,1.3353,1.7549,1.5336,1.0542
146.2,1.3111,1.7958,1.5633,1.0604
146.3,1.242,1.8376,1.6368,1.0809
146.4,1.2528,1.8637,1.6627,1.0917
146.5,1.3533,1.8721,1.6352,1.0917
146.6,1.41,1.8583,1.6215,1.0977
146.7,1.4176,1.8195,1.6231,1.1105
146.8,1.4234,1.8237,1.635,1.1141
146.9,1.4274,1.8763,1.6582,1.1075
147,1.4344,1.9013,1.6727,1.1021
147.1,1.4449,1.8952,1.6775,1.0979
147.2,1.4321,1.8974,1.6881,1.1105
147.3,1.3934,1.9088,1.705,1.1419
147.4,1.3737,1.9036,1.7247,1.1507
147.5,1.3755,1.8794,1.7477,1.134
147.6,1.4054,1.8878,1.7344,1.1353
147.7,1.467,1.9328,1.6806,1.1568
147.8,1.5044,1.9785,1.6406,1.1801
147.9,1.5146,2.0251,1.6163,1.2054
148,1.543,2.0532,1.5906,1.2015
148.1,1.5921,2.0605,1.5632,1.1648
148.2,1.6326,2.0506,1.5446,1.1569
148.3,1.6638,2.0215,1.5359,1.1812
148.4,1.6574,2.0148,1.5349,1.2046
148.5,1.6088,2.0334,1.5426,1.2271
148.6,1.59,2.0232,1.557,1.2504
148.7,1.6046,1.9805,1.579,1.2748
148.8,1.6164,1.964,1.5847,1.2993
148.9,1.6248,1.9768,1.572,1.3242
149,1.5975,1.9654,1.556,1.3276
149.1,1.53,1.9267,1.5364,1.3071
149.2,1.4524,1.8922,1.541,1.3122
149.3,1.3635,1.8625,1.5728,1.3461
149.4,1.2917,1.8185,1.6069,1.346
149.5,1.2392,1.7583,1.6436,1.308
149.6,1.186,1.7004,1.6506,1.2968
149.7,1.1322,1.6452,1.6244,1.3157
149.8,1.0718,1.6012,1.6003,1.3337
149.9,1.0001,1.5763,1.5797,1.3502
150,0.9531,1.5526,1.5828,1.3718
150.1,0.94787,1.5309,1.626,1.4023
150.2,0.93325,1.5082,1.6776,1.411
150.3,0.9027,1.4841,1.7433,1.383
150.4,0.90334,1.4663,1.758,1.3664
150.5,0.95689,1.4595,1.6863,1.3693
150.6,1.0085,1.4459,1.6379,1.368
150.7,1.057,1.4205,1.6292,1.3597
150.8,1.0856,1.408,1.6102,1.3591
150.9,1.0805,1.4173,1.5739,1.3718
151,1.0796,1.4239,1.5522,1.3877
151.1,1.0859,1.426,1.5552,1.409
151.2,1.0884,1.4272,1.5719,1.4371
151.3,1.0844,1.427,1.612,1.4766
151.4,1.0622,1.414,1.6408,1.501
151.5,1.0092,1.3792,1.6505,1.4999
151.6,0.97406,1.3538,1.6635,1.4857
151.7,0.96917,1.3442,1.6819,1.4494
151.8,0.9561,1.3323,1.7671,1.4236
151.9,0.9292,1.3165,1.9654,1.4157
152,0.90073,1.3021,2.1047,1.4139
152.1,0.86962,1.2899,2.144,1.4223
152.2,0.85312,1.2817,2.1619,1.4282
152.3,0.86137,1.2803,2.1435,1.4297
152.4,0.87268,1.2795,2.1011,1.4232
152.5,0.8892,1.2794,2.018,1.4033
152.6,0.91146,1.2887,1.9347,1.3798
152.7,0.94345,1.314,1.8509,1.3506
152.8,0.96526,1.335,1.7661,1.3263
152.9,0.96982,1.3485,1.6798,1.3105
153,0.98779,1.3697,1.6268,1.2993
153.1,1.0285,1.4038,1.6303,1.296
153.2,1.0788,1.4419,1.6263,1.2987
153.3,1.1454,1.4869,1.6095,1.3115
153.4,1.2023,1.5361,1.605,1.3235
153.5,1.2429,1.5927,1.6213,1.3343
153.6,1.2804,1.6474,1.6585,1.3338
153.7,1.3125,1.699,1.731,1.314
153.8,1.3735,1.7311,1.7622,1.2911
153.9,1.4835,1.7301,1.7234,1.263
154,1.5471,1.7548,1.7068,1.2506
154.1,1.5322,1.8228,1.7281,1.2647
154.2,1.5476,1.8771,1.7256,1.2741
154.3,1.6146,1.9083,1.6829,1.2754
154.4,1.6594,1.9222,1.6477,1.283
154.5,1.6667,1.9068,1.6255,1.3012
154.6,1.6916,1.9112,1.6087,1.3129
154.7,1.7462,1.949,1.6012,1.3137
154.8,1.7927,1.9666,1.5862,1.2992
154.9,1.8254,1.9499,1.5584,1.2586
155,1.8287,1.9505,1.5545,1.2435
155.1,1.7822,1.9807,1.591,1.2716
155.2,1.7616,1.99,1.6087,1.2699
155.3,1.7848,1.9637,1.5943,1.2175
155.4,1.8,1.9606,1.6025,1.1919
155.5,1.8015,1.9969,1.6492,1.2117
155.6,1.795,2.0122,1.658,1.2261
155.7,1.7749,1.9921,1.6023,1.2316
155.8,1.7688,1.9879,1.5773,1.228
155.9,1.7865,2.0108,1.6043,1.2091
156,1.7799,2.0258,1.6335,1.2021
156.1,1.7321,2.0273,1.6665,1.2151
156.2,1.6622,2.0219,1.6862,1.2212
156.3,1.5548,2.0047,1.6834,1.2158
156.4,1.4843,1.9891,1.677,1.2053
156.5,1.4763,1.9763,1.6644,1.1861
156.6,1.4422,1.9559,1.6639,1.1756
156.7,1.3636,1.9226,1.6836,1.1797
156.8,1.2939,1.8956,1.6957,1.178
156.9,1.2392,1.8795,1.6949,1.1665
157,1.1949,1.857,1.7151,1.163
157.1,1.1681,1.8237,1.7712,1.1732
157.2,1.1596,1.7955,1.7823,1.1694
157.3,1.1822,1.7758,1.7174,1.1418
157.4,1.1812,1.755,1.661,1.12
157.5,1.1404,1.7324,1.6189,1.1082
157.6,1.1072,1.7005,1.5968,1.0941
157.7,1.0867,1.6528,1.6086,1.0762
157.8,1.068,1.62,1.6348,1.0689
157.9,1.0522,1.6123,1.6857,1.0796
158,1.028,1.6055,1.724,1.0893
158.1,0.98941,1.6003,1.741,1.0973
158.2,0.9456,1.591,1.7515,1.1039
158.3,0.89296,1.575,1.7508,1.108
158.4,0.85374,1.5528,1.7582,1.1178
158.5,0.83727,1.5201,1.7793,1.1373
158.6,0.82912,1.5039,1.7947,1.1435
158.7,0.83509,1.5157,1.8005,1.1273
158.8,0.83293,1.5073,1.8061,1.1165
158.9,0.81696,1.4645,1.8113,1.1146
159,0.79959,1.4341,1.8651,1.1174
159.1,0.77983,1.4247,2.0013,1.128
159.2,0.76581,1.4179,2.1304,1.1377
159.3,0.76154,1.4155,2.2475,1.1458
159.4,0.75402,1.4098,2.3256,1.1492
159.5,0.73775,1.3952,2.2989,1.1398
159.6,0.7204,1.3827,2.2696,1.1377
159.7,0.70012,1.3763,2.2334,1.1555
159.8,0.6893,1.3738,2.2009,1.1693
159.9,0.70396,1.3819,2.1781,1.1724
160,0.72312,1.3906,2.1482,1.17
160.1,0.75436,1.4008,2.0995,1.1533
160.2,0.78362,1.4056,2.0479,1.1344
160.3,0.80757,1.3959,1.9885,1.1099
160.4,0.83928,1.4001,1.9156,1.0944
160.5,0.89188,1.4415,1.8063,1.1033
160.6,0.94579,1.4723,1.7159,1.1074
160.7,1.0033,1.4747,1.6766,1.0985
160.8,1.0562,1.489,1.6383,1.0864
160.9,1.097,1.5357,1.6033,1.0654
161,1.145,1.5848,1.5698,1.0562
161.1,1.2125,1.6405,1.5404,1.0785
161.2,1.2642,1.6955,1.5252,1.0971
161.3,1.2732,1.7487,1.5481,1.1053
161.4,1.2903,1.7949,1.5672,1.1126
161.5,1.3292,1.8222,1.5766,1.1173
161.6,1.3763,1.8497,1.579,1.1207
161.7,1.4452,1.8776,1.5627,1.1206
161.8,1.5007,1.9048,1.5561,1.127
161.9,1.5203,1.9299,1.5757,1.1508
162,1.5426,1.9549,1.6058,1.1671
162.1,1.5721,1.9795,1.6646,1.1632
162.2,1.5942,2.0002,1.7144,1.1604
162.3,1.5965,2.0102,1.7406,1.1604
162.4,1.6004,2.0151,1.7545,1.1595
162.5,1.6085,2.0057,1.7355,1.1563
162.6,1.6039,2.0024,1.7373,1.1582
162.7,1.5646,2.0152,1.795,1.1734
162.8,1.541,2.0186,1.8322,1.1857
162.9,1.5598,1.9968,1.8145,1.1898
163,1.5679,1.9824,1.8141,1.1912
163.1,1.5472,1.9876,1.8599,1.1853
163.2,1.5382,1.9876,1.9007,1.1884
163.3,1.561,1.9734,1.928,1.216
163.4,1.5916,1.9741,1.9452,1.2386
163.5,1.6436,2.0149,1.9355,1.2482
163.6,1.6881,2.0513,1.9234,1.2533
163.7,1.7126,2.076,1.9049,1.2461
163.8,1.7395,2.1014,1.8747,1.2426
163.9,1.7726,2.1287,1.813,1.2485
164,1.776,2.1507,1.7924,1.2636
164.1,1.6994,2.1585,1.8823,1.3032
164.2,1.6545,2.1584,1.9427,1.3411
164.3,1.6951,2.1367,1.9234,1.3744
164.4,1.7216,2.1142,1.8975,1.392
164.5,1.7099,2.0892,1.854,1.3672
164.6,1.7193,2.0894,1.817,1.353
164.7,1.7853,2.1575,1.7972,1.3674
164.8,1.8225,2.2054,1.7842,1.3857
164.9,1.7827,2.1986,1.7898,1.4142
165,1.7466,2.2002,1.8151,1.4314
165.1,1.7209,2.2243,1.8935,1.4183
165.2,1.7175,2.239,1.9359,1.411
165.3,1.7741,2.2286,1.8815,1.4193
165.4,1.8036,2.2257,1.8468,1.4188
165.5,1.7606,2.243,1.8654,1.3946
165.6,1.7085,2.2561,1.8734,1.3766
165.7,1.6317,2.258,1.8533,1.3752
165.8,1.5847,2.2511,1.8376,1.3757
165.9,1.618,2.2206,1.834,1.3814
166,1.6312,2.187,1.8285,1.3844
166.1,1.5906,2.1451,1.8178,1.3801
166.2,1.5362,2.104,1.805,1.3896
166.3,1.4445,2.0653,1.7862,1.4362
166.4,1.3617,2.025,1.7655,1.4672
166.5,1.3025,1.98,1.74,1.4564
166.6,1.2674,1.929,1.7051,1.4382
166.7,1.2969,1.8619,1.6451,1.4003
166.8,1.3132,1.8036,1.6038,1.37
166.9,1.2945,1.7686,1.6127,1.3601
167,1.2677,1.7299,1.6081,1.3574
167.1,1.2193,1.6811,1.5673,1.3741
167.2,1.1726,1.6402,1.5384,1.3801
167.3,1.1307,1.6208,1.5415,1.3574
167.4,1.1003,1.6038,1.5542,1.3377
167.5,1.1011,1.5929,1.5928,1.3262
167.6,1.1019,1.5869,1.6194,1.3234
167.7,1.1025,1.5943,1.6135,1.3443
167.8,1.1082,1.5954,1.604,1.3604
167.9,1.1275,1.5796,1.5846,1.3632
168,1.1397,1.571,1.5694,1.3625
168.1,1.1331,1.5815,1.5654,1.3521
168.2,1.1499,1.5841,1.5582,1.35
168.3,1.2298,1.5651,1.5423,1.3704
168.4,1.2859,1.5443,1.5184,1.3801
168.5,1.2783,1.5183,1.4731,1.3609
168.6,1.2708,1.4962,1.4413,1.3546
168.7,1.264,1.4845,1.4463,1.3832
168.8,1.2527,1.4746,1.4534,1.4067
168.9,1.2194,1.4735,1.4715,1.4048
169,1.1851,1.4678,1.4879,1.4066
169.1,1.1461,1.4405,1.4965,1.4254
169.2,1.1093,1.4207,1.5092,1.441
169.3,1.0836,1.4381,1.5422,1.4408
169.4,1.0697,1.4498,1.5663,1.4351
169.5,1.1132,1.4339,1.5473,1.4026
169.6,1.1423,1.4188,1.5291,1.3787
169.7,1.1016,1.4075,1.5154,1.3965
169.8,1.0621,1.3973,1.5198,1.4038
169.9,1.0285,1.3922,1.6127,1.3601
170,1.0071,1.3912,1.6927,1.3223
170.1,1.0448,1.4101,1.7102,1.3135
170.2,1.0821,1.4245,1.7168,1.3029
170.3,1.1177,1.4178,1.6713,1.2843
170.4,1.1474,1.4145,1.627,1.2659
170.5,1.1483,1.4282,1.5886,1.2483
170.6,1.1489,1.4408,1.5512,1.2364
170.7,1.148,1.448,1.5187,1.2518
170.8,1.1422,1.4565,1.4919,1.2644
170.9,1.1126,1.4709,1.4925,1.2634
171,1.0862,1.4774,1.4994,1.2597
171.1,1.0753,1.4455,1.5363,1.2433
171.2,1.0657,1.4199,1.5584,1.2292
171.3,1.0623,1.425,1.5085,1.2268
171.4,1.0641,1.4315,1.4702,1.2236
171.5,1.0916,1.4445,1.4882,1.2166
171.6,1.1221,1.462,1.4963,1.2158
171.7,1.1669,1.5012,1.4565,1.2452
171.8,1.2037,1.5406,1.4414,1.2684
171.9,1.2019,1.5809,1.5467,1.2621
172,1.2095,1.6244,1.6286,1.2574
172.1,1.2632,1.683,1.5976,1.2607
172.2,1.3147,1.7343,1.5667,1.2623
172.3,1.3554,1.7502,1.5359,1.2557
172.4,1.3947,1.7705,1.5106,1.2523
172.5,1.4267,1.812,1.5127,1.2648
172.6,1.4632,1.8479,1.5164,1.2749
172.7,1.5215,1.8564,1.5283,1.2735
172.8,1.5764,1.8669,1.5434,1.2774
172.9,1.6147,1.8869,1.5738,1.3068
173,1.6545,1.9061,1.6007,1.3281
173.1,1.7011,1.9214,1.6114,1.3099
173.2,1.7455,1.937,1.6225,1.2924
173.3,1.7794,1.9546,1.6352,1.2786
173.4,1.8133,1.9725,1.6434,1.2687
173.5,1.8476,1.9917,1.6301,1.2779
173.6,1.8775,2.0149,1.6167,1.2859
173.7,1.8865,2.0576,1.6026,1.2884
173.8,1.8821,2.0951,1.5967,1.2847
173.9,1.8133,2.1081,1.6301,1.2509
174,1.7576,2.1257,1.6671,1.2303
174.1,1.7655,2.1662,1.7212,1.274
174.2,1.7713,2.1942,1.7708,1.317
174.3,1.7674,2.1616,1.7986,1.3568
174.4,1.763,2.134,1.8194,1.3886
174.5,1.7563,2.1309,1.8062,1.3819
174.6,1.7545,2.1312,1.7964,1.3716
174.7,1.7764,2.1483,1.8033,1.3441
174.8,1.8026,2.1694,1.8055,1.3204
174.9,1.8495,2.2104,1.785,1.3154
175,1.8925,2.2444,1.7625,1.3172
175.1,1.9159,2.2441,1.7305,1.352
175.2,1.9378,2.2418,1.7003,1.3768
175.3,1.9524,2.2296,1.6789,1.3532
175.4,1.9565,2.2149,1.6595,1.3346
175.5,1.9095,2.1877,1.6498,1.3405
175.6,1.8562,2.1564,1.6339,1.3384
175.7,1.7723,2.1043,1.5883,1.2973
175.8,1.7009,2.0492,1.5466,1.2666
175.9,1.6903,1.9797,1.5241,1.2862
176,1.6669,1.9217,1.5122,1.3012
176.1,1.5814,1.9199,1.552,1.2935
176.2,1.5004,1.9186,1.6013,1.294
176.3,1.4414,1.9197,1.6973,1.3333
176.4,1.4062,1.9201,1.7841,1.3644
176.5,1.4857,1.9165,1.8261,1.3555
176.6,1.5576,1.9153,1.8592,1.3466
176.7,1.5923,1.9253,1.8491,1.3376
176.8,1.6323,1.952,1.8381,1.329
176.9,1.6975,2.0592,1.8228,1.3225
177,1.7581,2.1477,1.8067,1.3174
177.1,1.797,2.1455,1.7864,1.3191
177.2,1.8274,2.1455,1.7733,1.3235
177.3,1.8173,2.1563,1.7943,1.3401
177.4,1.8,2.1615,1.8151,1.3511
177.5,1.7485,2.1392,1.8349,1.335
177.6,1.7021,2.1176,1.8526,1.3205
177.7,1.6809,2.0987,1.8605,1.3135
177.8,1.6666,2.0883,1.8684,1.302
177.9,1.6864,2.1187,1.8767,1.2689
178,1.7156,2.1508,1.8758,1.2463
178.1,1.7904,2.1909,1.8301,1.2745
178.2,1.8575,2.2278,1.7862,1.2994
178.3,1.8237,2.2215,1.766,1.2803
178.4,1.7855,2.2139,1.7449,1.2637
178.5,1.6905,2.1887,1.7109,1.2794
178.6,1.6036,2.1622,1.6764,1.2924
178.7,1.6236,2.119,1.6347,1.2698
178.8,1.6363,2.0784,1.5998,1.2492
178.9,1.5533,2.0714,1.6522,1.2541
179,1.4721,2.0616,1.702,1.2581
179.1,1.4144,2.0158,1.7185,1.2498
179.2,1.3578,1.9708,1.7311,1.2419
179.3,1.3133,1.9367,1.6945,1.2394
179.4,1.2736,1.9018,1.6568,1.2362
179.5,1.2968,1.855,1.6037,1.224
179.6,1.316,1.8063,1.5504,1.2122
179.7,1.2842,1.7344,1.4935,1.2058
179.8,1.254,1.6662,1.4438,1.2002
179.9,1.2444,1.6477,1.4881,1.2056
180,1.2344,1.6308,1.5316,1.2084
180.1,1.219,1.6352,1.5637,1.1785
180.2,1.2062,1.6376,1.593,1.1519
180.3,1.2269,1.6141,1.587,1.1696
180.4,1.2453,1.5915,1.5787,1.185
180.5,1.2331,1.5792,1.5395,1.17
180.6,1.2197,1.5685,1.5047,1.1555
180.7,1.1905,1.5778,1.5257,1.1481
180.8,1.1591,1.5828,1.547,1.1403
180.9,1.0997,1.5302,1.5722,1.1263
181,1.0417,1.4828,1.601,1.1138
181.1,1.0022,1.5009,1.6769,1.1206
181.2,0.96424,1.5124,1.7483,1.1248
181.3,0.9464,1.4373,1.7583,1.0964
181.4,0.92878,1.3685,1.7716,1.0722
181.5,0.91401,1.3836,1.8281,1.1044
181.6,0.90165,1.3963,1.8802,1.1329
181.7,0.92094,1.3777,1.8758,1.1137
181.8,0.94179,1.3619,1.8702,1.0951
181.9,0.98296,1.3822,1.8495,1.082
182,1.0194,1.3979,1.8279,1.0697
182.1,0.99426,1.354,1.7956,1.0672
182.2,0.97017,1.3129,1.7697,1.065
182.3,0.96018,1.3076,1.8262,1.0683
182.4,0.95309,1.3022,1.8766,1.0726
182.5,0.98405,1.2959,1.8465,1.0912
182.6,1.0122,1.2885,1.8157,1.1055
182.7,1.0039,1.2674,1.7735,1.0636
182.8,0.99846,1.2486,1.7348,1.0265
182.9,1.0307,1.2587,1.7418,1.053
183,1.062,1.2684,1.7488,1.0755
183.1,1.0808,1.2718,1.7555,1.0463
183.2,1.095,1.2722,1.7622,1.0208
183.3,1.0491,1.2327,1.77,1.0444
183.4,1.0048,1.1968,1.7793,1.0647
183.5,0.98153,1.2077,1.8082,1.0436
183.6,0.96099,1.2205,1.8308,1.0265
183.7,0.97627,1.2575,1.7697,1.0636
183.8,0.99261,1.2938,1.7098,1.0984
183.9,1.0228,1.3222,1.6669,1.1041
184,1.0543,1.3511,1.6284,1.1092
184.1,1.1036,1.3871,1.6465,1.1053
184.2,1.1525,1.4244,1.6619,1.1008
184.3,1.1967,1.4801,1.6418,1.0893
184.4,1.2363,1.5343,1.6286,1.0806
184.5,1.2148,1.5683,1.7057,1.1086
184.6,1.2,1.6001,1.7766,1.1335
184.7,1.273,1.6047,1.7664,1.118
184.8,1.3441,1.6133,1.7534,1.1042
184.9,1.3915,1.6747,1.7042,1.1116
185,1.4371,1.7334,1.6572,1.1182
185.1,1.4595,1.757,1.6401,1.1143
185.2,1.483,1.7787,1.6228,1.1108
185.3,1.5214,1.7764,1.6024,1.1125
185.4,1.5557,1.7781,1.5821,1.1161
185.5,1.5364,1.8326,1.5632,1.1437
185.6,1.524,1.8823,1.5439,1.168
185.7,1.6027,1.8684,1.5202,1.148
185.8,1.6727,1.8583,1.5024,1.1312
185.9,1.6299,1.8981,1.5622,1.1572
186,1.5877,1.9349,1.6199,1.1815
186.1,1.5559,1.9319,1.6514,1.1843
186.2,1.5264,1.9302,1.6847,1.1867
186.3,1.5261,1.9459,1.7411,1.1833
186.4,1.529,1.9604,1.7936,1.1824
186.5,1.573,1.9592,1.7954,1.2136
186.6,1.6154,1.9603,1.7977,1.2445
186.7,1.6381,1.9919,1.8071,1.2709
186.8,1.6613,2.0225,1.8156,1.2942
186.9,1.6925,2.0417,1.8113,1.2763
187,1.7216,2.0582,1.8086,1.2598
187.1,1.7228,2.0397,1.8265,1.2633
187.2,1.7203,2.0233,1.8422,1.2678
187.3,1.6686,2.034,1.8299,1.2846
187.4,1.6237,2.0428,1.8152,1.3006
187.5,1.6685,2.0281,1.7703,1.3057
187.6,1.7097,2.0169,1.7273,1.3109
187.7,1.7016,2.0534,1.7091,1.3194
187.8,1.6936,2.09,1.6909,1.3278
187.9,1.7497,2.0478,1.6836,1.3204
188,1.8077,2.0032,1.6767,1.3124
188.1,1.8297,2.0497,1.6841,1.3241
188.2,1.8507,2.0988,1.6919,1.3363
188.3,1.7863,2.0488,1.7068,1.3535
188.4,1.7194,1.9958,1.7218,1.3708
188.5,1.6962,2.0001,1.7572,1.3538
188.6,1.6743,2.0062,1.7931,1.3358
188.7,1.6573,2.0005,1.8,1.3587
188.8,1.6404,1.9944,1.8061,1.3829
188.9,1.6568,2.0037,1.7883,1.35
189,1.6743,2.0134,1.7698,1.3153
189.1,1.7332,2.0641,1.7466,1.3241
189.2,1.7934,2.116,1.7232,1.3342
189.3,1.8371,2.1437,1.7007,1.3441
189.4,1.8802,2.1706,1.6782,1.3541
189.5,1.8383,2.1467,1.6816,1.3583
189.6,1.7938,2.1213,1.6858,1.3623
189.7,1.8181,2.1329,1.6855,1.3334
189.8,1.8444,2.1456,1.685,1.3035
189.9,1.8508,2.1182,1.6946,1.3443
190,1.8567,2.0895,1.7045,1.3871
190.1,1.8166,2.1269,1.7233,1.4049
190.2,1.7751,2.1664,1.7424,1.4219
190.3,1.7345,2.1339,1.8445,1.4344
190.4,1.6941,2.0993,1.9492,1.4468
190.5,1.6796,2.0897,1.9589,1.4376
190.6,1.6658,2.0807,1.9658,1.4276
190.7,1.7066,2.0607,1.9806,1.4352
190.8,1.749,2.0402,1.9957,1.4434
190.9,1.758,2.0118,1.9462,1.4045
191,1.7659,1.9832,1.8947,1.3642
191.1,1.7536,2.0047,1.8841,1.3959
191.2,1.7406,2.0276,1.8746,1.4298
191.3,1.6758,2.0484,1.9167,1.4394
191.4,1.6094,2.0692,1.9602,1.4482
191.5,1.5996,2.0564,1.9432,1.4526
191.6,1.5915,2.0426,1.9244,1.4569
191.7,1.6161,2.0588,1.9101,1.4718
191.8,1.6416,2.0758,1.896,1.487
191.9,1.6942,2.0764,1.8875,1.5141
192,1.7476,2.0765,1.8792,1.5416
192.1,1.6989,2.099,1.8702,1.5539
192.2,1.6471,2.1221,1.8612,1.5656
192.3,1.59,2.1245,1.8522,1.5754
192.4,1.5327,2.1263,1.8431,1.5852
192.5,1.4811,2.1111,1.847,1.5522
192.6,1.4297,2.0954,1.8513,1.5181
192.7,1.4728,2.0825,1.8226,1.5122
192.8,1.5188,2.0696,1.7929,1.5071
192.9,1.56,2.1149,1.7698,1.5449
193,1.601,2.1618,1.7469,1.5839
193.1,1.5558,2.1911,1.7501,1.5287
193.2,1.5081,2.2199,1.7541,1.4708
193.3,1.5188,2.1658,1.7756,1.49
193.4,1.5313,2.1093,1.7975,1.5116
193.5,1.5735,2.1051,1.7691,1.4662
193.6,1.6166,2.1025,1.7392,1.4188
193.7,1.6298,2.1073,1.688,1.4066
193.8,1.6421,2.1123,1.6362,1.3955
193.9,1.6697,2.1715,1.656,1.3647
194,1.6977,2.2324,1.678,1.3333
194.1,1.7525,2.2173,1.6507,1.3474
194.2,1.8081,2.2,1.6219,1.3628
194.3,1.8253,2.2313,1.6309,1.3742
194.4,1.8414,2.264,1.6411,1.3854
194.5,1.7923,2.2362,1.674,1.3731
194.6,1.7412,2.2066,1.7076,1.36
194.7,1.7677,2.203,1.6857,1.3952
194.8,1.7964,2.2003,1.6622,1.4319
194.9,1.7933,2.1893,1.7235,1.3832
195,1.7892,2.178,1.7874,1.3319
195.1,1.7748,2.1344,1.7806,1.3381
195.2,1.7601,2.0898,1.7716,1.346
195.3,1.7517,2.1425,1.8427,1.3583
195.4,1.7435,2.1982,1.9163,1.3707
195.5,1.6779,2.1744,2.0533,1.4068
195.6,1.6107,2.1482,2.1923,1.4436
195.7,1.6652,2.1326,2.1466,1.4087
195.8,1.7234,2.1174,2.0953,1.3717
195.9,1.8002,2.1786,2.0311,1.353
196,1.8776,2.2421,1.9665,1.3348
196.1,1.9075,2.2685,1.9324,1.3482
196.2,1.936,2.2939,1.8993,1.3625
196.3,1.9235,2.2794,1.8362,1.3484
196.4,1.9099,2.2637,1.7722,1.3334
196.5,1.8994,2.2181,1.7725,1.316
196.6,1.889,2.1716,1.7746,1.2985
196.7,1.8417,2.152,1.7883,1.3071
196.8,1.7933,2.1332,1.8022,1.3165
196.9,1.7318,2.1302,1.8369,1.3155
197,1.6699,2.1276,1.8722,1.3142
197.1,1.6648,2.1174,1.9269,1.3182
197.2,1.6614,2.107,1.9822,1.3223
197.3,1.6129,2.0874,2.0707,1.3292
197.4,1.5577,2.0664,2.164,1.3366
197.5,1.4735,2.045,2.2175,1.3239
197.6,1.3849,2.0235,2.265,1.3084
197.7,1.3007,2.0103,2.3725,1.3078
197.8,1.2171,1.9983,2.4888,1.3094
197.9,1.2484,1.9954,2.5145,1.3103
198,1.2967,1.994,2.5268,1.311
198.1,1.306,2.0178,2.4504,1.3192
198.2,1.3096,2.0453,2.3609,1.3285
198.3,1.3402,2.0629,2.2766,1.2979
198.4,1.3748,2.0791,2.1931,1.2614
198.5,1.3597,2.0505,2.1582,1.2632
198.6,1.3373,2.0154,2.1305,1.2706
198.7,1.3341,2.0081,2.1325,1.2762
198.8,1.3338,2.0051,2.139,1.2816
198.9,1.3043,2.0294,2.0861,1.2824
199,1.2706,2.0577,2.0243,1.2826
199.1,1.2673,2.1065,2.0558,1.286
199.2,1.2686,2.1583,2.1011,1.29
199.3,1.296,2.1431,2.0493,1.2954
199.4,1.3273,2.1181,1.9833,1.3011
199.5,1.4037,2.1367,1.964,1.3043
199.6,1.4869,2.1617,1.9518,1.3073
199.7,1.4788,2.1474,1.8906,1.2968
199.8,1.4572,2.1273,1.8222,1.2843
199.9,1.4202,2.1153,1.8489,1.3017
200,1.381,2.1045,1.8896,1.3236
200.1,1.3334,2.0461,1.8422,1.3221
200.2,1.2846,1.9806,1.7819,1.3172
200.3,1.2438,1.9677,1.7829,1.3133
200.4,1.2041,1.9627,1.7931,1.3095
200.5,1.2422,1.9378,1.7851,1.3047
200.6,1.2919,1.9099,1.7743,1.2996
200.7,1.2555,1.8455,1.753,1.3039
200.8,1.2063,1.7756,1.7302,1.3095
200.9,1.1782,1.7497,1.7099,1.3117
201,1.1531,1.7303,1.6899,1.3134
201.1,1.1293,1.7129,1.7067,1.333
201.2,1.1057,1.6958,1.729,1.3553
201.3,1.073,1.6807,1.7483,1.3256
201.4,1.0388,1.666,1.7672,1.2882
201.5,0.99435,1.6396,1.8412,1.3287
201.6,0.94831,1.6115,1.9234,1.3807
201.7,0.98675,1.5845,1.9246,1.38
201.8,1.0377,1.5578,1.9138,1.3715
201.9,1.0143,1.5547,1.8682,1.3562
202,0.97993,1.5551,1.8175,1.3399
202.1,0.9717,1.5132,1.7765,1.379
202.2,0.96734,1.465,1.737,1.4262
202.3,0.91195,1.4702,1.8376,1.452
202.4,0.84901,1.4834,1.9589,1.4746
202.5,0.81152,1.4571,1.9743,1.4598
202.6,0.77779,1.4249,1.9741,1.4395
202.7,0.78899,1.4246,1.9668,1.4276
202.8,0.80685,1.429,1.9584,1.4169
202.9,0.8484,1.4265,1.9332,1.4022
203,0.89346,1.4229,1.9055,1.3867
203.1,0.90233,1.4223,1.8577,1.3899
203.2,0.90585,1.422,1.8069,1.3957
203.3,0.9448,1.4145,1.7692,1.3783
203.4,0.98901,1.4059,1.7334,1.3573
203.5,1.0363,1.3985,1.668,1.3171
203.6,1.0841,1.3912,1.5982,1.274
203.7,1.1106,1.4219,1.5615,1.2556
203.8,1.1339,1.4582,1.5297,1.2409
203.9,1.1141,1.4538,1.5383,1.2541
204,1.088,1.4433,1.553,1.2715
204.1,1.101,1.4118,1.5733,1.2709
204.2,1.1198,1.3772,1.5944,1.2677
204.3,1.126,1.3955,1.5561,1.2725
204.4,1.1305,1.4217,1.509,1.2784
204.5,1.104,1.4262,1.5512,1.2608
204.6,1.0729,1.4276,1.6066,1.2396
204.7,1.0312,1.4002,1.6575,1.2621
204.8,0.98782,1.3686,1.7077,1.2911
204.9,1.0405,1.3937,1.685,1.2859
205,1.1073,1.4273,1.6514,1.2757
205.1,1.1455,1.403,1.6071,1.2823
205.2,1.1795,1.3701,1.5612,1.2913
205.3,1.1817,1.3482,1.5138,1.2599
205.4,1.1792,1.3279,1.4661,1.2225
205.5,1.1822,1.3128,1.461,1.2091
205.6,1.1861,1.2984,1.4621,1.1992
205.7,1.2063,1.3022,1.4851,1.1844
205.8,1.229,1.3086,1.5113,1.1689
205.9,1.3071,1.3704,1.4984,1.1882
206,1.3934,1.4403,1.4797,1.2126
206.1,1.4163,1.5072,1.537,1.2064
206.2,1.4298,1.5735,1.6055,1.1957
206.3,1.455,1.6475,1.6594,1.2149
206.4,1.4821,1.7226,1.7111,1.2386
206.5,1.5818,1.7594,1.7064,1.2392
206.6,1.6923,1.7907,1.6934,1.2363
206.7,1.7397,1.8432,1.7005,1.2488
206.8,1.7683,1.902,1.7135,1.2658
206.9,1.8066,1.9181,1.7213,1.2798
207,1.8479,1.9213,1.7275,1.2928
207.1,1.848,1.9545,1.7074,1.288
207.2,1.8358,1.9965,1.6794,1.2779
207.3,1.8296,2.0197,1.6889,1.2723
207.4,1.8252,2.0374,1.7094,1.268
207.5,1.852,2.075,1.7455,1.2761
207.6,1.888,2.1185,1.7863,1.2877
207.7,1.8844,2.1399,1.7867,1.283
207.8,1.8689,2.1548,1.775,1.2733
207.9,1.8286,2.1513,1.7791,1.2833
208,1.7809,2.1424,1.7878,1.299
208.1,1.7736,2.1264,1.768,1.2757
208.2,1.7783,2.1083,1.7396,1.2409
208.3,1.8264,2.1356,1.7256,1.2286
208.4,1.8875,2.1766,1.7159,1.2229
208.5,1.8536,2.1815,1.7396,1.2144
208.6,1.7916,2.1757,1.7734,1.205
208.7,1.805,2.1925,1.7744,1.2154
208.8,1.8408,2.2162,1.7656,1.2317
208.9,1.8547,2.231,1.7507,1.2206
209,1.8622,2.2432,1.734,1.2013
209.1,1.8576,2.2298,1.728,1.1937
209.2,1.8494,2.2088,1.7252,1.1895
209.3,1.8194,2.2315,1.7688,1.1791
209.4,1.7829,2.2671,1.8262,1.1668
209.5,1.8091,2.2459,1.8186,1.1919
209.6,1.8539,2.2078,1.7918,1.2282
209.7,1.8257,2.223,1.774,1.2083
209.8,1.7758,2.254,1.759,1.1719
209.9,1.7726,2.212,1.7589,1.1783
210,1.7832,2.1483,1.7632,1.1974
210.1,1.7828,2.1448,1.7449,1.1827
210.2,1.779,2.1592,1.7199,1.1579
210.3,1.7412,2.1816,1.7144,1.1794
210.4,1.6932,2.2064,1.7147,1.2147
210.5,1.6918,2.2177,1.7156,1.2165
210.6,1.7043,2.2251,1.7168,1.2084
210.7,1.6939,2.1817,1.7081,1.2042
210.8,1.6766,2.1233,1.6964,1.2013
210.9,1.5971,2.0797,1.7298,1.1973
211,1.4991,2.0405,1.7766,1.1931
211.1,1.4061,1.979,1.8435,1.1821
211.2,1.3146,1.9109,1.9164,1.169
211.3,1.2576,1.8639,1.9766,1.1811
211.4,1.211,1.8232,2.033,1.2008
211.5,1.1476,1.7817,2.0595,1.1732
211.6,1.0793,1.74,2.0772,1.1315
211.7,1.0176,1.7081,2.1087,1.1348
211.8,0.9579,1.6791,2.1443,1.1515
211.9,0.9303,1.6476,2.1524,1.1513
212,0.91223,1.6153,2.1523,1.146
212.1,0.88745,1.5744,2.1313,1.148
212.2,0.86069,1.531,2.1042,1.1522
212.3,0.84596,1.5127,2.043,1.167
212.4,0.83481,1.5019,1.9718,1.1849
212.5,0.81413,1.488,2.0072,1.1778
212.6,0.79063,1.4732,2.0743,1.1632
212.7,0.76682,1.4635,2.1366,1.14
212.8,0.74292,1.4552,2.1974,1.1142
212.9,0.71237,1.4196,2.2501,1.1056
213,0.67985,1.3758,2.3005,1.1021
213.1,0.67863,1.3494,2.2604,1.115
213.2,0.6867,1.3282,2.1934,1.1327
213.3,0.71636,1.3281,2.1443,1.1226
213.4,0.75242,1.3343,2.1004,1.1043
213.5,0.75741,1.3737,2.0373,1.1001
213.6,0.75317,1.4229,1.9684,1.1001
213.7,0.76135,1.4392,1.8901,1.1014
213.8,0.77323,1.4455,1.8091,1.1031
213.9,0.79861,1.4661,1.7617,1.1093
214,0.82799,1.4909,1.7243,1.1169
214.1,0.87623,1.519,1.6832,1.1038
214.2,0.93006,1.5482,1.6411,1.0846
214.3,0.99055,1.6043,1.6441,1.0753
214.4,1.053,1.6683,1.6605,1.0689
214.5,1.1264,1.6938,1.6389,1.0702
214.6,1.203,1.7078,1.6061,1.0737
214.7,1.2323,1.7629,1.6193,1.0988
214.8,1.2475,1.8302,1.6463,1.1302
214.9,1.3122,1.8591,1.6412,1.1513
215,1.3917,1.8765,1.6266,1.1693
215.1,1.4145,1.8971,1.629,1.1895
215.2,1.4206,1.9185,1.6366,1.2104
215.3,1.4424,1.955,1.6538,1.2193
215.4,1.469,1.996,1.674,1.2247
215.5,1.4594,2.0133,1.7085,1.2333
215.6,1.4389,2.0236,1.7472,1.2429
215.7,1.4625,1.9792,1.7647,1.2369
215.8,1.499,1.9186,1.776,1.2263
215.9,1.5433,1.927,1.76,1.2316
216,1.5899,1.9559,1.7359,1.2417
216.1,1.5874,1.9416,1.7102,1.2375
216.2,1.5704,1.9146,1.6841,1.2292
216.3,1.5548,1.9504,1.7359,1.2451
216.4,1.54,2.017,1.8259,1.2729
216.5,1.5707,2.0516,1.8211,1.2801
216.6,1.6237,2.0705,1.7697,1.2772
216.7,1.6478,2.079,1.7765,1.2858
216.8,1.6577,2.0824,1.8118,1.3001
216.9,1.6828,2.116,1.7887,1.2884
217,1.7155,2.1644,1.737,1.264
217.1,1.7761,2.1861,1.7398,1.2554
217.2,1.8503,2.1948,1.7694,1.2547
217.3,1.8457,2.1781,1.7184,1.2407
217.4,1.8026,2.149,1.6279,1.2202
217.5,1.7889,2.1383,1.6389,1.2332
217.6,1.7897,2.1366,1.6997,1.2627
217.7,1.801,2.1426,1.6834,1.2497
217.8,1.8174,2.1523,1.6294,1.216
217.9,1.8399,2.1487,1.6219,1.2251
218,1.8652,2.1387,1.6372,1.2551
218.1,1.8793,2.1275,1.6221,1.2694
218.2,1.8879,2.1158,1.5922,1.2759
218.3,1.8613,2.1026,1.5957,1.2936
218.4,1.8175,2.0886,1.6157,1.3169
218.5,1.8165,2.0697,1.6309,1.3425
218.6,1.8364,2.0483,1.6439,1.3691
218.7,1.86,2.0266,1.6338,1.3664
218.8,1.8855,2.0046,1.6125,1.3494
218.9,1.9069,2.0193,1.6194,1.3584
219,1.9263,2.0519,1.6401,1.3803
219.1,1.9282,2.0797,1.6685,1.368
219.2,1.9215,2.1053,1.7006,1.339
219.3,1.9317,2.1268,1.7211,1.3354
219.4,1.9502,2.1464,1.7358,1.3443
219.5,1.9018,2.1156,1.7439,1.3511
219.6,1.8206,2.06,1.7488,1.3569
219.7,1.7973,2.0619,1.751,1.3687
219.8,1.8024,2.0921,1.7519,1.3836
219.9,1.7838,2.1207,1.7514,1.4007
220,1.7536,2.1485,1.7502,1.4189
220.1,1.7716,2.1984,1.7433,1.4336
220.2,1.8133,2.2593,1.7337,1.4465
220.3,1.8311,2.2511,1.7195,1.433
220.4,1.8371,2.2089,1.7031,1.4064
220.5,1.8077,2.2096,1.703,1.4063
220.6,1.7611,2.2314,1.7109,1.4191
220.7,1.7445,2.2428,1.7238,1.4106
220.8,1.7426,2.2493,1.739,1.3916
220.9,1.7578,2.215,1.7479,1.3806
221,1.7813,2.1608,1.7537,1.3735
221.1,1.7387,2.118,1.7638,1.3727
221.2,1.6637,2.0809,1.7761,1.375
221.3,1.6682,2.0742,1.7639,1.391
221.4,1.7117,2.0824,1.7397,1.4135
221.5,1.7063,2.08,1.7254,1.391
221.6,1.6769,2.0724,1.7159,1.3465
221.7,1.6176,2.0459,1.7485,1.3283
221.8,1.5436,2.0102,1.8019,1.323
221.9,1.4904,2.0039,1.8907,1.3261
222,1.4474,2.0122,1.9969,1.3334
222.1,1.4662,2.0029,2.0432,1.3537
222.2,1.5155,1.9849,2.0603,1.3805
222.3,1.5423,1.9841,2.0282,1.364
222.4,1.558,1.9916,1.972,1.3262
222.5,1.5719,2.021,1.9372,1.3144
222.6,1.5848,2.0611,1.9128,1.3152
222.7,1.5496,2.0678,1.9089,1.3302
222.8,1.4908,2.0581,1.9149,1.352
222.9,1.4657,2.0568,1.9399,1.3535
223,1.4572,2.0597,1.9741,1.3451
223.1,1.4349,2.0645,1.975,1.3475
223.2,1.4059,2.0704,1.9595,1.3553
223.3,1.3948,2.0544,1.9291,1.3413
223.4,1.3924,2.0275,1.8914,1.3166
223.5,1.4146,2.0088,1.8762,1.3077
223.6,1.4489,1.9941,1.8722,1.3065
223.7,1.44,1.9932,1.8694,1.2835
223.8,1.4099,1.9989,1.8672,1.2498
223.9,1.4017,1.9795,1.8594,1.2556
224,1.4041,1.9479,1.8489,1.2807
224.1,1.3602,1.9315,1.8897,1.2768
224.2,1.2935,1.9225,1.9557,1.2586
224.3,1.196,1.8802,2.0089,1.2633
224.4,1.0834,1.8215,2.0558,1.2791
224.5,1.0464,1.7816,2.0441,1.2864
224.6,1.0465,1.7509,2.0037,1.2895
224.7,1.0335,1.7193,1.9604,1.2838
224.8,1.0141,1.6873,1.9159,1.2738
224.9,0.992,1.6451,1.8974,1.2542
225,0.96857,1.5981,1.8916,1.2299
225.1,0.92804,1.5609,1.8934,1.2222
225.2,0.87913,1.5286,1.8988,1.2228
225.3,0.85579,1.5321,1.8795,1.2056
225.4,0.84497,1.5531,1.8482,1.1797
225.5,0.84168,1.5628,1.8224,1.1629
225.6,0.84208,1.5669,1.7995,1.1507
225.7,0.86017,1.5443,1.7502,1.1404
225.8,0.89155,1.5016,1.6812,1.1315
225.9,0.90435,1.4765,1.6371,1.1361
226,0.90317,1.4648,1.6118,1.1507
226.1,0.88462,1.4665,1.6397,1.1433
226.2,0.85302,1.4783,1.7074,1.1194
226.3,0.81426,1.4651,1.7268,1.1055
226.4,0.77013,1.4332,1.7098,1.0991
226.5,0.73507,1.3993,1.735,1.0962
226.6,0.70682,1.3641,1.7919,1.0958
226.7,0.72393,1.3481,1.8177,1.098
226.8,0.7751,1.3465,1.8203,1.102
226.9,0.80109,1.3491,1.7739,1.1022
227,0.80816,1.3548,1.6908,1.0993
227.1,0.80236,1.3579,1.6869,1.0972
227.2,0.7869,1.3591,1.7425,1.0957
227.3,0.79256,1.3665,1.7627,1.1078
227.4,0.81409,1.3784,1.7562,1.1301
227.5,0.84285,1.3859,1.7153,1.1394
227.6,0.87703,1.39,1.6484,1.1389
227.7,0.90555,1.4199,1.6239,1.1325
227.8,0.92981,1.469,1.6312,1.1218
227.9,0.97793,1.5204,1.6421,1.1155
228,1.044,1.5733,1.6559,1.1126
228.1,1.0914,1.6249,1.6606,1.118
228.2,1.125,1.6753,1.6585,1.1296
228.3,1.1861,1.7328,1.6471,1.1531
228.4,1.2679,1.7956,1.6288,1.1856
228.5,1.3282,1.8429,1.6316,1.2032
228.6,1.3723,1.8785,1.65,1.2097
228.7,1.4177,1.9307,1.6644,1.2114
228.8,1.464,1.9954,1.6755,1.2096
228.9,1.5106,2.021,1.6634,1.208
229,1.5574,2.0172,1.6338,1.2068
229.1,1.6142,2.0109,1.6083,1.2205
229.2,1.6786,2.0028,1.5858,1.2455
229.3,1.704,1.9753,1.5655,1.2449
229.4,1.7003,1.9333,1.5467,1.2252
229.5,1.7055,1.9217,1.5409,1.2183
229.6,1.7173,1.9331,1.545,1.2212
229.7,1.7455,1.9669,1.5436,1.2223
229.8,1.7858,2.0177,1.5381,1.2223
229.9,1.795,2.0227,1.537,1.2018
230,1.7807,1.9933,1.5392,1.166
230.1,1.8064,2.0064,1.5371,1.1919
230.2,1.8622,2.0515,1.5318,1.2643
230.3,1.8869,2.0865,1.5388,1.2903
230.4,1.8882,2.1139,1.555,1.2814
230.5,1.864,2.1103,1.5763,1.2689
230.6,1.8206,2.0835,1.6016,1.2536
230.7,1.8276,2.0739,1.6437,1.2434
230.8,1.8724,2.0772,1.6987,1.237
230.9,1.9028,2.1051,1.7,1.2669
231,1.9222,2.1514,1.661,1.3242
231.1,1.9028,2.1513,1.6555,1.3579
231.2,1.8542,2.1162,1.6752,1.3741
231.3,1.8222,2.1284,1.6662,1.3705
231.4,1.8027,2.1761,1.6356,1.352
231.5,1.7787,2.2118,1.6455,1.3605
231.6,1.7513,2.2386,1.6858,1.3892
231.7,1.7119,2.2129,1.6766,1.4117
231.8,1.6634,2.1477,1.6303,1.4296
231.9,1.6124,2.1345,1.6637,1.4398
232,1.5595,2.1605,1.7569,1.4444
232.1,1.547,2.1478,1.7874,1.4509
232.2,1.5648,2.1062,1.7707,1.4589
232.3,1.591,2.1011,1.7642,1.4285
232.4,1.6234,2.1233,1.7654,1.3693
232.5,1.6411,2.1217,1.7569,1.3802
232.6,1.6477,2.1022,1.7413,1.4438
232.7,1.6386,2.1006,1.7371,1.4633
232.8,1.6177,2.1125,1.7415,1.4496
232.9,1.6169,2.0884,1.7301,1.42
233,1.6312,2.0375,1.7069,1.3785
233.1,1.61,2.0347,1.674,1.3515
233.2,1.5622,2.0682,1.6339,1.3354
233.3,1.5718,2.0814,1.6287,1.3268
233.4,1.6246,2.0794,1.6496,1.3239
233.5,1.6241,2.0876,1.6631,1.3227
233.6,1.5835,2.1033,1.671,1.3227
233.7,1.6107,2.1136,1.67,1.332
233.8,1.689,2.1198,1.6623,1.3483
233.9,1.6998,2.1355,1.6948,1.3433
234,1.6599,2.1584,1.7575,1.3222
234.1,1.6294,2.184,1.7846,1.33
234.2,1.6059,2.2116,1.7849,1.3595
234.3,1.6041,2.1791,1.7671,1.358
234.4,1.6186,2.1014,1.7357,1.3333
234.5,1.6538,2.1006,1.7113,1.3221
234.6,1.7046,2.1577,1.6923,1.3212
234.7,1.7299,2.1942,1.676,1.3378
234.8,1.7361,2.2153,1.6617,1.3677
234.9,1.7331,2.2055,1.6561,1.3842
235,1.723,2.1726,1.657,1.3906
235.1,1.7261,2.1702,1.6475,1.3946
235.2,1.7438,2.2021,1.6263,1.3959
235.3,1.753,2.2179,1.6134,1.3852
235.4,1.7525,2.2157,1.6097,1.3609
235.5,1.748,2.1929,1.5862,1.3519
235.6,1.739,2.147,1.5407,1.3601
235.7,1.7245,2.1155,1.5523,1.3666
235.8,1.7037,2.1003,1.6283,1.3714
235.9,1.7087,2.0887,1.6759,1.3777
236,1.7426,2.0812,1.6915,1.3856
236.1,1.7649,2.0826,1.6917,1.3824
236.2,1.7741,2.0938,1.6745,1.3666
236.3,1.7544,2.1041,1.7144,1.3498
236.4,1.7025,2.1135,1.8182,1.3319
236.5,1.6723,2.1197,1.8845,1.3375
236.6,1.6664,2.1222,1.9087,1.3695
236.7,1.6879,2.135,1.8915,1.3834
236.8,1.7401,2.1594,1.8277,1.3768
236.9,1.7646,2.1613,1.7832,1.356
237,1.758,2.1381,1.7603,1.3192
237.1,1.7466,2.1261,1.7449,1.3107
237.2,1.7296,2.1268,1.7379,1.334
237.3,1.671,2.0907,1.7279,1.3437
237.4,1.5655,2.0133,1.7145,1.3381
237.5,1.4873,1.9574,1.7062,1.3166
237.6,1.4398,1.9255,1.7037,1.2775
237.7,1.4105,1.8847,1.707,1.257
237.8,1.4017,1.8337,1.717,1.2576
237.9,1.3561,1.7802,1.7071,1.2503
238,1.2691,1.7238,1.6749,1.2342
238.1,1.2169,1.663,1.6623,1.221
238.2,1.2035,1.5973,1.6716,1.2109
238.3,1.1871,1.5602,1.6666,1.2002
238.4,1.1673,1.5554,1.6455,1.1888
238.5,1.1299,1.5635,1.6554,1.1871
238.6,1.0727,1.5861,1.7,1.1962
238.7,1.029,1.584,1.7581,1.1962
238.8,1.0003,1.5541,1.8313,1.1859
238.9,0.97937,1.5222,1.8796,1.1748
239,0.96712,1.4879,1.8998,1.1628
239.1,0.9524,1.4552,1.9058,1.1505
239.2,0.93488,1.4241,1.8957,1.1379
239.3,0.91653,1.4104,1.948,1.1236
239.4,0.89725,1.4161,2.0706,1.1074
239.5,0.90248,1.4277,2.1244,1.1127
239.6,0.93523,1.446,2.1012,1.1423
239.7,0.93578,1.451,2.0946,1.1563
239.8,0.90017,1.4412,2.1065,1.1528
239.9,0.87438,1.4326,2.0885,1.1478
240,0.85961,1.4252,2.0368,1.141
240.1,0.85518,1.4185,2.0126,1.1238
240.2,0.86237,1.4127,2.0193,1.0949
240.3,0.86128,1.3957,2.0098,1.0884
240.4,0.85091,1.3661,1.9823,1.1071
240.5,0.85381,1.3441,1.964,1.115
240.6,0.87161,1.3308,1.9562,1.1108
240.7,0.88135,1.32,1.9511,1.1023
240.8,0.88201,1.3119,1.9491,1.0889
240.9,0.86789,1.2962,1.9744,1.0904
241,0.83718,1.2718,2.0303,1.1084
241.1,0.80426,1.2458,2.0863,1.1155
241.2,0.76885,1.218,2.1423,1.1104
241.3,0.75255,1.2167,2.1622,1.1151
241.4,0.75769,1.2453,2.1414,1.1309
241.5,0.7737,1.251,2.1202,1.1313
241.6,0.80194,1.2309,2.0984,1.1145
241.7,0.82962,1.2362,2.0579,1.1039
241.8,0.85669,1.2698,1.9965,1.1004
241.9,0.86539,1.2962,1.9349,1.1047
242,0.85346,1.3145,1.8732,1.1178
242.1,0.86669,1.328,1.8355,1.1195
242.2,0.90816,1.3359,1.8246,1.1086
242.3,0.97178,1.363,1.7804,1.112
242.4,1.0603,1.4117,1.6987,1.1314
242.5,1.1087,1.4484,1.6504,1.1324
242.6,1.112,1.4716,1.6396,1.1127
242.7,1.1483,1.5169,1.6216,1.0866
242.8,1.2214,1.587,1.5953,1.0534
242.9,1.2791,1.6306,1.5973,1.0526
243,1.3193,1.6447,1.6311,1.0883
243.1,1.3588,1.6773,1.6588,1.1014
243.2,1.3974,1.7309,1.6798,1.0893
243.3,1.4237,1.7737,1.6914,1.0915
243.4,1.4363,1.8045,1.6925,1.1098
243.5,1.4713,1.8108,1.7035,1.1104
243.6,1.5315,1.7896,1.7257,1.091
243.7,1.5797,1.793,1.7148,1.1097
243.8,1.6146,1.8239,1.6666,1.1711
243.9,1.6194,1.8514,1.6377,1.2063
244,1.5907,1.875,1.6306,1.2121
244.1,1.5705,1.8877,1.6357,1.2078
244.2,1.5601,1.8884,1.6546,1.192
244.3,1.5708,1.8971,1.6688,1.202
244.4,1.6051,1.9151,1.6779,1.2408
244.5,1.6359,1.9402,1.6753,1.2631
244.6,1.6626,1.9733,1.6594,1.2669
244.7,1.6823,1.9993,1.646,1.2678
244.8,1.6901,2.013,1.6371,1.2641
244.9,1.7055,2.0287,1.6244,1.2649
245,1.734,2.0476,1.6054,1.2736
245.1,1.7628,2.07,1.5847,1.2738
245.2,1.7922,2.0987,1.5614,1.2593
245.3,1.8229,2.1159,1.5312,1.2544
245.4,1.8555,2.1136,1.4893,1.2655
245.5,1.8696,2.1143,1.4623,1.2851
245.6,1.8524,2.1202,1.4603,1.3192
245.7,1.8366,2.1178,1.478,1.3421
245.8,1.8236,2.1012,1.529,1.346
245.9,1.817,2.095,1.5547,1.3406
246,1.8212,2.1061,1.5374,1.3194
246.1,1.8327,2.1243,1.5443,1.3009
246.2,1.8562,2.1544,1.5922,1.287
246.3,1.8643,2.1695,1.6359,1.2788
246.4,1.8461,2.1591,1.6722,1.2801
246.5,1.8492,2.1491,1.6736,1.288
246.6,1.8882,2.1397,1.6159,1.3071
246.7,1.9085,2.1345,1.5883,1.3331
246.8,1.8972,2.1363,1.6114,1.3707
246.9,1.8815,2.1376,1.6206,1.3952
247,1.8586,2.1383,1.606,1.3974
247.1,1.8177,2.1294,1.6208,1.3959
247.2,1.7461,2.1045,1.6855,1.3881
247.3,1.6867,2.0796,1.726,1.3878
247.4,1.6481,2.0547,1.7251,1.4003
247.5,1.6307,2.0481,1.7204,1.4096
247.6,1.6489,2.0727,1.7093,1.4136
247.7,1.6556,2.1036,1.6934,1.4225
247.8,1.6428,2.1452,1.6694,1.44
247.9,1.6216,2.154,1.6441,1.4534
248,1.5864,2.1072,1.6169,1.4599
248.1,1.5572,2.0677,1.6109,1.4704
248.2,1.5382,2.0404,1.6409,1.4876
248.3,1.492,1.9944,1.6744,1.4874
248.4,1.3997,1.9166,1.7139,1.4576
248.5,1.3264,1.86,1.7334,1.4466
248.6,1.2855,1.8391,1.7191,1.4674
248.7,1.2352,1.8119,1.7253,1.4772
248.8,1.1689,1.7741,1.7664,1.4685
248.9,1.1278,1.7485,1.8204,1.4805
249,1.1294,1.7437,1.8964,1.5275
249.1,1.1152,1.7315,1.9301,1.5485
249.2,1.0739,1.7067,1.8921,1.5251
249.3,1.0508,1.6808,1.8624,1.5022
249.4,1.0586,1.6531,1.8467,1.4801
249.5,1.051,1.6189,1.8328,1.4765
249.6,1.0173,1.5739,1.8222,1.5042
249.7,1.0127,1.5463,1.8111,1.5118
249.8,1.0575,1.5483,1.799,1.4851
249.9,1.0874,1.543,1.7625,1.4436
250,1.0922,1.5253,1.6844,1.3771
250.1,1.0834,1.506,1.6567,1.3478
250.2,1.0517,1.4838,1.7147,1.3814
250.3,1.0469,1.4736,1.756,1.3983
250.4,1.0877,1.4839,1.7691,1.3869
250.5,1.1109,1.4905,1.747,1.3788
250.6,1.1045,1.4911,1.6651,1.3766
250.7,1.0872,1.4857,1.5989,1.3789
250.8,1.0518,1.4704,1.5593,1.3889
250.9,1.0385,1.4626,1.5569,1.4028
251,1.0628,1.4673,1.6176,1.4231
251.1,1.0831,1.4662,1.6411,1.4175
251.2,1.0967,1.455,1.6016,1.368
251.3,1.1058,1.4399,1.5966,1.3561
251.4,1.107,1.4182,1.6501,1.4082
251.5,1.1077,1.4124,1.6805,1.4296
251.6,1.1076,1.4336,1.6718,1.3989
251.7,1.1191,1.4458,1.6453,1.3845
251.8,1.1502,1.4427,1.5889,1.3976
251.9,1.1615,1.4372,1.5291,1.3933
252,1.1391,1.428,1.4635,1.3593
252.1,1.1199,1.4127,1.4139,1.345
252.2,1.1059,1.3871,1.3912,1.3641
252.3,1.1148,1.3681,1.3635,1.3786
252.4,1.1625,1.3604,1.3273,1.3849
252.5,1.1864,1.3527,1.3135,1.3817
252.6,1.1699,1.3449,1.3376,1.3622
252.7,1.1683,1.3391,1.3435,1.3503
252.8,1.1917,1.3367,1.3183,1.3513
252.9,1.2382,1.3351,1.3005,1.3566
253,1.3235,1.3349,1.2954,1.3693
253.1,1.3775,1.3422,1.3009,1.3653
253.2,1.3781,1.3625,1.3244,1.3331
253.3,1.4078,1.3762,1.3334,1.3102
253.4,1.4868,1.3788,1.318,1.3032
253.5,1.5261,1.3755,1.3132,1.2905
253.6,1.4981,1.362,1.3267,1.268
253.7,1.4815,1.3659,1.3487,1.2581
253.8,1.4841,1.3993,1.3851,1.2696
253.9,1.4953,1.4426,1.4267,1.2675
254,1.5211,1.5028,1.4772,1.2424
254.1,1.558,1.5709,1.5251,1.2264
254.2,1.6245,1.6606,1.5661,1.235
254.3,1.6855,1.7258,1.6223,1.2479
254.4,1.7321,1.7254,1.7192,1.2723
254.5,1.7841,1.7475,1.7816,1.2883
254.6,1.8506,1.8302,1.7513,1.2818
254.7,1.8863,1.8905,1.7307,1.2788
254.8,1.8391,1.8905,1.736,1.2851
254.9,1.8251,1.8913,1.7326,1.2799
255,1.9002,1.8946,1.7062,1.2441
255.1,1.9398,1.9057,1.6932,1.2307
255.2,1.8834,1.9379,1.7162,1.2773
255.3,1.8545,1.9662,1.7356,1.3099
255.4,1.8992,1.984,1.7451,1.3052
255.5,1.9222,2.0093,1.7472,1.3016
255.6,1.8864,2.0545,1.7292,1.3014
255.7,1.8545,2.089,1.7125,1.3012
255.8,1.8326,2.0942,1.6993,1.3012
255.9,1.8086,2.092,1.6936,1.299
256,1.7793,2.0698,1.7079,1.2911
256.1,1.7537,2.0545,1.7338,1.2961
256.2,1.7381,2.0578,1.7914,1.3354
256.3,1.7324,2.0634,1.8405,1.3673
256.4,1.7535,2.075,1.8671,1.379
256.5,1.7648,2.0831,1.8828,1.3849
256.6,1.7496,2.0818,1.8692,1.3751
256.7,1.7304,2.0799,1.8609,1.3705
256.8,1.7006,2.0761,1.8673,1.3796
256.9,1.662,2.0715,1.8795,1.3836
257,1.6,2.0648,1.9074,1.3738
257.1,1.5481,2.0551,1.9236,1.3653
257.2,1.5235,2.0371,1.908,1.3606
257.3,1.4843,2.0094,1.9128,1.3534
257.4,1.4057,1.9554,1.9724,1.3396
257.5,1.321,1.9071,2.0132,1.3256
257.6,1.22,1.8739,2.0039,1.3112
257.7,1.1576,1.8469,1.9881,1.2962
257.8,1.1992,1.8367,1.9546,1.2796
257.9,1.223,1.8333,1.9247,1.2736
258,1.1987,1.8486,1.9044,1.296
258.1,1.1832,1.868,1.8897,1.2988
258.2,1.1916,1.8988,1.8901,1.2487
258.3,1.1985,1.9344,1.8885,1.2154
258.4,1.2015,1.9824,1.8815,1.2272
258.5,1.2151,2.0145,1.8783,1.241
258.6,1.2575,2.0035,1.8851,1.2606
258.7,1.2969,2.0088,1.8995,1.2715
258.8,1.3285,2.0579,1.9346,1.2592
258.9,1.3566,2.0983,1.9474,1.2473
259,1.3751,2.1149,1.9004,1.2364
259.1,1.3924,2.1371,1.8614,1.2372
259.2,1.4063,2.1743,1.8441,1.2698
259.3,1.4195,2.2059,1.8348,1.2882
259.4,1.4307,2.2225,1.8469,1.2686
259.5,1.4398,2.2269,1.8482,1.2533
259.6,1.4429,2.1985,1.8203,1.2499
259.7,1.4567,2.186,1.791,1.2557
259.8,1.4992,2.2162,1.7578,1.2862
259.9,1.5468,2.2365,1.7271,1.3046
260,1.6083,2.23,1.7033,1.2904
260.1,1.6563,2.2295,1.7033,1.2822
260.2,1.6685,2.2457,1.7675,1.2906
260.3,1.6839,2.2578,1.8144,1.2957
260.4,1.708,2.2594,1.8146,1.292
260.5,1.7351,2.2598,1.8079,1.2966
260.6,1.7701,2.2575,1.7827,1.3233
260.7,1.8018,2.2646,1.7648,1.3504
260.8,1.8247,2.2969,1.7667,1.3784
260.9,1.8516,2.3152,1.771,1.3998
261,1.8897,2.2958,1.7817,1.4031
261.1,1.9073,2.2858,1.7755,1.3984
261.2,1.8699,2.3009,1.7235,1.3719
261.3,1.8434,2.3002,1.6888,1.3595
261.4,1.8461,2.2568,1.7008,1.3849
261.5,1.8272,2.2345,1.7083,1.4106
261.6,1.7501,2.2688,1.7038,1.4373
261.7,1.6913,2.2814,1.7276,1.4484
261.8,1.6819,2.2355,1.8275,1.4174
261.9,1.6918,2.204,1.8826,1.3987
262,1.7537,2.211,1.8169,1.4129
262.1,1.7825,2.214,1.7777,1.424
262.2,1.7224,2.2064,1.8095,1.4265
262.3,1.6885,2.2091,1.8279,1.4327
262.4,1.7254,2.2396,1.8103,1.4491
262.5,1.7632,2.2651,1.7917,1.4599
262.6,1.8037,2.2769,1.7705,1.4557
262.7,1.836,2.2872,1.7505,1.4494
262.8,1.846,2.293,1.7332,1.4374
262.9,1.8547,2.2871,1.7229,1.4275
263,1.86,2.2493,1.7314,1.4232
263.1,1.8639,2.2229,1.7423,1.4249
263.2,1.8639,2.2266,1.7596,1.4431
263.3,1.8657,2.2419,1.773,1.4511
263.4,1.8722,2.2885,1.7759,1.4318
263.5,1.8687,2.3291,1.7784,1.4113
263.6,1.8163,2.3405,1.7783,1.3853
263.7,1.7792,2.3459,1.7801,1.364
263.8,1.8155,2.3223,1.7908,1.3662
263.9,1.831,2.3028,1.7995,1.3684
264,1.7457,2.3033,1.7977,1.3705
264.1,1.689,2.3047,1.7962,1.3757
264.2,1.7709,2.3104,1.796,1.3962
264.3,1.8444,2.3193,1.7996,1.4181
264.4,1.8765,2.343,1.822,1.4468
264.5,1.9037,2.3616,1.8436,1.4651
264.6,1.907,2.3557,1.862,1.4331
264.7,1.8994,2.3495,1.8755,1.4102
264.8,1.8384,2.3426,1.8652,1.4315
264.9,1.7813,2.3347,1.8546,1.4496
265,1.7425,2.3219,1.8425,1.4519
265.1,1.712,2.3026,1.8263,1.4533
265.2,1.7213,2.252,1.7895,1.4506
265.3,1.7367,2.2138,1.7642,1.4467
265.4,1.7819,2.2348,1.7952,1.4376
265.5,1.8209,2.2538,1.8212,1.4294
265.6,1.8302,2.2625,1.8236,1.4254
265.7,1.8328,2.2787,1.82,1.421
265.8,1.803,2.331,1.7871,1.4152
265.9,1.7872,2.3686,1.7644,1.4089
266,1.8388,2.3351,1.7908,1.4006
266.1,1.8765,2.3022,1.8099,1.3967
266.2,1.8468,2.2728,1.7937,1.414
266.3,1.8177,2.2438,1.7803,1.427
266.4,1.7921,2.2166,1.7807,1.4193
266.5,1.7662,2.1923,1.7818,1.4189
266.6,1.7394,2.1826,1.7861,1.4537
266.7,1.7236,2.1803,1.7957,1.4782
266.8,1.761,2.2136,1.8308,1.4529
266.9,1.7896,2.236,1.8526,1.4366
267,1.7749,2.2061,1.8095,1.4645
267.1,1.7569,2.1899,1.7879,1.4858
267.2,1.7222,2.2404,1.8711,1.4756
267.3,1.6925,2.2768,1.9433,1.4673
267.4,1.6864,2.2449,1.9626,1.4683
267.5,1.6874,2.2135,1.9798,1.472
267.6,1.7225,2.1849,1.9866,1.488
267.7,1.7423,2.1601,1.996,1.5032
267.8,1.688,2.1535,2.0176,1.5146
267.9,1.6391,2.1533,2.0335,1.5203
268,1.6164,2.1835,2.0213,1.4983
268.1,1.598,2.2075,2.0219,1.4811
268.2,1.6006,2.2014,2.0847,1.4876
268.3,1.6073,2.1886,2.1396,1.4938
268.4,1.6346,2.1431,2.1559,1.4992
268.5,1.6556,2.1092,2.1629,1.5029
268.6,1.6468,2.1313,2.1247,1.4981
268.7,1.6362,2.1513,2.0877,1.4871
268.8,1.6164,2.1611,2.0567,1.4458
268.9,1.6071,2.1691,2.0293,1.4104
269,1.6488,2.1682,2.0193,1.404
269.1,1.686,2.1634,2.0037,1.3975
269.2,1.7013,2.14,1.9606,1.3905
269.3,1.7077,2.1226,1.9245,1.3808
269.4,1.6709,2.1339,1.9218,1.3579
269.5,1.6516,2.1508,1.9219,1.3432
269.6,1.7173,2.1948,1.9355,1.3682
269.7,1.77,2.2327,1.9395,1.391
269.8,1.7601,2.241,1.8974,1.4036
269.9,1.7618,2.2578,1.859,1.4067
270,1.8201,2.316,1.8384,1.3632
270.1,1.8679,2.3614,1.8238,1.3235
270.2,1.8652,2.3449,1.8385,1.3018
270.3,1.845,2.3214,1.8548,1.2893
270.4,1.7403,2.2641,1.8784,1.3207
270.5,1.6456,2.2108,1.8949,1.3473
270.6,1.5991,2.1769,1.8767,1.3507
270.7,1.5576,2.1415,1.8636,1.3578
270.8,1.5403,2.0982,1.8757,1.3825
270.9,1.5161,2.0544,1.883,1.3988
271,1.4585,2.0078,1.8669,1.3744
271.1,1.4011,1.9628,1.8582,1.3554
271.2,1.3451,1.9261,1.8852,1.3625
271.3,1.2879,1.8906,1.9067,1.3706
271.4,1.2251,1.8611,1.9018,1.3839
271.5,1.1701,1.8366,1.8861,1.4006
271.6,1.1529,1.8369,1.8178,1.4344
271.7,1.136,1.8243,1.7713,1.4558
271.8,1.1208,1.7498,1.8302,1.4179
271.9,1.1102,1.6881,1.8798,1.3832
272,1.1215,1.6889,1.8842,1.365
272.1,1.1307,1.6807,1.877,1.3536
272.2,1.1298,1.6286,1.8134,1.3754
272.3,1.1225,1.5852,1.7639,1.3913
272.4,1.0844,1.5835,1.7829,1.3788
272.5,1.0478,1.5842,1.8296,1.3821
272.6,1.0184,1.5961,2.0101,1.4619
272.7,0.99771,1.6048,2.1548,1.5203
272.8,1.0187,1.5982,2.1254,1.475
272.9,1.0406,1.592,2.0933,1.4326
273,1.0665,1.5874,2.0479,1.4041
273.1,1.0924,1.5808,2.0037,1.377
273.2,1.1176,1.5475,1.9753,1.3693
273.3,1.1398,1.516,1.9451,1.3623
273.4,1.1212,1.5082,1.8903,1.3654
273.5,1.108,1.5011,1.8362,1.3676
273.6,1.1643,1.5023,1.7922,1.3593
273.7,1.2156,1.5039,1.7473,1.3496
273.8,1.2035,1.5111,1.6909,1.3225
273.9,1.1942,1.5172,1.6364,1.2959
274,1.2222,1.5093,1.6051,1.2779
274.1,1.2498,1.5039,1.5753,1.2626
274.2,1.2738,1.5294,1.5648,1.2843
274.3,1.2975,1.5528,1.5537,1.3056
274.4,1.3156,1.5493,1.5336,1.3209
274.5,1.3343,1.5464,1.512,1.3326
274.6,1.3593,1.5509,1.4705,1.2969
274.7,1.3826,1.5529,1.4292,1.2634
274.8,1.3834,1.5207,1.3897,1.259
274.9,1.3875,1.4898,1.3538,1.2561
275,1.4335,1.4779,1.3644,1.2738
275.1,1.4783,1.4652,1.3761,1.2876
275.2,1.5078,1.442,1.401,1.2509
275.3,1.5364,1.4237,1.4224,1.2162
275.4,1.5559,1.4684,1.3962,1.2072
275.5,1.5735,1.5098,1.3697,1.198
275.6,1.5686,1.5074,1.3381,1.1861
275.7,1.5643,1.5045,1.3133,1.175
275.8,1.5684,1.495,1.3772,1.1744
275.9,1.5667,1.4858,1.4435,1.1756
276,1.4896,1.4811,1.5392,1.1999
276.1,1.4216,1.48,1.629,1.2214
276.2,1.4744,1.5262,1.6396,1.2078
276.3,1.524,1.5722,1.6533,1.1965
276.4,1.532,1.6153,1.7082,1.2151
276.5,1.5429,1.6595,1.7616,1.2329
276.6,1.5913,1.719,1.796,1.241
276.7,1.6404,1.7768,1.8326,1.2479
276.8,1.6984,1.8129,1.899,1.2413
276.9,1.7497,1.8504,1.963,1.2348
277,1.7126,1.9065,1.9958,1.2301
277.1,1.6809,1.9599,2.0283,1.2289
277.2,1.7183,1.9757,2.0574,1.273
277.3,1.7544,1.9927,2.0801,1.3153
277.4,1.7723,2.0257,2.0201,1.3342
277.5,1.7842,2.0586,1.9652,1.3492
277.6,1.7164,2.0913,1.9773,1.3151
277.7,1.6554,2.1223,1.9893,1.2852
277.8,1.6831,2.1312,2.0005,1.3095
277.9,1.7111,2.1404,2.0073,1.3325
278,1.7425,2.1536,1.9574,1.3375
278.1,1.7727,2.1646,1.9127,1.3415
278.2,1.7858,2.1449,1.9369,1.3327
278.3,1.797,2.1255,1.9568,1.3232
278.4,1.7834,2.1082,1.921,1.3036
278.5,1.7732,2.0957,1.887,1.2855
278.6,1.8084,2.1453,1.8772,1.2873
278.7,1.8357,2.1868,1.8675,1.2897
278.8,1.7586,2.1235,1.8593,1.2987
278.9,1.6924,2.0653,1.8485,1.3057
279,1.7688,2.0744,1.8035,1.2862
279.1,1.8338,2.0834,1.7617,1.267
279.2,1.7487,2.0919,1.7635,1.2534
279.3,1.6705,2.1016,1.7631,1.2392
279.4,1.6827,2.1268,1.7353,1.2185
279.5,1.6936,2.1508,1.7117,1.2013
279.6,1.6876,2.1582,1.7444,1.2291
279.7,1.6767,2.1628,1.7799,1.2567
279.8,1.6015,2.1292,1.8527,1.2812
279.9,1.5282,2.0969,1.9206,1.303
280,1.4798,2.0803,1.9224,1.2903
280.1,1.4346,2.0655,1.9254,1.2796
280.2,1.4311,2.0734,1.9423,1.2944
280.3,1.4269,2.0801,1.958,1.3077
280.4,1.4142,2.0712,1.957,1.3021
280.5,1.3998,2.0578,1.9553,1.2951
280.6,1.3639,1.9849,1.9447,1.2683
280.7,1.3254,1.9165,1.9457,1.2446
280.8,1.253,1.9078,2.0993,1.261
280.9,1.1844,1.8979,2.2409,1.2782
281,1.1644,1.8711,2.2236,1.3058
281.1,1.1449,1.8429,2.2042,1.3294
281.2,1.1319,1.7953,2.1573,1.3016
281.3,1.1175,1.7501,2.11,1.2732
281.4,1.0836,1.7363,2.0579,1.2371
281.5,1.0485,1.724,2.0089,1.2059
281.6,0.99896,1.7332,2.0014,1.2387
281.7,0.94923,1.7415,1.9956,1.2674
281.8,0.89765,1.7387,2.013,1.242
281.9,0.85186,1.7314,2.0278,1.2185
282,0.88177,1.6656,2.0077,1.2185
282.1,0.90827,1.6033,1.9831,1.2169
282.2,0.89023,1.5855,1.8991,1.1934
282.3,0.8734,1.5664,1.8202,1.1731
282.4,0.87222,1.5298,1.8098,1.195
282.5,0.87104,1.4931,1.7993,1.2168
282.6,0.83719,1.492,1.829,1.1987
282.7,0.80238,1.4921,1.8598,1.1794
282.8,0.86007,1.4795,1.8785,1.1641
282.9,0.92053,1.4666,1.8969,1.1489
283,0.90801,1.4604,1.8353,1.1458
283.1,0.8933,1.4545,1.7714,1.143
283.2,0.9154,1.4603,1.7246,1.1461
283.3,0.93859,1.4664,1.6783,1.1494
283.4,0.89499,1.4401,1.7237,1.1477
283.5,0.8494,1.4129,1.7719,1.1458
283.6,0.81441,1.4016,1.8172,1.1369
283.7,0.77974,1.3909,1.8624,1.1278
283.8,0.79165,1.3601,1.8765,1.141
283.9,0.80495,1.3286,1.8896,1.1548
284,0.82223,1.3454,1.9426,1.1428
284.1,0.83962,1.3636,1.9969,1.1301
284.2,0.83574,1.3593,2.0854,1.1616
284.3,0.83122,1.3544,2.175,1.1943
284.4,0.90195,1.3899,2.0747,1.1935
284.5,0.97492,1.4268,1.9688,1.1917
284.6,1.0131,1.484,1.9411,1.1905
284.7,1.0503,1.5418,1.9158,1.1892
284.8,1.0959,1.5886,1.8919,1.1913
284.9,1.1417,1.635,1.8681,1.1934
285,1.2041,1.6722,1.854,1.1622
285.1,1.2669,1.7092,1.8402,1.1299
285.2,1.3662,1.8088,1.8327,1.1548
285.3,1.4666,1.9103,1.8254,1.1814
285.4,1.5147,1.9676,1.7767,1.1776
285.5,1.5612,2.0235,1.7268,1.1729
285.6,1.5827,2.038,1.7279,1.1793
285.7,1.6035,2.0513,1.7306,1.1861
285.8,1.6684,2.0464,1.7178,1.2228
285.9,1.7345,2.0409,1.7046,1.2604
286,1.7368,2.0069,1.7061,1.241
286.1,1.7371,1.9721,1.708,1.22
286.2,1.7321,2.0103,1.7327,1.2301
286.3,1.727,2.0506,1.7582,1.2411
286.4,1.6985,2.0462,1.7385,1.2425
286.5,1.6693,2.0404,1.7175,1.2436
286.6,1.6671,2.0481,1.7821,1.2497
286.7,1.6657,2.0562,1.8494,1.2559
286.8,1.6742,2.044,1.8292,1.2647
286.9,1.683,2.0313,1.8064,1.2735
287,1.6612,2.0495,1.7979,1.287
287.1,1.6385,2.0687,1.7898,1.3006
287.2,1.7073,2.1179,1.7951,1.3055
287.3,1.7788,2.168,1.8008,1.3103
287.4,1.7477,2.1739,1.7944,1.279
287.5,1.7135,2.1784,1.7877,1.2468
287.6,1.7395,2.1583,1.8407,1.2738
287.7,1.7673,2.1375,1.8955,1.3025
287.8,1.7981,2.1546,1.8831,1.2854
287.9,1.8291,2.1728,1.8687,1.2669
288,1.8646,2.2212,1.8321,1.2836
288.1,1.9003,2.2704,1.7949,1.3013
288.2,1.8696,2.2998,1.8005,1.3015
288.3,1.837,2.3287,1.8075,1.3011
288.4,1.8803,2.2799,1.8166,1.3377
288.5,1.9259,2.2287,1.8259,1.3755
288.6,1.9409,2.1568,1.7844,1.3524
288.7,1.9549,2.0842,1.7413,1.3275
288.8,1.9398,2.1152,1.7145,1.3444
288.9,1.9238,2.1492,1.6881,1.3625
289,1.8756,2.0989,1.7626,1.3524
289.1,1.8264,2.0461,1.8401,1.3415
289.2,1.7533,2.0606,1.9051,1.3667
289.3,1.6794,2.0771,1.9697,1.3929
289.4,1.7374,2.0887,1.9257,1.3886
289.5,1.7993,2.1001,1.8786,1.3835
289.6,1.8422,2.1365,1.8622,1.3678
289.7,1.8846,2.1737,1.8468,1.3519
289.8,1.9229,2.1739,1.8184,1.3497
289.9,1.9611,2.173,1.7896,1.348
290,1.907,2.1921,1.7516,1.3704
290.1,1.8502,2.2118,1.7133,1.3935
290.2,1.8381,2.1804,1.7208,1.3937
290.3,1.8273,2.1476,1.7296,1.3933
290.4,1.8212,2.1629,1.7758,1.4143
290.5,1.8152,2.1796,1.823,1.4361
290.6,1.811,2.1881,1.8599,1.4387
290.7,1.8069,2.1964,1.8964,1.4407
290.8,1.795,2.1869,1.9126,1.4132
290.9,1.783,2.1769,1.9283,1.3847
291,1.7576,2.1798,1.9186,1.4318
291.1,1.7318,2.183,1.9083,1.4811
291.2,1.6952,2.1592,1.9095,1.4847
291.3,1.6582,2.1347,1.9111,1.487
291.4,1.6202,2.1373,1.917,1.4635
291.5,1.5821,2.1408,1.923,1.4392
291.6,1.5457,2.1187,1.9512,1.4389
291.7,1.5094,2.0957,1.9802,1.4394
291.8,1.5063,2.0957,1.997,1.4372
291.9,1.5043,2.0963,2.0134,1.435
292,1.4874,2.1035,1.9736,1.4206
292.1,1.4683,2.1117,1.9254,1.4044
292.2,1.4502,2.1443,1.9625,1.4091
292.3,1.4322,2.1804,2.0122,1.4169
292.4,1.4172,2.1427,2.0542,1.441
292.5,1.4026,2.0941,2.0952,1.4674
292.6,1.4271,2.1223,2.0974,1.4499
292.7,1.4573,2.1619,2.094,1.4259
292.8,1.4996,2.1263,2.0569,1.3989
292.9,1.5436,2.0795,2.0149,1.3715
293,1.6101,2.1044,1.9859,1.3715
293.1,1.6798,2.1398,1.9589,1.3755
293.2,1.6992,2.1187,1.9257,1.3913
293.3,1.7111,2.0893,1.8916,1.4089
293.4,1.7512,2.1141,1.8846,1.3662
293.5,1.7955,2.147,1.8817,1.3145
293.6,1.7609,2.1405,1.8614,1.3436
293.7,1.7146,2.1282,1.8385,1.3848
293.8,1.6429,2.1254,1.8648,1.3717
293.9,1.5674,2.124,1.8984,1.3507
294,1.5727,2.1309,1.8825,1.3593
294.1,1.5899,2.1391,1.8593,1.3723
294.2,1.5563,2.0991,1.8688,1.349
294.3,1.5151,2.0519,1.8831,1.3204
294.4,1.5495,2.0508,1.8694,1.3285
294.5,1.595,2.0565,1.8515,1.342
294.6,1.5706,2.059,1.8511,1.3548
294.7,1.5358,2.0609,1.8534,1.3675
294.8,1.4256,2.0556,1.9108,1.3591
294.9,1.3042,2.0493,1.9765,1.3477
295,1.2304,1.987,2.0784,1.3712
295.1,1.1637,1.9166,2.1858,1.3998
295.2,1.1002,1.8651,2.227,1.3842
295.3,1.0371,1.8165,2.2583,1.3621
295.4,1.0032,1.786,2.2395,1.3369
295.5,0.9736,1.7583,2.2132,1.3112
295.6,0.9361,1.7397,2.1641,1.3017
295.7,0.89742,1.7225,2.1117,1.2946
295.8,0.92054,1.7047,2.0538,1.2645
295.9,0.95282,1.6869,1.995,1.2309
296,0.94462,1.6724,1.9419,1.2243
296.1,0.93042,1.6583,1.8896,1.2216
296.2,0.95034,1.6246,1.8209,1.2137
296.3,0.97531,1.588,1.7497,1.205
296.4,0.97295,1.5687,1.6925,1.1705
296.5,0.96654,1.552,1.6374,1.1321
296.6,0.94537,1.5258,1.6405,1.1298
296.7,0.92202,1.4982,1.6521,1.1328
296.8,0.89146,1.5002,1.765,1.1565
296.9,0.85984,1.5066,1.8928,1.1832
297,0.83967,1.5018,1.9266,1.17
297.1,0.82118,1.4953,1.9465,1.1508
