0,1.9359,2.3206,1.9562,1.8352
0.1,1.9061,2.3526,2.0107,1.8489
0.2,1.8764,2.3847,2.0652,1.8625
0.3,1.8723,2.3796,2.072,1.8127
0.4,1.8683,2.3744,2.0787,1.7627
0.5,1.9064,2.3659,2.0523,1.7724
0.6,1.9447,2.3574,2.0258,1.7823
0.7,1.9683,2.366,2.0037,1.7645
0.8,1.9918,2.3747,1.9816,1.7466
0.9,1.961,2.3316,2.0202,1.7259
1,1.9298,2.2882,2.0593,1.7051
1.1,1.9429,2.2993,2.0502,1.7085
1.2,1.9564,2.311,2.0406,1.7121
1.3,1.9093,2.2981,2.0699,1.7781
1.4,1.8614,2.2849,2.0996,1.8449
1.5,1.8425,2.2737,2.1777,1.8882
1.6,1.8241,2.2626,2.2564,1.9312
1.7,1.777,2.2788,2.2568,1.9152
1.8,1.7295,2.2955,2.256,1.8983
1.9,1.747,2.2926,2.1972,1.864
2,1.7657,2.2894,2.1374,1.8293
2.1,1.8013,2.2577,2.1353,1.8393
2.2,1.8373,2.2254,2.1345,1.8503
2.3,1.8729,2.2775,2.0882,1.8432
2.4,1.9085,2.3315,2.0407,1.8357
2.5,1.8966,2.3114,2.0069,1.8261
2.6,1.8836,2.2894,1.9733,1.8164
2.7,1.8993,2.2804,1.9521,1.7768
2.8,1.9158,2.2718,1.9311,1.7363
2.9,1.8291,2.2357,1.8914,1.7658
3,1.7393,2.1988,1.8512,1.7974
3.1,1.6486,2.1606,1.8609,1.786
3.2,1.5578,2.1225,1.8722,1.7733
3.3,1.5298,2.0838,1.8327,1.74
3.4,1.5039,2.0451,1.7914,1.7061
3.5,1.5313,2.0461,1.7739,1.7145
3.6,1.5607,2.0485,1.7572,1.7244
3.7,1.5364,2.0366,1.7117,1.7195
3.8,1.5101,2.0241,1.665,1.7139
3.9,1.4564,1.976,1.6495,1.7037
4,1.4016,1.9263,1.6353,1.6933
4.1,1.3847,1.9018,1.6269,1.7496
4.2,1.3694,1.8783,1.6187,1.8089
4.3,1.3757,1.8781,1.6072,1.7635
4.4,1.383,1.8791,1.5954,1.7133
4.5,1.4123,1.8613,1.5797,1.7402
4.6,1.4427,1.8426,1.5637,1.7707
4.7,1.4123,1.8054,1.5784,1.7634
4.8,1.3788,1.7673,1.5945,1.7542
4.9,1.331,1.7754,1.612,1.7667
5,1.2824,1.7859,1.6297,1.7802
5.1,1.29,1.7902,1.6099,1.7385
5.2,1.3006,1.7942,1.588,1.6937
5.3,1.3244,1.7583,1.5793,1.7074
5.4,1.3491,1.7201,1.5713,1.7245
5.5,1.3588,1.7046,1.5498,1.6768
5.6,1.3677,1.6903,1.5274,1.6252
5.7,1.3942,1.6928,1.5281,1.6229
5.8,1.4218,1.6964,1.5302,1.6237
5.9,1.4483,1.6827,1.5087,1.6465
6,1.4747,1.6678,1.4858,1.6707
6.1,1.4523,1.6268,1.5045,1.6765
6.2,1.4265,1.584,1.526,1.6811
6.3,1.4141,1.5922,1.5514,1.6832
6.4,1.4026,1.6041,1.5772,1.6851
6.5,1.3772,1.6156,1.5673,1.6741
6.6,1.3509,1.627,1.5547,1.6622
6.7,1.4134,1.6239,1.549,1.6345
6.8,1.4826,1.6197,1.5437,1.6057
6.9,1.52,1.6486,1.5347,1.6108
7,1.555,1.6799,1.5254,1.6185
7.1,1.5116,1.671,1.5205,1.6107
7.2,1.4621,1.6589,1.5159,1.6016
7.3,1.4385,1.6776,1.5373,1.6622
7.4,1.417,1.6988,1.5608,1.7284
7.5,1.4081,1.6981,1.5822,1.7227
7.6,1.4003,1.6956,1.6033,1.7109
7.7,1.414,1.6591,1.574,1.6734
7.8,1.4296,1.6195,1.5403,1.6336
7.9,1.4414,1.6079,1.4946,1.5915
8,1.4528,1.5988,1.4477,1.5492
8.1,1.476,1.6191,1.452,1.5744
8.2,1.5003,1.6421,1.461,1.6057
8.3,1.4881,1.6472,1.441,1.5961
8.4,1.4725,1.6507,1.4182,1.5827
8.5,1.5129,1.6763,1.4644,1.5624
8.6,1.5586,1.7039,1.5172,1.5414
8.7,1.5867,1.7718,1.5874,1.5707
8.8,1.6131,1.8436,1.6592,1.605
8.9,1.6646,1.8568,1.6853,1.6503
9,1.7185,1.8644,1.7068,1.6967
9.1,1.7388,1.8808,1.7055,1.6783
9.2,1.7555,1.8982,1.7016,1.6528
9.3,1.8132,1.9341,1.7383,1.6708
9.4,1.8754,1.9721,1.7795,1.6935
9.5,1.8977,1.9822,1.8156,1.6884
9.6,1.9158,1.9893,1.8512,1.6803
9.7,1.9583,2.0215,1.8584,1.656
9.8,2.0036,2.0566,1.8625,1.6299
9.9,2.0207,2.087,1.8169,1.6244
10,2.0348,2.1169,1.766,1.6211
10.1,2.004,2.1175,1.7957,1.638
10.2,1.9677,2.1145,1.8353,1.6573
10.3,1.986,2.1062,1.8525,1.6521
10.4,2.011,2.0971,1.867,1.644
10.5,1.9795,2.1139,1.8971,1.5996
10.6,1.9412,2.1339,1.9291,1.5508
10.7,1.9664,2.1114,1.9804,1.574
10.8,1.9992,2.0837,2.0341,1.606
10.9,2.0141,2.0902,2.036,1.5775
11,2.0268,2.1008,2.0316,1.5416
11.1,2.0261,2.1498,2.0008,1.5324
11.2,2.0235,2.2039,1.9665,1.5268
11.3,2.0172,2.2213,1.9478,1.5263
11.4,2.0103,2.2338,1.9313,1.5265
11.5,2.0261,2.2337,1.8982,1.5582
11.6,2.045,2.2319,1.8628,1.5942
11.7,2.023,2.1885,1.882,1.6132
11.8,1.9955,2.1394,1.9085,1.6299
11.9,1.9931,2.1605,1.8999,1.6059
12,1.9943,2.192,1.886,1.576
12.1,2.0146,2.2162,1.8291,1.5878
12.2,2.0377,2.2393,1.7657,1.6059
12.3,2.0252,2.2235,1.7699,1.5664
12.4,2.0075,2.2019,1.784,1.5185
12.5,1.9901,2.1724,1.8078,1.502
12.6,1.9727,2.1416,1.8331,1.4901
12.7,1.8994,2.1349,1.8415,1.5166
12.8,1.8177,2.1316,1.8474,1.5488
12.9,1.7576,2.1123,1.8194,1.4875
13,1.7009,2.0903,1.7859,1.411
13.1,1.6559,2.1093,1.7678,1.4112
13.2,1.6129,2.1349,1.7522,1.4237
13.3,1.6022,2.0862,1.7483,1.4063
13.4,1.5968,2.0256,1.7463,1.3842
13.5,1.5895,2.0139,1.7566,1.4082
13.6,1.5819,2.0102,1.7687,1.4397
13.7,1.5402,1.969,1.7507,1.4186
13.8,1.493,1.9218,1.7277,1.3891
13.9,1.4868,1.8882,1.6905,1.3841
14,1.4877,1.857,1.6509,1.3835
14.1,1.4444,1.8617,1.6456,1.3771
14.2,1.3933,1.8726,1.6464,1.3697
14.3,1.3374,1.847,1.6857,1.3486
14.4,1.2806,1.8149,1.7317,1.3249
14.5,1.2425,1.7703,1.7942,1.3072
14.6,1.2077,1.7236,1.8597,1.2905
14.7,1.2091,1.7251,1.8442,1.3062
14.8,1.2168,1.7351,1.8145,1.3276
14.9,1.1707,1.7278,1.8354,1.3328
15,1.1145,1.7172,1.8659,1.3349
15.1,1.0549,1.6899,1.8826,1.3462
15.2,0.9946,1.6595,1.8968,1.3591
15.3,0.96365,1.6485,1.9005,1.3453
15.4,0.93824,1.6412,1.9022,1.3263
15.5,0.96196,1.6588,1.8807,1.3305
15.6,0.99496,1.6811,1.8549,1.339
15.7,1.0217,1.6591,1.8289,1.31
15.8,1.0472,1.6281,1.8028,1.2734
15.9,1.0657,1.6229,1.784,1.2825
16,1.0827,1.623,1.7666,1.301
16.1,1.0297,1.6315,1.7993,1.3107
16.2,0.96248,1.6416,1.8421,1.3187
16.3,0.95186,1.6201,1.8567,1.3162
16.4,0.95275,1.5921,1.8655,1.3116
16.5,0.97407,1.5969,1.8713,1.3044
16.6,0.99954,1.6082,1.8765,1.2966
16.7,0.97813,1.574,1.8616,1.2765
16.8,0.94649,1.5298,1.8424,1.2537
16.9,0.93994,1.4808,1.8125,1.2556
17,0.93886,1.4307,1.7802,1.2628
17.1,0.91097,1.4208,1.8747,1.2604
17.2,0.87723,1.4197,1.9967,1.2558
17.3,0.85119,1.4124,2.0731,1.263
17.4,0.82682,1.4038,2.1394,1.2729
17.5,0.85134,1.4209,2.107,1.2675
17.6,0.88651,1.4437,2.053,1.2589
17.7,0.9283,1.4647,2.0041,1.2559
17.8,0.97164,1.4854,1.9563,1.2543
17.9,1.0429,1.5035,1.8961,1.2498
18,1.1206,1.5211,1.833,1.2445
18.1,1.1763,1.5952,1.8008,1.2506
18.2,1.227,1.6825,1.7759,1.2594
18.3,1.2787,1.71,1.7597,1.2559
18.4,1.3307,1.7234,1.7455,1.2495
18.5,1.3683,1.7525,1.7507,1.2607
18.6,1.4025,1.7851,1.7605,1.276
18.7,1.4713,1.8273,1.737,1.3029
18.8,1.5488,1.8718,1.7052,1.3326
18.9,1.5802,1.88,1.7222,1.3498
19,1.6002,1.8792,1.7514,1.3638
19.1,1.6471,1.9253,1.7648,1.3793
19.2,1.7008,1.9829,1.7743,1.3951
19.3,1.7244,2.0146,1.7865,1.3983
19.4,1.7405,2.0399,1.7993,1.3984
19.5,1.7769,2.0256,1.829,1.3998
19.6,1.8185,2.0009,1.8631,1.4015
19.7,1.8673,2.0186,1.856,1.4217
19.8,1.918,2.0474,1.838,1.4469
19.9,1.9273,2.0492,1.8296,1.4457
20,1.9256,2.044,1.8237,1.4375
20.1,1.9312,2.0526,1.8464,1.4359
20.2,1.9387,2.0648,1.8766,1.436
20.3,1.934,2.0753,1.8515,1.4663
20.4,1.9261,2.0853,1.8118,1.5045
20.5,1.918,2.0827,1.7952,1.5118
20.6,1.9097,2.0767,1.7851,1.5106
20.7,1.9276,2.0874,1.7537,1.5446
20.8,1.9527,2.1027,1.7163,1.5885
20.9,1.9363,2.1064,1.7409,1.6249
21,1.9082,2.1069,1.7827,1.6592
21.1,1.8647,2.0655,1.8164,1.6872
21.2,1.8169,2.0123,1.8477,1.7134
21.3,1.8221,2.0333,1.8471,1.7208
21.4,1.8423,2.075,1.8377,1.723
21.5,1.8716,2.0856,1.841,1.7353
21.6,1.9037,2.087,1.8482,1.7506
21.7,1.9053,2.1212,1.8394,1.754
21.8,1.8977,2.1651,1.8258,1.7538
21.9,1.9228,2.1944,1.8578,1.7396
22,1.9575,2.2195,1.9032,1.7212
22.1,1.9795,2.2201,1.9321,1.7524
22.2,1.9976,2.2135,1.9559,1.7984
22.3,1.98,2.203,1.9669,1.7928
22.4,1.9512,2.1912,1.9738,1.7709
22.5,1.9387,2.1797,1.9814,1.7804
22.6,1.9314,2.1684,1.9891,1.7998
22.7,1.9364,2.1513,1.9928,1.7664
22.8,1.9453,2.1323,1.9952,1.7164
22.9,1.9004,2.108,1.979,1.6923
23,1.8386,2.082,1.957,1.6765
23.1,1.8115,2.0733,1.9482,1.6612
23.2,1.7952,2.0701,1.9436,1.6461
23.3,1.7984,2.0788,1.9437,1.6467
23.4,1.808,2.0914,1.9454,1.6524
23.5,1.8202,2.0946,1.9333,1.6626
23.6,1.8332,2.0948,1.9167,1.6743
23.7,1.8925,2.1311,1.8785,1.6838
23.8,1.9672,2.1794,1.8332,1.6926
23.9,1.9812,2.1974,1.7816,1.681
24,1.975,2.2054,1.728,1.6627
24.1,1.9532,2.1918,1.7346,1.6516
24.2,1.9262,2.1711,1.7612,1.6431
24.3,1.8807,2.1712,1.7435,1.6533
24.4,1.8288,2.1786,1.7103,1.67
24.5,1.7871,2.1667,1.7119,1.6682
24.6,1.7489,2.1482,1.7255,1.6599
24.7,1.7586,2.1376,1.7366,1.6504
24.8,1.7851,2.1299,1.7467,1.6404
24.9,1.8038,2.1256,1.7725,1.6667
25,1.8199,2.1226,1.8039,1.7055
25.1,1.8596,2.1436,1.8354,1.7317
25.2,1.9076,2.1731,1.867,1.7535
25.3,1.9033,2.1981,1.8673,1.7558
25.4,1.8798,2.2214,1.8561,1.7508
25.5,1.8465,2.2177,1.8255,1.7479
25.6,1.8095,2.204,1.7879,1.7457
25.7,1.8155,2.2093,1.7934,1.7486
25.8,1.8373,2.2217,1.8147,1.7533
25.9,1.8137,2.2128,1.9014,1.7543
26,1.7735,2.1961,2.0122,1.7538
26.1,1.742,2.1685,2.0569,1.7608
26.2,1.714,2.1367,2.0761,1.7708
26.3,1.703,2.1212,2.0945,1.7454
26.4,1.6987,2.112,2.1126,1.7064
26.5,1.6956,2.1413,2.1277,1.6653
26.6,1.6928,2.1855,2.1416,1.6233
26.7,1.7054,2.192,2.1451,1.6247
26.8,1.7239,2.1839,2.1445,1.6428
26.9,1.745,2.1893,2.1149,1.6022
27,1.7671,2.1999,2.0739,1.5389
27.1,1.7563,2.1912,2.0189,1.5611
27.2,1.7321,2.1746,1.9582,1.6181
27.3,1.705,2.16,1.9546,1.6038
27.4,1.6766,2.1462,1.9743,1.5606
27.5,1.673,2.1345,1.9707,1.5446
27.6,1.6794,2.1235,1.9578,1.5397
27.7,1.6948,2.1431,1.919,1.549
27.8,1.7138,2.1752,1.8696,1.5641
27.9,1.6861,2.1663,1.8433,1.5373
28,1.6395,2.1408,1.8263,1.4934
28.1,1.5873,2.1125,1.8099,1.4946
28.2,1.5327,2.0831,1.7938,1.515
28.3,1.4845,2.0644,1.799,1.5596
28.4,1.439,2.0503,1.8132,1.6144
28.5,1.3914,2.0272,1.8336,1.5811
28.6,1.3429,2.0001,1.8566,1.5101
28.7,1.3143,1.9601,1.8717,1.4708
28.8,1.2942,1.9145,1.8833,1.445
28.9,1.2721,1.8765,1.8468,1.4133
29,1.2491,1.8417,1.7898,1.3791
29.1,1.2504,1.8231,1.757,1.3782
29.2,1.2625,1.8116,1.735,1.3923
29.3,1.2438,1.7878,1.7502,1.397
29.4,1.2115,1.7586,1.7821,1.3974
29.5,1.1879,1.7672,1.8213,1.3729
29.6,1.1682,1.7928,1.8637,1.3372
29.7,1.1776,1.7718,1.8555,1.3343
29.8,1.1999,1.7298,1.8246,1.346
29.9,1.2051,1.749,1.8117,1.3645
30,1.2025,1.7966,1.8072,1.3862
30.1,1.1741,1.7809,1.846,1.3821
30.2,1.1337,1.7353,1.9051,1.366
30.3,1.0925,1.6894,1.9087,1.3408
30.4,1.051,1.6433,1.8864,1.3114
30.5,1.0356,1.6061,1.8558,1.2916
30.6,1.0325,1.5731,1.8214,1.2763
30.7,1.0049,1.5706,1.8086,1.2814
30.8,0.96582,1.5824,1.8058,1.296
30.9,0.96955,1.6004,1.7911,1.3006
31,0.99426,1.6214,1.7705,1.3003
31.1,1.0146,1.6479,1.7893,1.309
31.2,1.0328,1.6773,1.8274,1.3222
31.3,1.0319,1.6879,1.8275,1.3498
31.4,1.0215,1.6895,1.8089,1.3844
31.5,1.0516,1.7033,1.811,1.3986
31.6,1.1014,1.7232,1.8232,1.4027
31.7,1.1703,1.7567,1.8128,1.3894
31.8,1.2486,1.7969,1.7912,1.3676
31.9,1.3103,1.8139,1.7856,1.3699
32,1.3635,1.8191,1.7883,1.3845
32.1,1.4275,1.8567,1.7919,1.3826
32.2,1.497,1.9108,1.796,1.3723
32.3,1.5651,1.9678,1.7997,1.39
32.4,1.6325,2.0264,1.8031,1.4223
32.5,1.6713,2.0521,1.8276,1.4455
32.6,1.6954,2.061,1.8629,1.464
32.7,1.7202,2.0654,1.8762,1.4731
32.8,1.7454,2.0674,1.8782,1.4772
32.9,1.7518,2.0556,1.8521,1.4672
33,1.7481,2.0362,1.811,1.4496
33.1,1.7763,2.0422,1.7807,1.4477
33.2,1.8217,2.0618,1.7561,1.4544
33.3,1.8453,2.0725,1.7332,1.4556
33.4,1.8574,2.0784,1.7112,1.454
33.5,1.8773,2.1028,1.7281,1.4529
33.6,1.9014,2.1372,1.7659,1.4522
33.7,1.8573,2.1374,1.8552,1.4564
33.8,1.7749,2.1183,1.9733,1.4633
33.9,1.7786,2.1129,2.0207,1.4737
34,1.8304,2.1151,2.0286,1.486
34.1,1.8338,2.1297,2.0323,1.4929
34.2,1.81,2.1512,2.0338,1.4969
34.3,1.8141,2.1645,2.032,1.5307
34.4,1.8338,2.1733,2.0285,1.581
34.5,1.8517,2.19,2.0286,1.6276
34.6,1.8687,2.2112,2.0306,1.672
34.7,1.8773,2.2023,2.0034,1.6723
34.8,1.881,2.1757,1.9591,1.6468
34.9,1.8973,2.1826,1.9035,1.6491
35,1.921,2.209,1.8412,1.6677
35.1,1.9199,2.2041,1.8138,1.6829
35.2,1.9044,2.1809,1.8068,1.6959
35.3,1.8695,2.1815,1.8296,1.6756
35.4,1.8234,2.196,1.87,1.6356
35.5,1.7535,2.1748,1.9078,1.6223
35.6,1.6698,2.1327,1.9441,1.6245
35.7,1.6419,2.0983,1.9567,1.6381
35.8,1.6482,2.0687,1.9547,1.6586
35.9,1.6932,2.068,1.9464,1.6431
36,1.762,2.0848,1.9343,1.6056
36.1,1.808,2.0999,1.9175,1.6131
36.2,1.8401,2.1138,1.898,1.6479
36.3,1.8665,2.1298,1.866,1.6689
36.4,1.8894,2.147,1.8264,1.6814
36.5,1.906,2.1656,1.8135,1.6718
36.6,1.9186,2.185,1.8169,1.6487
36.7,1.9052,2.1772,1.8507,1.6315
36.8,1.8752,2.152,1.9038,1.6181
36.9,1.8729,2.1426,1.941,1.6087
37,1.8883,2.1432,1.968,1.6017
37.1,1.9016,2.1376,1.9723,1.6208
37.2,1.9136,2.128,1.9623,1.6564
37.3,1.8943,2.1273,1.9768,1.647
37.4,1.8549,2.1323,2.0069,1.609
37.5,1.7849,2.1351,2.0658,1.5682
37.6,1.6947,2.1366,2.1438,1.5255
37.7,1.6086,2.1273,2.1746,1.5206
37.8,1.5253,2.1109,2.1741,1.5409
37.9,1.4911,2.1132,2.1931,1.5595
38,1.4894,2.128,2.225,1.577
38.1,1.4853,2.1307,2.2146,1.5597
38.2,1.4795,2.1255,2.1762,1.5193
38.3,1.4414,2.1072,2.14,1.5109
38.4,1.3819,2.0802,2.1051,1.5238
38.5,1.3226,2.0468,2.1032,1.4963
38.6,1.2634,2.009,2.1241,1.4408
38.7,1.2003,1.9911,2.1525,1.4391
38.8,1.1344,1.9869,2.186,1.4745
38.9,1.0964,1.9737,2.2101,1.4758
39,1.0776,1.9543,2.2277,1.4535
39.1,1.064,1.9201,2.2117,1.4422
39.2,1.054,1.8756,2.1725,1.4384
39.3,1.0333,1.8562,2.133,1.4435
39.4,1.0052,1.8542,2.0934,1.4547
39.5,0.9899,1.8466,2.0551,1.4393
39.6,0.98391,1.835,2.0178,1.4048
39.7,0.97572,1.8085,2.0005,1.3838
39.8,0.96595,1.7713,1.9975,1.3725
39.9,0.9606,1.773,1.969,1.3499
40,0.95845,1.8028,1.922,1.3191
40.1,0.94647,1.8083,1.9191,1.3063
40.2,0.92739,1.7963,1.9481,1.3063
40.3,0.91734,1.7798,1.9572,1.3217
40.4,0.91407,1.7601,1.9513,1.3486
40.5,0.88069,1.7488,1.9778,1.3395
40.6,0.82469,1.7438,2.0286,1.3034
40.7,0.80163,1.7318,2.094,1.3141
40.8,0.80332,1.7144,2.1702,1.3599
40.9,0.80903,1.7058,2.2117,1.3624
41,0.81777,1.7038,2.227,1.3324
41.1,0.83124,1.717,2.208,1.3235
41.2,0.84827,1.7415,2.1634,1.3303
41.3,0.86966,1.7373,2.1149,1.3432
41.4,0.89446,1.7105,2.0636,1.361
41.5,0.93788,1.7015,2.0245,1.3705
41.6,0.99588,1.7063,1.9949,1.3735
41.7,1.0356,1.7117,1.9444,1.3857
41.8,1.0609,1.7176,1.8777,1.4049
41.9,1.0529,1.7248,1.8656,1.4006
42,1.0188,1.7331,1.8962,1.378
42.1,1.0374,1.7172,1.9007,1.3892
42.2,1.0973,1.6826,1.8848,1.4268
42.3,1.137,1.6663,1.8328,1.4375
42.4,1.1602,1.665,1.7514,1.4263
42.5,1.189,1.6722,1.7166,1.4172
42.6,1.2224,1.6865,1.7199,1.4099
42.7,1.2536,1.6727,1.7233,1.3945
42.8,1.2829,1.6362,1.7269,1.3723
42.9,1.3231,1.6344,1.7091,1.371
43,1.3722,1.661,1.6739,1.3869
43.1,1.4026,1.6973,1.6755,1.408
43.2,1.4179,1.7416,1.7069,1.4333
43.3,1.4699,1.782,1.7369,1.4415
43.4,1.5533,1.8192,1.7655,1.4352
43.5,1.6238,1.853,1.8112,1.4357
43.6,1.6834,1.884,1.8713,1.4421
43.7,1.7297,1.918,1.8699,1.4536
43.8,1.7645,1.9545,1.8162,1.4695
43.9,1.7815,1.9943,1.7884,1.4725
44,1.7833,2.0369,1.7825,1.4646
44.1,1.8014,2.078,1.8141,1.4601
44.2,1.8338,2.1177,1.8788,1.4586
44.3,1.8541,2.1292,1.9117,1.474
44.4,1.8637,2.1157,1.9165,1.5043
44.5,1.8796,2.1208,1.9018,1.5218
44.6,1.901,2.1423,1.87,1.5279
44.7,1.9241,2.1575,1.8467,1.54
44.8,1.9487,2.1673,1.8308,1.5572
44.9,1.966,2.1927,1.8277,1.5453
45,1.9769,2.2319,1.836,1.5076
45.1,1.9753,2.2433,1.8471,1.5213
45.2,1.9624,2.2292,1.8609,1.5823
45.3,1.9203,2.2147,1.8979,1.6161
45.4,1.8514,2.1998,1.9562,1.6249
45.5,1.8154,2.1762,1.9829,1.6302
45.6,1.8098,2.1447,1.9808,1.6322
45.7,1.8208,2.1422,1.9683,1.5942
45.8,1.8469,2.1664,1.9465,1.5194
45.9,1.8514,2.1586,1.9142,1.5081
46,1.836,2.1214,1.8725,1.555
46.1,1.8491,2.1195,1.8414,1.5885
46.2,1.8897,2.1516,1.8204,1.6089
46.3,1.9104,2.1768,1.8089,1.6274
46.4,1.9122,2.1954,1.8065,1.644
46.5,1.9258,2.1817,1.796,1.6841
46.6,1.9506,2.1372,1.7779,1.7465
46.7,1.9735,2.1372,1.7675,1.767
46.8,1.9946,2.1798,1.7644,1.7473
46.9,2.0079,2.2001,1.788,1.7471
47,2.0137,2.1991,1.8371,1.7655
47.1,2.0075,2.2114,1.8533,1.799
47.2,1.9892,2.237,1.8368,1.8475
47.3,1.9615,2.2446,1.8448,1.852
47.4,1.9245,2.2343,1.8771,1.8125
47.5,1.9175,2.2201,1.9213,1.7886
47.6,1.9406,2.202,1.9771,1.7804
47.7,1.9379,2.192,2.0014,1.7585
47.8,1.9095,2.1902,1.9944,1.723
47.9,1.8521,2.1902,1.9774,1.6926
48,1.7645,2.1923,1.95,1.6676
48.1,1.7264,2.213,1.9298,1.6632
48.2,1.7397,2.2528,1.9172,1.6801
48.3,1.7206,2.2553,1.912,1.6664
48.4,1.6679,2.2189,1.9143,1.621
48.5,1.6071,2.2073,1.9532,1.6049
48.6,1.5379,2.2213,2.0301,1.6194
48.7,1.4475,2.1899,2.1111,1.6227
48.8,1.3354,2.1112,2.1962,1.6145
48.9,1.2452,2.0704,2.2257,1.5812
49,1.1788,2.0703,2.1954,1.5206
49.1,1.1515,2.0378,2.1513,1.4697
49.2,1.1663,1.9702,2.0926,1.429
49.3,1.1386,1.9338,2.0493,1.42
49.4,1.0649,1.9311,2.0225,1.445
49.5,1.0466,1.9346,1.9881,1.4411
49.6,1.0881,1.9448,1.9457,1.4058
49.7,1.1383,1.9652,1.9133,1.3881
49.8,1.1979,1.9967,1.892,1.3893
49.9,1.2404,2.055,1.8738,1.3844
50,1.2638,2.1435,1.8591,1.3726
50.1,1.2929,2.1928,1.8337,1.3541
50.2,1.3283,2.1979,1.7961,1.328
50.3,1.3694,2.1812,1.7811,1.3326
50.4,1.4168,2.1401,1.7915,1.3716
50.5,1.4841,2.1383,1.7993,1.3964
50.6,1.5735,2.1804,1.8043,1.405
50.7,1.6223,2.1845,1.8139,1.425
50.8,1.6254,2.1458,1.8286,1.4577
50.9,1.6357,2.1356,1.8134,1.4914
51,1.6545,2.1587,1.7631,1.5264
51.1,1.6852,2.1856,1.7374,1.5547
51.2,1.7299,2.2169,1.7406,1.575
51.3,1.736,2.2343,1.7767,1.6023
51.4,1.6972,2.2355,1.8511,1.6375
51.5,1.6654,2.2284,1.9246,1.6388
51.6,1.6418,2.2117,1.9968,1.6003
51.7,1.6227,2.1991,2.0336,1.6088
51.8,1.6091,2.1914,2.0273,1.6746
51.9,1.5892,2.1676,2.0333,1.6906
52,1.5615,2.124,2.0544,1.6461
52.1,1.5668,2.099,2.0717,1.6084
52.2,1.6125,2.0964,2.0842,1.5789
52.3,1.6549,2.1053,2.0852,1.5815
52.4,1.6933,2.1281,2.0722,1.6229
52.5,1.738,2.1581,2.0565,1.6477
52.6,1.7902,2.1969,2.0374,1.6523
52.7,1.8185,2.2014,2.0071,1.6609
52.8,1.8167,2.1624,1.9626,1.6747
52.9,1.8089,2.1425,1.9208,1.704
53,1.7936,2.1467,1.8825,1.7531
53.1,1.7839,2.1431,1.8959,1.75
53.2,1.7811,2.1295,1.975,1.6807
53.3,1.7791,2.1329,2.021,1.6392
53.4,1.778,2.1579,2.0251,1.6331
53.5,1.7627,2.1543,2.0302,1.6368
53.6,1.7295,2.1146,2.0366,1.6529
53.7,1.7186,2.1046,2.0281,1.6655
53.8,1.7371,2.1338,2,1.6735
53.9,1.7577,2.1375,1.9678,1.6805
54,1.7809,2.1075,1.9303,1.6862
54.1,1.8131,2.0961,1.9037,1.68
54.2,1.857,2.1092,1.8914,1.6582
54.3,1.8887,2.1096,1.8747,1.6395
54.4,1.9042,2.093,1.8522,1.6248
54.5,1.9116,2.0947,1.843,1.6045
54.6,1.9078,2.1217,1.8521,1.5763
54.7,1.9073,2.1261,1.8449,1.5663
54.8,1.9114,2.0992,1.8151,1.5816
54.9,1.9057,2.1052,1.7882,1.5684
55,1.8865,2.1561,1.7651,1.516
55.1,1.8527,2.1976,1.7557,1.4968
55.2,1.7988,2.2262,1.7653,1.5234
55.3,1.7486,2.223,1.795,1.5346
55.4,1.7035,2.1763,1.8524,1.5247
55.5,1.6806,2.1421,1.8783,1.5185
55.6,1.6896,2.1258,1.8592,1.5175
55.7,1.6768,2.1234,1.8449,1.5221
55.8,1.6326,2.1409,1.8375,1.5346
55.9,1.5662,2.1308,1.8358,1.5364
56,1.4681,2.0813,1.8424,1.5229
56.1,1.3759,2.0457,1.8518,1.5102
56.2,1.2922,2.0304,1.8651,1.4987
56.3,1.2159,2.0072,1.8633,1.4931
56.4,1.1499,1.9729,1.8399,1.4959
56.5,1.1045,1.9407,1.8603,1.4986
56.6,1.0896,1.9117,1.9463,1.5009
56.7,1.0725,1.8817,1.9672,1.5166
56.8,1.052,1.8502,1.8907,1.5522
56.9,1.0314,1.8177,1.8501,1.5583
57,1.0109,1.7837,1.8628,1.5202
57.1,0.99392,1.7536,1.8483,1.4976
57.2,0.98241,1.7292,1.7929,1.498
57.3,0.96053,1.7205,1.8185,1.487
57.4,0.92314,1.7354,1.9652,1.459
57.5,0.91199,1.7401,2.0589,1.4453
57.6,0.94168,1.7293,2.0699,1.4538
57.7,0.96245,1.7166,2.0668,1.4534
57.8,0.96931,1.7013,2.0419,1.4391
57.9,1.0037,1.6982,1.9921,1.4224
58,1.081,1.7139,1.9035,1.4022
58.1,1.1178,1.7281,1.8601,1.3848
58.2,1.0913,1.7397,1.887,1.3719
58.3,1.081,1.7338,1.9076,1.3725
58.4,1.0973,1.6995,1.9182,1.3949
58.5,1.1116,1.6953,1.9022,1.414
58.6,1.1229,1.7401,1.843,1.4277
58.7,1.1215,1.7541,1.7769,1.421
58.8,1.0994,1.7181,1.6997,1.3812
58.9,1.0941,1.6834,1.652,1.3418
59,1.1164,1.6509,1.6523,1.3029
59.1,1.1324,1.6178,1.6642,1.2914
59.2,1.1384,1.5835,1.6953,1.3243
59.3,1.1279,1.5601,1.709,1.3286
59.4,1.0896,1.5549,1.6934,1.2845
59.5,1.0503,1.5353,1.6974,1.2529
59.6,1.0093,1.4912,1.7345,1.2425
59.7,0.97512,1.4692,1.8053,1.2518
59.8,0.95273,1.4846,1.9333,1.2943
59.9,0.92812,1.4826,2.0156,1.3029
60,0.89975,1.451,2.0207,1.2542
60.1,0.86987,1.4234,2.0165,1.2317
60.2,0.83743,1.403,1.9966,1.2537
60.3,0.84018,1.3987,1.9864,1.2619
60.4,0.90523,1.4229,1.9934,1.2458
60.5,0.93904,1.4347,1.99,1.2523
60.6,0.91756,1.4245,1.9682,1.299
60.7,0.91697,1.4326,1.9645,1.3217
60.8,0.95337,1.473,1.9927,1.3017
60.9,0.99627,1.5149,1.9914,1.2993
61,1.0507,1.5597,1.9375,1.3277
61.1,1.0968,1.6044,1.8881,1.3469
61.2,1.1281,1.6492,1.8466,1.3499
61.3,1.172,1.6894,1.8038,1.3416
61.4,1.2394,1.7211,1.7584,1.3127
61.5,1.3145,1.7586,1.7169,1.2901
61.6,1.4039,1.8066,1.6823,1.2789
61.7,1.4871,1.8522,1.666,1.2819
61.8,1.5585,1.8934,1.6833,1.3109
61.9,1.6235,1.9394,1.698,1.3371
62,1.6765,1.994,1.7079,1.3582
62.1,1.7318,2.0403,1.7125,1.3742
62.2,1.7917,2.0704,1.7068,1.3802
62.3,1.8452,2.0993,1.6985,1.3864
62.4,1.8865,2.126,1.685,1.3931
62.5,1.9137,2.1385,1.6745,1.4004
62.6,1.9134,2.1235,1.6698,1.4091
62.7,1.9055,2.1096,1.6804,1.4226
62.8,1.8829,2.0979,1.7209,1.4452
62.9,1.8747,2.0896,1.7591,1.464
63,1.8944,2.0876,1.7929,1.4757
63.1,1.8979,2.0903,1.8161,1.4692
63.2,1.8688,2.1025,1.8175,1.4263
63.3,1.8446,2.1117,1.8036,1.3972
63.4,1.8301,2.1147,1.7588,1.396
63.5,1.818,2.116,1.7138,1.3948
63.6,1.8107,2.1137,1.6687,1.3933
63.7,1.8151,2.1068,1.6502,1.3906
63.8,1.8429,2.0904,1.6854,1.3855
63.9,1.8748,2.0881,1.7055,1.4002
64,1.915,2.1142,1.6952,1.455
64.1,1.9374,2.1399,1.6785,1.4939
64.2,1.9223,2.1647,1.6486,1.4991
64.3,1.9193,2.1797,1.6308,1.5065
64.4,1.9416,2.1741,1.6385,1.5185
64.5,1.9571,2.1687,1.6479,1.5287
64.6,1.9582,2.1641,1.6608,1.5349
64.7,1.9752,2.1648,1.6769,1.5464
64.8,2.026,2.1771,1.7,1.5692
64.9,2.0542,2.1929,1.7189,1.5904
65,2.0348,2.2163,1.7292,1.6083
65.1,2.0284,2.2301,1.7515,1.616
65.2,2.051,2.2228,1.8007,1.6011
65.3,2.0552,2.2165,1.8464,1.6022
65.4,2.0185,2.2123,1.8845,1.639
65.5,1.9735,2.1993,1.9061,1.6541
65.6,1.9102,2.1669,1.8913,1.6208
65.7,1.8668,2.148,1.8815,1.5977
65.8,1.8675,2.1593,1.8829,1.5971
65.9,1.8531,2.1649,1.88,1.6005
66,1.8041,2.1571,1.8669,1.6134
66.1,1.7704,2.1547,1.8671,1.6264
66.2,1.772,2.1644,1.8981,1.6397
66.3,1.7959,2.1609,1.919,1.6469
66.4,1.8719,2.1267,1.9163,1.64
66.5,1.9102,2.1286,1.9102,1.647
66.6,1.8606,2.2145,1.896,1.6861
66.7,1.8205,2.2649,1.8817,1.7247
66.8,1.8025,2.233,1.8671,1.7621
66.9,1.7833,2.2023,1.8517,1.7955
67,1.7611,2.1747,1.8344,1.819
67.1,1.7193,2.1336,1.8256,1.8356
67.2,1.6297,2.0597,1.8372,1.8354
67.3,1.5721,2.006,1.8267,1.8391
67.4,1.5924,2.0015,1.7622,1.8521
67.5,1.5889,1.9931,1.7114,1.8617
67.6,1.5273,1.9755,1.6938,1.863
67.7,1.471,1.9549,1.6804,1.8603
67.8,1.4275,1.9271,1.6774,1.8477
67.9,1.3965,1.9021,1.6829,1.8385
68,1.3976,1.8843,1.71,1.8378
68.1,1.3885,1.8799,1.7332,1.8476
68.2,1.3537,1.9099,1.7463,1.8844
68.3,1.3486,1.9209,1.7503,1.9027
68.4,1.4196,1.8834,1.7314,1.8735
68.5,1.4538,1.8511,1.7089,1.8452
68.6,1.3936,1.8318,1.6773,1.8194
68.7,1.3392,1.8141,1.6539,1.8131
68.8,1.3006,1.8006,1.6528,1.8589
68.9,1.2766,1.7823,1.6453,1.8776
69,1.292,1.7511,1.6204,1.8234
69.1,1.3008,1.7338,1.6057,1.7847
69.2,1.292,1.7542,1.6187,1.7876
69.3,1.2934,1.7665,1.6235,1.7946
69.4,1.3222,1.7574,1.6063,1.8129
69.5,1.355,1.7454,1.6011,1.8243
69.6,1.3986,1.7259,1.6285,1.8169
69.7,1.4279,1.7166,1.6455,1.8153
69.8,1.4169,1.7358,1.6331,1.83
69.9,1.4158,1.7504,1.6224,1.8289
70,1.4425,1.7515,1.617,1.7829
70.1,1.4609,1.7425,1.6032,1.7475
70.2,1.4554,1.7049,1.5659,1.7419
70.3,1.4408,1.678,1.5362,1.7273
70.4,1.4002,1.6813,1.5276,1.6873
70.5,1.3675,1.6867,1.5161,1.6588
70.6,1.3575,1.6982,1.4964,1.6627
70.7,1.3381,1.7191,1.4996,1.6796
70.8,1.2907,1.7681,1.5709,1.7356
70.9,1.2607,1.7962,1.6241,1.7698
71,1.283,1.762,1.6232,1.7393
71.1,1.2982,1.7387,1.6371,1.7162
71.2,1.2927,1.7483,1.6951,1.7156
71.3,1.2935,1.7551,1.7334,1.7145
71.4,1.3133,1.7537,1.7127,1.7123
71.5,1.3291,1.7451,1.6881,1.7073
71.6,1.3324,1.7151,1.6519,1.6939
71.7,1.3369,1.6967,1.6109,1.6719
71.8,1.3449,1.7146,1.5552,1.6229
71.9,1.3586,1.7219,1.5165,1.579
72,1.3901,1.6959,1.531,1.5515
72.1,1.4097,1.6847,1.5451,1.5255
72.2,1.3918,1.7197,1.5579,1.504
72.3,1.3837,1.7459,1.5822,1.4952
72.4,1.4061,1.7444,1.6432,1.5262
72.5,1.4323,1.7552,1.6849,1.5479
72.6,1.4708,1.8071,1.6625,1.5391
72.7,1.5105,1.8547,1.6624,1.5388
72.8,1.5544,1.8881,1.7367,1.567
72.9,1.6015,1.933,1.7892,1.5824
73,1.6596,2.0159,1.769,1.5549
73.1,1.7135,2.0828,1.75,1.5329
73.2,1.7536,2.0964,1.7352,1.5288
73.3,1.7846,2.1135,1.7356,1.5282
73.4,1.7852,2.1422,1.7871,1.5388
73.5,1.797,2.1583,1.8297,1.5489
73.6,1.8484,2.1296,1.8411,1.5575
73.7,1.8843,2.107,1.8495,1.5569
73.8,1.8661,2.1057,1.8471,1.5239
73.9,1.8585,2.1049,1.8415,1.4994
74,1.8888,2.1056,1.8244,1.5047
74.1,1.9213,2.1102,1.8134,1.5121
74.2,1.9611,2.1286,1.8242,1.5272
74.3,1.9921,2.1457,1.8503,1.5337
74.4,1.9922,2.1583,1.9304,1.5099
74.5,1.9863,2.1693,1.9893,1.493
74.6,1.9582,2.1746,1.9684,1.5018
74.7,1.9347,2.1792,1.9549,1.5176
74.8,1.9279,2.1811,1.969,1.5597
74.9,1.9188,2.1832,1.9759,1.5818
75,1.9007,2.1858,1.9554,1.5288
75.1,1.8853,2.1816,1.9324,1.4814
75.2,1.8796,2.152,1.8998,1.4552
75.3,1.862,2.1227,1.8655,1.4295
75.4,1.7995,2.0945,1.825,1.4057
75.5,1.7391,2.0773,1.8011,1.3852
75.6,1.6868,2.1041,1.843,1.3782
75.7,1.644,2.1288,1.8736,1.3693
75.8,1.639,2.145,1.8595,1.3527
75.9,1.6325,2.1533,1.8554,1.3402
76,1.6202,2.13,1.8911,1.3437
76.1,1.6189,2.1154,1.9198,1.3488
76.2,1.6613,2.1347,1.9204,1.3608
76.3,1.6872,2.151,1.924,1.3757
76.4,1.6433,2.1541,1.94,1.4028
76.5,1.6081,2.1516,1.9555,1.4314
76.6,1.6103,2.1254,1.969,1.4659
76.7,1.6126,2.1066,1.9763,1.4882
76.8,1.6149,2.1189,1.9581,1.4583
76.9,1.6333,2.1379,1.9367,1.43
77,1.7194,2.1848,1.9022,1.4084
77.1,1.8004,2.2233,1.8718,1.3955
77.2,1.8602,2.2259,1.8587,1.4195
77.3,1.9126,2.2341,1.8403,1.4391
77.4,1.9313,2.2672,1.7979,1.4391
77.5,1.9458,2.2908,1.7639,1.4449
77.6,1.9414,2.271,1.7686,1.4767
77.7,1.9252,2.2575,1.7785,1.5067
77.8,1.8561,2.2728,1.8123,1.5286
77.9,1.8094,2.2858,1.844,1.5452
78,1.8639,2.2889,1.866,1.5374
78.1,1.9149,2.2849,1.8821,1.5338
78.2,1.9496,2.2482,1.8716,1.5492
78.3,1.9763,2.22,1.8635,1.559
78.4,1.964,2.233,1.8667,1.5419
78.5,1.9519,2.2517,1.8708,1.5412
78.6,1.9399,2.2977,1.8794,1.6196
78.7,1.9265,2.3248,1.8906,1.6874
78.8,1.9056,2.2599,1.9147,1.704
78.9,1.8738,2.2035,1.9447,1.7241
79,1.7893,2.1881,2.0031,1.7611
79.1,1.7055,2.1732,2.0555,1.7948
79.2,1.6248,2.1609,2.0788,1.8117
79.3,1.5457,2.1375,2.0989,1.8361
79.4,1.4752,2.0555,2.1027,1.8987
79.5,1.4038,1.9837,2.1064,1.9463
79.6,1.3279,1.9647,2.1097,1.9158
79.7,1.2618,1.948,2.1027,1.8896
79.8,1.2468,1.944,2.0421,1.8852
79.9,1.2302,1.9334,1.9906,1.8848
80,1.2052,1.8881,1.9865,1.9047
80.1,1.184,1.8494,1.9883,1.9146
80.2,1.1848,1.8479,2.0235,1.8679
80.3,1.1808,1.845,2.0482,1.8214
80.4,1.1493,1.8335,2.0132,1.7757
80.5,1.1263,1.82,1.9775,1.7412
80.6,1.1511,1.7952,1.9376,1.7692
80.7,1.1702,1.7729,1.9047,1.7893
80.8,1.1573,1.7636,1.9111,1.7651
80.9,1.1481,1.7517,1.91,1.7499
81,1.159,1.7244,1.867,1.7859
81.1,1.1654,1.7022,1.8279,1.813
81.2,1.1442,1.7111,1.8123,1.7859
81.3,1.1221,1.7164,1.8023,1.7678
81.4,1.0945,1.6999,1.8269,1.8049
81.5,1.0731,1.6863,1.8433,1.8333
81.6,1.0897,1.6907,1.8096,1.8089
81.7,1.1053,1.6949,1.7802,1.7801
81.8,1.1155,1.6984,1.7769,1.7239
81.9,1.1265,1.696,1.7759,1.6775
82,1.1429,1.6584,1.7885,1.691
82.1,1.1532,1.6248,1.7978,1.7053
82.2,1.1234,1.6186,1.7848,1.725
82.3,1.1038,1.6182,1.7758,1.7402
82.4,1.1518,1.6559,1.7935,1.7263
82.5,1.1978,1.6911,1.8068,1.7182
82.6,1.2297,1.7089,1.7912,1.7492
82.7,1.2625,1.72,1.7772,1.771
82.8,1.3008,1.6875,1.7735,1.7321
82.9,1.3327,1.6606,1.7745,1.6963
83,1.3183,1.6754,1.8101,1.6833
83.1,1.3075,1.6887,1.8331,1.6713
83.2,1.3227,1.6915,1.7638,1.6665
83.3,1.3383,1.691,1.7002,1.6547
83.4,1.3574,1.6667,1.6779,1.5928
83.5,1.3736,1.6453,1.6571,1.5431
83.6,1.3682,1.645,1.6472,1.5821
83.7,1.3684,1.644,1.6369,1.6126
83.8,1.4096,1.638,1.6248,1.5815
83.9,1.4465,1.6394,1.6133,1.5552
84,1.449,1.7006,1.6073,1.5679
84.1,1.4528,1.7538,1.6073,1.5775
84.2,1.4673,1.7422,1.6543,1.5623
84.3,1.4927,1.7365,1.696,1.5524
84.4,1.6058,1.7768,1.6944,1.5851
84.5,1.7069,1.8134,1.6969,1.6156
84.6,1.7114,1.821,1.732,1.6284
84.7,1.7178,1.8348,1.7642,1.6405
84.8,1.7388,1.8984,1.7741,1.6479
84.9,1.7649,1.9594,1.7833,1.6501
85,1.8357,1.997,1.7879,1.6069
85.1,1.9052,2.0356,1.794,1.5727
85.2,1.9623,2.0828,1.8131,1.6194
85.3,2.0141,2.1278,1.8324,1.6603
85.4,2.018,2.1532,1.8524,1.6494
85.5,2.0188,2.1748,1.8669,1.639
85.6,1.9922,2.1635,1.8321,1.6331
85.7,1.9675,2.1503,1.7983,1.6275
85.8,1.9601,2.1215,1.7731,1.6256
85.9,1.9562,2.1016,1.7528,1.6212
86,1.9874,2.17,1.7806,1.5925
86.1,2.0122,2.2281,1.8082,1.5667
86.2,1.9723,2.1823,1.8331,1.571
86.3,1.937,2.1419,1.8528,1.5753
86.4,1.9468,2.1553,1.8206,1.581
86.5,1.9574,2.1704,1.7987,1.5889
86.6,1.9772,2.2035,1.8798,1.6198
86.7,1.9957,2.2351,1.9589,1.6484
86.8,2.0004,2.2495,2.0159,1.6516
86.9,2.0023,2.2608,2.0657,1.6532
87,1.9721,2.2376,2.0345,1.6363
87.1,1.9477,2.219,2.0016,1.6195
87.2,1.9887,2.2533,1.9498,1.6029
87.3,2.0291,2.2885,1.9024,1.5886
87.4,2.0637,2.3338,1.9047,1.6004
87.5,2.0929,2.374,1.9035,1.6123
87.6,2.0615,2.3556,1.8613,1.6254
87.7,2.0341,2.3398,1.8221,1.6358
87.8,2.059,2.3574,1.823,1.6107
87.9,2.0843,2.3745,1.8228,1.5873
88,2.116,2.3854,1.8079,1.5862
88.1,2.1427,2.3923,1.7956,1.5872
88.2,2.1034,2.3475,1.8152,1.6165
88.3,2.0606,2.3058,1.8381,1.6449
88.4,1.9738,2.3045,1.9047,1.6613
88.5,1.8877,2.3039,1.9697,1.6769
88.6,1.8111,2.3123,2.0145,1.6829
88.7,1.7385,2.3204,2.0551,1.6885
88.8,1.7281,2.3224,2.0312,1.6892
88.9,1.7127,2.3216,2.0119,1.6876
89,1.6196,2.2797,2.0639,1.6505
89.1,1.5343,2.2417,2.1118,1.6169
89.2,1.5693,2.2646,2.0983,1.637
89.3,1.5992,2.2842,2.0844,1.6536
89.4,1.5493,2.253,2.0643,1.616
89.5,1.5047,2.2225,2.0431,1.577
89.6,1.5403,2.2029,2.0042,1.5182
89.7,1.5773,2.1855,1.9676,1.4631
89.8,1.6406,2.209,1.9725,1.478
89.9,1.7015,2.2327,1.978,1.4931
90,1.7153,2.2582,1.9949,1.51
90.1,1.7258,2.2831,2.011,1.524
90.2,1.6726,2.2986,2.0139,1.4823
90.3,1.6231,2.3131,2.02,1.4428
90.4,1.6423,2.3071,2.0838,1.4433
90.5,1.6622,2.3008,2.1461,1.4455
90.6,1.6981,2.2874,2.1708,1.4837
90.7,1.7325,2.2747,2.1916,1.5201
90.8,1.7325,2.2776,2.1221,1.5138
90.9,1.7303,2.2787,2.054,1.5078
91,1.6745,2.2384,2.0224,1.5085
91.1,1.6179,2.1976,1.9938,1.509
91.2,1.5439,2.1424,2.0389,1.5078
91.3,1.4694,2.088,2.0815,1.5076
91.4,1.3819,2.0502,2.0672,1.5288
91.5,1.2965,2.0126,2.0508,1.5488
91.6,1.2761,1.9798,1.9714,1.5293
91.7,1.2564,1.9471,1.8925,1.5098
91.8,1.2602,1.918,1.8285,1.4881
91.9,1.2624,1.8883,1.7665,1.4674
92,1.2134,1.8441,1.7706,1.4756
92.1,1.1639,1.8001,1.7762,1.4824
92.2,1.0957,1.7666,1.8271,1.4443
92.3,1.0295,1.7337,1.8761,1.4064
92.4,1.027,1.7199,1.8655,1.3747
92.5,1.0245,1.7061,1.8542,1.3439
92.6,1.0224,1.6929,1.8155,1.3551
92.7,1.021,1.6797,1.7767,1.3664
92.8,1.0522,1.6626,1.738,1.3801
92.9,1.0822,1.6446,1.7005,1.3927
93,1.0627,1.5861,1.7157,1.3528
93.1,1.0425,1.5287,1.7333,1.3135
93.2,0.98916,1.522,1.8662,1.3017
93.3,0.93646,1.516,1.9961,1.2909
93.4,0.91203,1.541,1.9895,1.3308
93.5,0.88805,1.5656,1.9827,1.3701
93.6,0.90429,1.5557,1.9572,1.3639
93.7,0.92066,1.5458,1.9311,1.3576
93.8,0.94935,1.5338,1.8582,1.3317
93.9,0.97753,1.5223,1.7862,1.3062
94,0.96016,1.5608,1.7984,1.3231
94.1,0.94328,1.5988,1.8105,1.3406
94.2,0.97125,1.5849,1.8251,1.4041
94.3,0.99921,1.5709,1.8397,1.4676
94.4,1.0239,1.5667,1.8042,1.4805
94.5,1.0486,1.5626,1.7687,1.4934
94.6,1.0373,1.5645,1.7372,1.5127
94.7,1.0259,1.5664,1.7057,1.5319
94.8,1.0292,1.5293,1.7472,1.5389
94.9,1.0325,1.4924,1.7888,1.5459
95,1.0081,1.5323,1.9284,1.6481
95.1,0.98376,1.5721,2.0678,1.7502
95.2,1.0507,1.5624,2.0607,1.7856
95.3,1.1176,1.5527,2.0536,1.8209
95.4,1.1378,1.5841,1.9805,1.8152
95.5,1.1576,1.6159,1.9069,1.8091
95.6,1.2049,1.6263,1.8462,1.78
95.7,1.2525,1.6366,1.7857,1.7506
95.8,1.3198,1.6209,1.7392,1.7084
95.9,1.3873,1.6051,1.6928,1.6661
96,1.4313,1.6855,1.678,1.6175
96.1,1.475,1.7668,1.6636,1.5689
96.2,1.5325,1.803,1.6768,1.5743
96.3,1.5901,1.8388,1.6903,1.5803
96.4,1.6112,1.8688,1.7198,1.6178
96.5,1.6315,1.8988,1.7497,1.656
96.6,1.7442,1.9412,1.7706,1.6406
96.7,1.8587,1.9839,1.7913,1.6243
96.8,1.9027,2.0256,1.7538,1.6049
96.9,1.9453,2.0673,1.7153,1.5855
97,1.9414,2.1103,1.6889,1.5813
97.1,1.9365,2.1534,1.6628,1.5774
97.2,1.9925,2.1679,1.6338,1.5901
97.3,2.0497,2.1818,1.6049,1.6031
97.4,2.0346,2.1853,1.6456,1.5552
97.5,2.0174,2.1886,1.6884,1.5054
97.6,2.0331,2.1947,1.6867,1.5497
97.7,2.0497,2.201,1.6835,1.5967
97.8,2.013,2.2111,1.6684,1.619
97.9,1.9746,2.2214,1.653,1.6406
98,1.9666,2.2128,1.7168,1.623
98.1,1.9594,2.2035,1.7831,1.6041
98.2,1.9358,2.2283,1.8804,1.6271
98.3,1.9115,2.2545,1.979,1.6518
98.4,1.8743,2.2587,1.9553,1.6657
98.5,1.8365,2.2621,1.9266,1.6793
98.6,1.8341,2.2569,1.9703,1.7451
98.7,1.8331,2.2514,2.0169,1.8129
98.8,1.8566,2.245,1.9681,1.8226
98.9,1.8818,2.2385,1.9122,1.828
99,1.8527,2.2604,1.9074,1.8053
99.1,1.8196,2.2844,1.9064,1.7805
99.2,1.8837,2.2861,1.8923,1.8009
99.3,1.9549,2.2861,1.8772,1.8246
99.4,2.0006,2.2785,1.8334,1.8364
99.5,2.0444,2.2704,1.7876,1.8474
99.6,2.054,2.2856,1.7895,1.8155
99.7,2.0611,2.3026,1.7949,1.7804
99.8,2.0488,2.2958,1.8231,1.7673
99.9,2.0351,2.2874,1.853,1.7559
100,2.0549,2.2575,1.8694,1.7605
100.1,2.0772,2.226,1.8847,1.7662
100.2,2.0519,2.2341,1.8476,1.7689
100.3,2.023,2.2452,1.8066,1.7714
100.4,2.0324,2.2859,1.8422,1.767
100.5,2.0446,2.3288,1.8835,1.762
100.6,2.0165,2.3056,1.9117,1.7465
100.7,1.9854,2.2774,1.9389,1.7302
100.8,1.96,2.2589,1.9273,1.7071
100.9,1.935,2.2411,1.9129,1.6834
101,1.9104,2.3023,1.89,1.6928
101.1,1.8858,2.3693,1.8665,1.7046
101.2,1.9073,2.3446,1.8332,1.6728
101.3,1.9323,2.313,1.7992,1.6377
101.4,1.9634,2.3132,1.7737,1.645
101.5,1.9951,2.3157,1.7489,1.6554
101.6,1.9305,2.3273,1.7706,1.6242
101.7,1.8588,2.3394,1.7958,1.5899
101.8,1.8206,2.3098,1.8001,1.5966
101.9,1.7849,2.277,1.8029,1.6063
102,1.7665,2.2748,1.8204,1.5866
102.1,1.7495,2.2748,1.839,1.5648
102.2,1.7683,2.2789,1.7655,1.5271
102.3,1.7899,2.2833,1.6851,1.4881
102.4,1.8023,2.2732,1.7564,1.4773
102.5,1.814,2.2621,1.8389,1.4687
102.6,1.8127,2.2584,1.8282,1.484
102.7,1.8103,2.2552,1.8106,1.5011
102.8,1.8196,2.2572,1.7447,1.4635
102.9,1.8297,2.2595,1.6752,1.4219
103,1.8063,2.2539,1.6839,1.4115
103.1,1.7805,2.2477,1.6986,1.4035
103.2,1.8108,2.2073,1.6832,1.4339
103.3,1.8454,2.1644,1.6657,1.4672
103.4,1.7818,2.1552,1.67,1.4539
103.5,1.7109,2.1486,1.676,1.4372
103.6,1.6314,2.1365,1.6863,1.4309
103.7,1.5513,2.1241,1.6968,1.4255
103.8,1.4833,2.0712,1.7215,1.4329
103.9,1.4162,2.0153,1.7473,1.4413
104,1.3118,2.0019,1.7944,1.4246
104.1,1.2045,1.9917,1.843,1.406
104.2,1.141,1.9186,1.9303,1.3815
104.3,1.0808,1.8408,2.0205,1.3566
104.4,1.0246,1.806,2.1138,1.3759
104.5,0.96875,1.7744,2.2074,1.3983
104.6,0.92183,1.7551,2.2071,1.3942
104.7,0.87557,1.7368,2.1999,1.3882
104.8,0.87354,1.7249,2.1217,1.3918
104.9,0.87479,1.7136,2.0381,1.3961
105,0.9029,1.7438,2.0059,1.4047
105.1,0.933,1.7771,1.9776,1.4135
105.2,0.95069,1.7639,1.9437,1.4241
105.3,0.96746,1.7472,1.9094,1.4348
105.4,1.0091,1.7342,1.8553,1.5031
105.5,1.0525,1.7215,1.7998,1.5757
105.6,1.0699,1.7098,1.7522,1.5405
105.7,1.0853,1.6981,1.7052,1.4972
105.8,1.1212,1.6524,1.654,1.5322
105.9,1.1587,1.6042,1.6025,1.573
106,1.1658,1.6105,1.6257,1.5586
106.1,1.1707,1.6208,1.6544,1.5401
106.2,1.1812,1.6221,1.6521,1.5373
106.3,1.1929,1.6217,1.6434,1.5376
106.4,1.1932,1.6388,1.6667,1.5586
106.5,1.1912,1.6595,1.6965,1.5839
106.6,1.1837,1.663,1.6733,1.6072
106.7,1.1751,1.663,1.6393,1.6301
106.8,1.1178,1.643,1.6726,1.6505
106.9,1.0507,1.619,1.7196,1.6703
107,1.0656,1.5842,1.7379,1.6564
107.1,1.0972,1.5473,1.7503,1.6358
107.2,1.1239,1.5636,1.7459,1.6538
107.3,1.1496,1.5909,1.7382,1.6797
107.4,1.109,1.6155,1.7298,1.7433
107.5,1.0549,1.6396,1.7214,1.8146
107.6,1.0625,1.6207,1.692,1.8163
107.7,1.0826,1.5932,1.6582,1.8037
107.8,1.1333,1.5851,1.6482,1.7728
107.9,1.1902,1.5811,1.6429,1.7382
108,1.2427,1.5931,1.623,1.7325
108.1,1.2943,1.6084,1.6,1.7326
108.2,1.3138,1.6165,1.6088,1.7291
108.3,1.3267,1.6231,1.6239,1.7247
108.4,1.3608,1.6388,1.5997,1.6782
108.5,1.3992,1.6564,1.5675,1.6231
108.6,1.4207,1.6316,1.5595,1.5932
108.7,1.4387,1.5982,1.5564,1.5685
108.8,1.4695,1.6354,1.5678,1.5612
108.9,1.5029,1.687,1.5821,1.5575
109,1.5484,1.7527,1.614,1.5627
109.1,1.5963,1.8213,1.6494,1.5698
109.2,1.721,1.9029,1.6655,1.6082
109.3,1.8613,1.987,1.6776,1.6529
109.4,1.9184,2.0413,1.7212,1.6665
109.5,1.9586,2.0895,1.7713,1.6737
109.6,1.9683,2.0742,1.7684,1.6474
109.7,1.9718,2.0462,1.7547,1.6142
109.8,1.9855,2.0319,1.7593,1.6137
109.9,2.0012,2.0205,1.7677,1.6199
110,1.9881,2.0489,1.7605,1.653
110.1,1.9692,2.0854,1.7502,1.6915
110.2,1.9539,2.0516,1.756,1.7013
110.3,1.9392,2.0035,1.7652,1.7054
110.4,1.9081,2.016,1.7929,1.6592
110.5,1.8737,2.0408,1.8244,1.6029
110.6,1.8433,2.0414,1.8441,1.5654
110.7,1.8137,2.0371,1.8614,1.5317
110.8,1.756,2.0253,1.959,1.536
110.9,1.6926,2.012,2.073,1.5481
111,1.6569,2.0226,2.1444,1.5446
111.1,1.6269,2.0381,2.2071,1.538
111.2,1.631,2.0524,2.1861,1.5445
111.3,1.642,2.0665,2.1481,1.5538
111.4,1.604,2.0509,2.1052,1.5388
111.5,1.556,2.0293,2.0613,1.519
111.6,1.5906,2.0612,2.0287,1.5124
111.7,1.642,2.1041,1.9984,1.5085
111.8,1.5991,2.1144,1.9764,1.5044
111.9,1.5371,2.1182,1.956,1.5003
112,1.4713,2.1086,1.9314,1.4953
112.1,1.4047,2.0964,1.906,1.4902
112.2,1.3312,2.0392,1.8916,1.4536
112.3,1.2564,1.9729,1.8796,1.4106
112.4,1.202,1.9674,1.8643,1.383
112.5,1.1519,1.9744,1.8483,1.3585
112.6,1.1811,1.9456,1.8402,1.3482
112.7,1.2264,1.9096,1.8336,1.3408
112.8,1.2826,1.9135,1.8359,1.344
112.9,1.341,1.9255,1.84,1.3493
113,1.4006,1.9562,1.8468,1.3719
113.1,1.4605,1.9908,1.8541,1.3979
113.2,1.5365,2.0212,1.8644,1.3944
113.3,1.6158,2.0507,1.8753,1.3849
113.4,1.6351,2.0666,1.8359,1.3709
113.5,1.6421,2.0797,1.7861,1.3562
113.6,1.7001,2.1206,1.7579,1.3616
113.7,1.7685,2.1672,1.7341,1.3712
113.8,1.8076,2.1604,1.7461,1.3797
113.9,1.8408,2.1427,1.7654,1.388
114,1.8381,2.1705,1.7597,1.3921
114.1,1.828,2.2076,1.7488,1.3953
114.2,1.8118,2.2039,1.7854,1.3821
114.3,1.7945,2.1918,1.8316,1.3655
114.4,1.8157,2.1787,1.8173,1.3845
114.5,1.8448,2.1654,1.7907,1.4108
114.6,1.8137,2.151,1.8168,1.4438
114.7,1.7703,2.1363,1.8537,1.4781
114.8,1.7723,2.146,1.8871,1.5082
114.9,1.7835,2.1606,1.9197,1.5375
115,1.772,2.1722,1.9646,1.573
115.1,1.7558,2.1832,2.012,1.6097
115.2,1.7572,2.1704,2.0998,1.615
115.3,1.762,2.1528,2.1958,1.6139
115.4,1.7816,2.1631,2.1631,1.6281
115.5,1.8043,2.1791,2.1043,1.6455
115.6,1.8168,2.2068,2.0708,1.6084
115.7,1.8273,2.2369,2.0423,1.5601
115.8,1.8642,2.2589,2.0143,1.5892
115.9,1.9108,2.2779,1.9864,1.6466
116,1.9193,2.2873,1.9439,1.6579
116.1,1.9136,2.2933,1.8959,1.6522
116.2,1.9202,2.2675,1.8696,1.6376
116.3,1.9314,2.23,1.8513,1.6198
116.4,1.982,2.2196,1.8267,1.6397
116.5,2.0471,2.2191,1.7999,1.6736
116.6,2.0526,2.2169,1.7981,1.6761
116.7,2.0361,2.2139,1.8056,1.6671
116.8,1.9561,2.1954,1.7851,1.6354
116.9,1.8529,2.1711,1.7544,1.5955
117,1.8221,2.1412,1.7571,1.587
117.1,1.8179,2.1091,1.7721,1.59
117.2,1.7453,2.1004,1.778,1.5847
117.3,1.6475,2.1003,1.7806,1.5762
117.4,1.6951,2.1421,1.7491,1.5922
117.5,1.7963,2.1993,1.7051,1.6172
117.6,1.8616,2.1792,1.7112,1.6187
117.7,1.9138,2.1307,1.7358,1.6115
117.8,1.9142,2.1368,1.739,1.6621
117.9,1.8956,2.1629,1.7343,1.734
118,1.8757,2.1726,1.7014,1.7279
118.1,1.8553,2.1761,1.6582,1.6932
118.2,1.8559,2.1737,1.6322,1.6625
118.3,1.8642,2.1691,1.6125,1.6335
118.4,1.8664,2.1664,1.6591,1.6458
118.5,1.8665,2.1644,1.73,1.6734
118.6,1.9122,2.178,1.7532,1.6633
118.7,1.9749,2.1973,1.7589,1.6393
118.8,1.9554,2.1594,1.7472,1.6612
118.9,1.9057,2.1005,1.7292,1.7
119,1.8901,2.0943,1.7175,1.7024
119.1,1.887,2.1076,1.7081,1.6914
119.2,1.891,2.1195,1.6871,1.6601
119.3,1.8977,2.1309,1.6619,1.6214
119.4,1.9148,2.1423,1.6778,1.6369
119.5,1.9358,2.1538,1.709,1.6723
119.6,1.9197,2.1903,1.711,1.7103
119.7,1.89,2.236,1.7022,1.7493
119.8,1.8097,2.1934,1.7093,1.7474
119.9,1.7109,2.1183,1.7223,1.7304
120,1.6328,2.0638,1.7783,1.7468
120.1,1.5625,2.017,1.8503,1.7755
120.2,1.5195,1.976,1.8572,1.7951
120.3,1.4867,1.9372,1.8401,1.8114
120.4,1.4406,1.9099,1.8189,1.7806
120.5,1.3896,1.887,1.796,1.7325
120.6,1.3533,1.8861,1.7424,1.7185
120.7,1.3224,1.8934,1.6774,1.717
120.8,1.2633,1.841,1.7197,1.7376
120.9,1.1938,1.7667,1.8015,1.7663
121,1.1241,1.7542,1.8345,1.7421
121.1,1.0543,1.7644,1.8495,1.6985
121.2,1.0646,1.7414,1.8571,1.6898
121.3,1.1044,1.7061,1.862,1.694
121.4,1.1003,1.6726,1.8137,1.6962
121.5,1.08,1.6397,1.746,1.6976
121.6,1.0847,1.6448,1.7712,1.6916
121.7,1.0986,1.6639,1.8305,1.6829
121.8,1.0762,1.6493,1.8471,1.7203
121.9,1.0405,1.6222,1.8479,1.7747
122,1.0737,1.5956,1.8126,1.7749
122.1,1.1322,1.5691,1.7639,1.7553
122.2,1.1439,1.5622,1.728,1.7088
122.3,1.1384,1.5623,1.6969,1.6526
122.4,1.1594,1.5677,1.6609,1.686
122.5,1.1903,1.575,1.623,1.7525
122.6,1.2129,1.5607,1.5879,1.7683
122.7,1.2326,1.5384,1.5537,1.7655
122.8,1.2604,1.552,1.5342,1.7524
122.9,1.2912,1.5788,1.5201,1.7357
123,1.2831,1.5713,1.5225,1.7205
123.1,1.2608,1.5512,1.531,1.7059
123.2,1.2689,1.5199,1.5049,1.6743
123.3,1.2881,1.4845,1.466,1.6366
123.4,1.2878,1.4886,1.4321,1.6307
123.5,1.2803,1.5072,1.4,1.6366
123.6,1.2549,1.5128,1.4512,1.6829
123.7,1.223,1.5136,1.5331,1.7442
123.8,1.2308,1.517,1.5313,1.7436
123.9,1.2534,1.5212,1.4987,1.7202
124,1.2939,1.5109,1.482,1.7046
124.1,1.3411,1.4952,1.471,1.6919
124.2,1.3338,1.4941,1.468,1.693
124.3,1.3065,1.4986,1.4679,1.6993
124.4,1.2901,1.5147,1.5183,1.7116
124.5,1.2778,1.5352,1.5873,1.7262
124.6,1.2688,1.5471,1.669,1.7754
124.7,1.2611,1.5558,1.7554,1.8373
124.8,1.2375,1.5541,1.8318,1.8064
124.9,1.2081,1.5486,1.9045,1.7414
125,1.1719,1.5538,1.9548,1.7442
125.1,1.1332,1.5629,1.9968,1.7719
125.2,1.1439,1.5499,2.006,1.7727
125.3,1.1834,1.524,1.9959,1.7579
125.4,1.2358,1.53,1.9599,1.7266
125.5,1.2956,1.5548,1.9086,1.6857
125.6,1.3565,1.5941,1.8841,1.6945
125.7,1.418,1.6419,1.8752,1.7325
125.8,1.4801,1.6974,1.837,1.7275
125.9,1.5425,1.7573,1.7817,1.6974
126,1.6047,1.8045,1.7469,1.6812
126.1,1.6668,1.8442,1.7241,1.6731
126.2,1.7239,1.8526,1.7296,1.6586
126.3,1.7781,1.8426,1.7517,1.6406
126.4,1.825,1.8892,1.7894,1.6409
126.5,1.8675,1.9689,1.8363,1.652
126.6,1.9246,2.0325,1.8372,1.6771
126.7,1.9901,2.0865,1.8112,1.7105
126.8,2.0321,2.1295,1.8133,1.7119
126.9,2.0605,2.166,1.8319,1.6945
127,2.0537,2.1772,1.8547,1.6764
127.1,2.0263,2.1735,1.88,1.6579
127.2,1.9878,2.164,1.8796,1.6694
127.3,1.9427,2.1509,1.8642,1.6985
127.4,1.9362,2.1356,1.8639,1.702
127.5,1.9523,2.1191,1.8723,1.6904
127.6,1.958,2.1237,1.8428,1.6822
127.7,1.9577,2.1406,1.7911,1.6761
127.8,1.9411,2.1527,1.7696,1.6541
127.9,1.9152,2.1619,1.7658,1.6228
128,1.9046,2.1794,1.7952,1.614
128.1,1.9031,2.2016,1.844,1.6185
128.2,1.9107,2.195,1.8625,1.6278
128.3,1.9236,2.1715,1.8633,1.64
128.4,1.9225,2.1452,1.8647,1.6215
128.5,1.9133,2.1174,1.8665,1.585
128.6,1.867,2.1106,1.909,1.5653
128.7,1.7991,2.116,1.9753,1.5555
128.8,1.7595,2.1342,1.9873,1.5422
128.9,1.7363,2.1598,1.9674,1.5269
129,1.729,2.1698,1.9571,1.5355
129.1,1.7309,2.1707,1.9524,1.5581
129.2,1.7528,2.1599,1.9722,1.5561
129.3,1.7864,2.1423,2.0063,1.5397
129.4,1.766,2.144,2.0139,1.5172
129.5,1.7139,2.1571,2.006,1.4911
129.6,1.7466,2.1752,1.9952,1.4759
129.7,1.8288,2.1962,1.9828,1.467
129.8,1.8688,2.1996,1.9433,1.4565
129.9,1.8841,2.1927,1.888,1.445
130,1.8618,2.1953,1.8559,1.4224
130.1,1.8176,2.2036,1.8373,1.3933
130.2,1.8042,2.2186,1.8192,1.3917
130.3,1.8087,2.2375,1.8012,1.4063
130.4,1.7703,2.2127,1.8018,1.4109
130.5,1.7066,2.1623,1.8132,1.4096
130.6,1.6415,2.1436,1.8449,1.4263
130.7,1.5755,2.1435,1.8886,1.4535
130.8,1.499,2.1038,1.9013,1.4318
130.9,1.4163,2.0409,1.8959,1.3814
131,1.356,1.9964,1.8641,1.3653
131.1,1.3087,1.9626,1.8169,1.3693
131.2,1.2989,1.9441,1.7784,1.3715
131.3,1.3109,1.9345,1.7451,1.3729
131.4,1.2704,1.9054,1.7065,1.3548
131.5,1.1991,1.8651,1.6648,1.3254
131.6,1.1438,1.8432,1.7226,1.315
131.7,1.0978,1.8321,1.8386,1.3158
131.8,1.0918,1.7939,1.8833,1.3065
131.9,1.1093,1.7399,1.8862,1.2912
132,1.0947,1.7161,1.8668,1.3062
132.1,1.0614,1.7101,1.8341,1.339
132.2,1.0092,1.6891,1.8213,1.3481
132.3,0.946,1.6593,1.8201,1.3434
132.4,0.9207,1.6133,1.8458,1.3271
132.5,0.91756,1.5579,1.8872,1.3041
132.6,0.93052,1.5612,1.8811,1.3142
132.7,0.95291,1.599,1.8471,1.3438
132.8,0.99645,1.6366,1.8118,1.3508
132.9,1.0524,1.674,1.7756,1.3447
133,1.113,1.6981,1.7294,1.3299
133.1,1.1763,1.7143,1.6773,1.3098
133.2,1.2221,1.7312,1.6396,1.3301
133.3,1.2578,1.7487,1.6102,1.3739
133.4,1.3108,1.7489,1.5896,1.3901
133.5,1.3741,1.7391,1.5743,1.3902
133.6,1.3908,1.764,1.6347,1.3849
133.7,1.3802,1.8091,1.7395,1.3766
133.8,1.4238,1.8498,1.7836,1.399
133.9,1.4991,1.8878,1.7922,1.4393
134,1.5489,1.9175,1.8127,1.4329
134.1,1.5837,1.9422,1.8402,1.399
134.2,1.5931,1.9826,1.8646,1.3888
134.3,1.5878,2.0321,1.887,1.3924
134.4,1.5931,2.0459,1.8809,1.4069
134.5,1.6046,2.0387,1.8583,1.4277
134.6,1.6294,2.0433,1.8489,1.4296
134.7,1.6619,2.0547,1.8474,1.4204
134.8,1.6943,2.0815,1.8427,1.4155
134.9,1.7264,2.1219,1.8351,1.4142
135,1.7339,2.1354,1.8367,1.4145
135.1,1.7197,2.125,1.8462,1.4161
135.2,1.7446,2.1354,1.8351,1.4405
135.3,1.8042,2.1642,1.8055,1.4852
135.4,1.817,2.1771,1.7885,1.5196
135.5,1.7884,2.1761,1.7825,1.5448
135.6,1.8067,2.1831,1.7749,1.5343
135.7,1.8665,2.1971,1.7658,1.4921
135.8,1.9015,2.2063,1.7463,1.4947
135.9,1.9145,2.2112,1.7178,1.5368
136,1.9203,2.2028,1.7116,1.5641
136.1,1.9198,2.1826,1.7251,1.5782
136.2,1.9111,2.1665,1.7501,1.6009
136.3,1.8952,2.154,1.7853,1.631
136.4,1.8929,2.1617,1.8296,1.6529
136.5,1.9026,2.1871,1.882,1.6676
136.6,1.9459,2.2161,1.8765,1.673
136.7,2.0187,2.2482,1.8198,1.6703
136.8,2.0595,2.2633,1.7946,1.6641
136.9,2.0719,2.2633,1.7972,1.6548
137,2.0669,2.2655,1.8036,1.6559
137.1,2.0465,2.2695,1.8134,1.6662
137.2,2.0468,2.2695,1.8086,1.6626
137.3,2.0655,2.2657,1.7909,1.6469
137.4,2.0465,2.2691,1.7757,1.6335
137.5,1.9944,2.2789,1.7627,1.6222
137.6,1.9781,2.29,1.7613,1.6323
137.7,1.9935,2.3022,1.7702,1.6614
137.8,1.9967,2.3002,1.7865,1.6995
137.9,1.9891,2.2854,1.8094,1.7456
138,1.9757,2.2762,1.878,1.763
138.1,1.9572,2.2719,1.987,1.7551
138.2,1.9394,2.2455,2.0563,1.746
138.3,1.9224,2.1995,2.0906,1.7359
138.4,1.8854,2.1734,2.0887,1.7401
138.5,1.8307,2.1649,2.0548,1.7568
138.6,1.8099,2.1839,2.0156,1.7361
138.7,1.819,2.2272,1.9717,1.6823
138.8,1.8177,2.2296,1.9803,1.6707
138.9,1.8072,2.1957,2.0351,1.6964
139,1.7705,2.1923,2.0603,1.6877
139.1,1.7106,2.2159,2.0593,1.6486
139.2,1.6957,2.2046,2.0459,1.651
139.3,1.7207,2.1626,2.0214,1.69
139.4,1.7317,2.1298,2.0086,1.741
139.5,1.7303,2.105,2.0061,1.8024
139.6,1.7103,2.1067,2.0115,1.8016
139.7,1.6738,2.1317,2.0238,1.7457
139.8,1.6426,2.1737,2.0384,1.7264
139.9,1.616,2.2306,2.0548,1.7396
140,1.6397,2.2442,2.0358,1.72
140.1,1.7076,2.2195,1.9854,1.6713
140.2,1.7305,2.2018,1.9418,1.6698
140.3,1.7136,2.1903,1.9043,1.7101
140.4,1.6823,2.1855,1.9094,1.7024
140.5,1.6384,2.1867,1.9523,1.6524
140.6,1.6375,2.1905,1.955,1.6241
140.7,1.6744,2.1965,1.9222,1.6148
140.8,1.7165,2.2211,1.8936,1.6247
140.9,1.7632,2.2622,1.8686,1.6515
141,1.7921,2.2959,1.8745,1.6525
141.1,1.8051,2.323,1.9074,1.6309
141.2,1.82,2.3091,1.9234,1.6224
141.3,1.8366,2.2591,1.9245,1.6257
141.4,1.8475,2.2624,1.9056,1.6145
141.5,1.8535,2.3128,1.8691,1.5905
141.6,1.861,2.3274,1.9022,1.5763
141.7,1.87,2.3103,1.9967,1.5707
141.8,1.8424,2.2716,2.0208,1.5629
141.9,1.7825,2.2138,1.9827,1.5531
142,1.7451,2.1982,1.9745,1.552
142.1,1.7275,2.2201,1.9926,1.5587
142.2,1.7262,2.2348,1.9837,1.5529
142.3,1.7394,2.2433,1.9509,1.5361
142.4,1.7532,2.2333,1.9613,1.5258
142.5,1.7677,2.2069,2.0099,1.5212
142.6,1.8018,2.1852,2.0228,1.516
142.7,1.8533,2.1677,2.0041,1.5103
142.8,1.8521,2.1498,1.9851,1.4836
142.9,1.8044,2.1317,1.9659,1.4382
143,1.7706,2.1364,1.9633,1.418
143.1,1.7489,2.1612,1.9755,1.4202
143.2,1.7445,2.1628,1.9855,1.4199
143.3,1.7553,2.1439,1.9937,1.4175
143.4,1.7496,2.1432,2.0177,1.4151
143.5,1.7291,2.1587,2.0558,1.4127
143.6,1.7044,2.1572,2.0766,1.4045
143.7,1.6759,2.1409,2.0821,1.391
143.8,1.6324,2.1384,2.0888,1.4006
143.9,1.5756,2.1481,2.0966,1.4304
144,1.5185,2.1377,2.1016,1.4544
144.1,1.461,2.1094,2.104,1.4731
144.2,1.4069,2.0966,2.103,1.4655
144.3,1.3573,2.1042,2.0975,1.4233
144.4,1.3217,2.1004,2.0893,1.4076
144.5,1.3045,2.0813,2.0775,1.4272
144.6,1.2739,2.0528,2.0849,1.4423
144.7,1.2255,2.0116,2.1179,1.4515
144.8,1.1769,1.9727,2.1585,1.4487
144.9,1.1281,1.9368,2.2092,1.4302
145,1.0759,1.9177,2.2388,1.4281
145.1,1.0192,1.9208,2.2406,1.4478
145.2,0.98785,1.9124,2.2111,1.4404
145.3,0.98979,1.8889,2.1404,1.3973
145.4,0.98128,1.8628,2.0871,1.3587
145.5,0.95895,1.8334,2.057,1.326
145.6,0.93073,1.8121,2.0758,1.3219
145.7,0.89472,1.8017,2.1594,1.3554
145.8,0.84737,1.765,2.2078,1.3633
145.9,0.78507,1.6935,2.2098,1.3376
146,0.75212,1.6293,2.2175,1.325
146.1,0.75793,1.5749,2.233,1.3299
146.2,0.78301,1.5392,2.2255,1.3406
146.3,0.83352,1.5282,2.1875,1.3589
146.4,0.85252,1.5257,2.1479,1.3571
146.5,0.8299,1.5345,2.1063,1.3287
146.6,0.83025,1.5594,2.0674,1.3205
146.7,0.86092,1.6055,2.0319,1.3392
146.8,0.89454,1.6365,2.034,1.3721
146.9,0.93205,1.6477,2.0857,1.4238
147,0.9613,1.6501,2.1115,1.4443
147.1,0.97965,1.6412,2.1031,1.4235
147.2,1.0051,1.6259,2.0729,1.433
147.3,1.0401,1.6023,2.0139,1.4824
147.4,1.0734,1.5818,1.9401,1.4941
147.5,1.1046,1.5654,1.8465,1.456
147.6,1.129,1.5725,1.7888,1.4582
147.7,1.1445,1.6109,1.7782,1.5134
147.8,1.1654,1.635,1.7522,1.5561
147.9,1.1936,1.6405,1.7056,1.5822
148,1.2247,1.6489,1.6718,1.603
148.1,1.2598,1.6611,1.6546,1.6168
148.2,1.2837,1.6635,1.649,1.6203
148.3,1.2929,1.6532,1.6586,1.6103
148.4,1.3149,1.6303,1.6477,1.5907
148.5,1.3538,1.591,1.6098,1.5586
148.6,1.3764,1.5628,1.5998,1.5325
148.7,1.3774,1.5493,1.6266,1.5143
148.8,1.3837,1.5469,1.658,1.5251
148.9,1.3971,1.5591,1.6953,1.5741
149,1.4145,1.5809,1.7414,1.5945
149.1,1.4372,1.6154,1.7992,1.5772
149.2,1.453,1.6426,1.8414,1.5728
149.3,1.4598,1.6602,1.8632,1.5854
149.4,1.4956,1.6897,1.8613,1.6012
149.5,1.5696,1.7348,1.8278,1.6211
149.6,1.606,1.7664,1.8003,1.6041
149.7,1.5927,1.7802,1.7804,1.5386
149.8,1.606,1.8081,1.7754,1.5143
149.9,1.6543,1.8545,1.7902,1.5444
150,1.7182,1.9192,1.8121,1.5699
150.1,1.8027,2.0078,1.8434,1.5894
150.2,1.853,2.0687,1.8719,1.588
150.3,1.8584,2.0931,1.8967,1.5592
150.4,1.8771,2.1181,1.9105,1.5428
150.5,1.9135,2.1439,1.9097,1.5428
150.6,1.9296,2.1656,1.9036,1.5456
150.7,1.919,2.1818,1.8906,1.552
150.8,1.9152,2.1913,1.8678,1.5764
150.9,1.9205,2.192,1.8323,1.6248
151,1.9381,2.2015,1.8118,1.6498
151.1,1.9721,2.2224,1.8109,1.6438
151.2,1.9853,2.2348,1.8308,1.6468
151.3,1.9711,2.236,1.8778,1.6614
151.4,1.9411,2.2412,1.9347,1.6788
151.5,1.8902,2.2518,2.0045,1.6998
151.6,1.868,2.2682,2.0536,1.7119
151.7,1.8835,2.2924,2.0755,1.7125
151.8,1.8821,2.2858,2.0955,1.7013
151.9,1.8581,2.2387,2.1131,1.6747
152,1.8435,2.2098,2.1048,1.6827
152.1,1.8412,2.2047,2.0621,1.7363
152.2,1.8517,2.2077,2.0244,1.7586
152.3,1.8791,2.2214,1.993,1.7395
152.4,1.8759,2.2274,1.9711,1.7295
152.5,1.8324,2.2232,1.9615,1.7316
152.6,1.8165,2.2148,1.9499,1.7159
152.7,1.8369,2.2009,1.9356,1.6767
152.8,1.8456,2.1733,1.9272,1.6665
152.9,1.8389,2.1275,1.9267,1.6946
153,1.8127,2.1057,1.9459,1.7109
153.1,1.761,2.1154,1.9913,1.7116
153.2,1.7622,2.1308,2.0045,1.7009
153.3,1.8333,2.1535,1.9751,1.6751
153.4,1.854,2.1689,1.9625,1.6751
153.5,1.8082,2.1745,1.972,1.709
153.6,1.7762,2.1897,1.9918,1.7352
153.7,1.7719,2.2245,2.0327,1.746
153.8,1.7724,2.2326,2.0687,1.7559
153.9,1.7823,2.1871,2.0945,1.764
154,1.7917,2.1609,2.106,1.7666
154.1,1.7998,2.1738,2.0885,1.7579
154.2,1.8065,2.1977,2.0814,1.7607
154.3,1.81,2.2438,2.0958,1.7865
154.4,1.8205,2.2845,2.0906,1.7903
154.5,1.8452,2.3142,2.0458,1.7496
154.6,1.8662,2.3274,2.0141,1.7328
154.7,1.8798,2.3074,2.0088,1.7644
154.8,1.8814,2.2841,1.9946,1.7825
154.9,1.8585,2.2543,1.9622,1.7733
155,1.8473,2.233,1.9549,1.7489
155.1,1.8599,2.2286,1.9983,1.694
155.2,1.8683,2.2286,2.0323,1.6534
155.3,1.8679,2.2373,2.0471,1.6417
155.4,1.8677,2.2344,2.0397,1.6335
155.5,1.8679,2.2077,1.9872,1.6325
155.6,1.8467,2.1715,1.981,1.6223
155.7,1.7824,2.1161,2.0685,1.5936
155.8,1.7089,2.0688,2.1304,1.5775
155.9,1.6169,2.0382,2.1403,1.5873
156,1.5226,2.0116,2.1402,1.6136
156.1,1.4235,1.9934,2.1199,1.6737
156.2,1.3344,1.966,2.1031,1.6969
156.3,1.2653,1.92,2.0934,1.6455
156.4,1.2133,1.8972,2.0749,1.5989
156.5,1.1958,1.9213,2.0385,1.562
156.6,1.1781,1.9263,1.9882,1.5361
156.7,1.1599,1.893,1.9098,1.5326
156.8,1.1592,1.8836,1.8429,1.5351
156.9,1.1937,1.9225,1.7991,1.5499
157,1.229,1.9526,1.7608,1.5565
157.1,1.2659,1.9646,1.7337,1.5466
157.2,1.2739,1.9522,1.7013,1.5462
157.3,1.2234,1.8902,1.6582,1.5651
157.4,1.1753,1.8404,1.6361,1.5608
157.5,1.1318,1.8153,1.6563,1.5095
157.6,1.1025,1.7941,1.6621,1.4763
157.7,1.1021,1.7809,1.6386,1.4797
157.8,1.0839,1.7763,1.6398,1.4887
157.9,1.0302,1.7893,1.691,1.5093
158,1.0001,1.7869,1.723,1.5143
158.1,1.0177,1.7536,1.7164,1.4877
158.2,1.0367,1.7271,1.7198,1.4568
158.3,1.0582,1.7144,1.7439,1.4173
158.4,1.066,1.7011,1.7896,1.3883
158.5,1.0463,1.6862,1.8791,1.3807
158.6,1.0242,1.6831,1.9698,1.3785
158.7,0.99719,1.7038,2.0627,1.387
158.8,0.97235,1.7059,2.1228,1.3822
158.9,0.95177,1.6704,2.1162,1.3507
159,0.93866,1.6408,2.1049,1.3241
159.1,0.94061,1.6233,2.0837,1.3073
159.2,0.936,1.6008,2.0777,1.3052
159.3,0.91813,1.568,2.1025,1.3329
159.4,0.90274,1.55,2.1227,1.3502
159.5,0.89239,1.562,2.1338,1.3467
159.6,0.88509,1.5719,2.1644,1.3499
159.7,0.88396,1.5773,2.2348,1.367
159.8,0.89286,1.5869,2.2766,1.3786
159.9,0.92203,1.605,2.2605,1.3792
160,0.95073,1.6249,2.2271,1.3804
160.1,0.97852,1.6484,2.1589,1.3827
160.2,1.0175,1.6659,2.0916,1.3808
160.3,1.0792,1.6713,2.0265,1.3707
160.4,1.1293,1.6813,1.9726,1.3712
160.5,1.1559,1.7008,1.9414,1.3931
160.6,1.1921,1.7293,1.9302,1.4108
160.7,1.2475,1.7758,1.9591,1.4202
160.8,1.3112,1.821,1.9548,1.4271
160.9,1.3919,1.8636,1.8835,1.4292
161,1.4632,1.914,1.8335,1.4378
161.1,1.5154,1.9802,1.8268,1.4596
161.2,1.5776,2.0345,1.833,1.4744
161.3,1.6597,2.0645,1.8654,1.4752
161.4,1.7311,2.0986,1.8811,1.4851
161.5,1.7808,2.1408,1.863,1.5135
161.6,1.8299,2.172,1.8422,1.5245
161.7,1.8781,2.1809,1.8158,1.5005
161.8,1.919,2.192,1.8126,1.4846
161.9,1.9454,2.2074,1.8559,1.4851
162,1.9484,2.2182,1.9194,1.4986
162.1,1.9038,2.2196,2.0234,1.5383
162.2,1.8701,2.2251,2.0854,1.5567
162.3,1.8581,2.2389,2.0622,1.532
162.4,1.8586,2.255,2.0445,1.5189
162.5,1.8844,2.2754,2.0379,1.5294
162.6,1.8912,2.2882,2.0363,1.5315
162.7,1.8596,2.2857,2.0447,1.517
162.8,1.8389,2.2857,2.0534,1.5074
162.9,1.8401,2.2908,2.0626,1.5076
163,1.8285,2.2787,2.0627,1.5132
163.1,1.7911,2.2317,2.0442,1.5296
163.2,1.7677,2.1957,2.0412,1.5401
163.3,1.791,2.1965,2.0897,1.5309
163.4,1.7965,2.204,2.1469,1.5387
163.5,1.7428,2.2338,2.2328,1.6029
163.6,1.7151,2.2433,2.3053,1.6502
163.7,1.774,2.1849,2.3328,1.6412
163.8,1.8137,2.1528,2.3406,1.6295
163.9,1.7894,2.2083,2.2826,1.6089
164,1.7756,2.2527,2.2337,1.5942
164.1,1.7964,2.2603,2.2148,1.5995
164.2,1.8225,2.2691,2.1885,1.6136
164.3,1.8661,2.282,2.1376,1.6575
164.4,1.8954,2.2918,2.0917,1.6731
164.5,1.8769,2.2919,2.0621,1.5944
164.6,1.8483,2.2968,2.0215,1.5342
164.7,1.7866,2.3174,1.9443,1.5355
164.8,1.7345,2.3232,1.8921,1.5452
164.9,1.7143,2.2795,1.923,1.5826
165,1.7034,2.2488,1.9665,1.6185
165.1,1.7236,2.2617,2.0518,1.6498
165.2,1.7357,2.2621,2.1018,1.6795
165.3,1.7207,2.2209,2.0341,1.7041
165.4,1.7102,2.2009,1.9797,1.7166
165.5,1.7145,2.252,1.9696,1.6892
165.6,1.7318,2.2996,1.9552,1.6651
165.7,1.7922,2.3359,1.9266,1.6525
165.8,1.8457,2.3653,1.9139,1.6598
165.9,1.8764,2.3716,1.9538,1.7338
166,1.8913,2.3778,1.9777,1.7828
166.1,1.8538,2.3835,1.9478,1.7491
166.2,1.828,2.3807,1.9221,1.7233
166.3,1.8413,2.3497,1.91,1.7239
166.4,1.8545,2.3263,1.885,1.7239
166.5,1.8675,2.3285,1.8173,1.7214
166.6,1.885,2.3364,1.7743,1.7224
166.7,1.9178,2.3629,1.8136,1.7348
166.8,1.9374,2.3748,1.8448,1.7452
166.9,1.9132,2.3379,1.8487,1.7485
167,1.8969,2.306,1.8642,1.7429
167.1,1.9069,2.2909,1.9184,1.7077
167.2,1.921,2.2949,1.9606,1.6884
167.3,1.9487,2.363,1.9627,1.7219
167.4,1.9708,2.4065,1.959,1.748
167.5,1.974,2.3679,1.9361,1.7493
167.6,1.9802,2.3404,1.9248,1.7518
167.7,1.9959,2.3494,1.9519,1.7584
167.8,2.0105,2.3579,1.9822,1.7609
167.9,2.0213,2.3648,2.0232,1.7501
168,2.0299,2.3687,2.0504,1.7499
168.1,2.0314,2.3624,2.0318,1.7846
168.2,2.0326,2.3637,2.0221,1.812
168.3,2.0329,2.3901,2.0421,1.8155
168.4,2.0185,2.4072,2.0539,1.8136
168.5,1.955,2.3928,2.038,1.7939
168.6,1.9114,2.3723,2.0197,1.7834
168.7,1.9339,2.3311,1.9932,1.8038
168.8,1.9333,2.291,1.993,1.8292
168.9,1.8556,2.2545,2.0804,1.8714
169,1.8055,2.2379,2.1544,1.8945
169.1,1.8474,2.2877,2.1832,1.8539
169.2,1.8862,2.3308,2.1965,1.8056
169.3,1.9147,2.3518,2.1576,1.7316
169.4,1.93,2.3577,2.1212,1.6743
169.5,1.9014,2.3131,2.0929,1.672
169.6,1.8835,2.2841,2.0653,1.6734
169.7,1.9011,2.3068,2.0403,1.6867
169.8,1.9157,2.3163,2.0203,1.6961
169.9,1.92,2.2822,2.0165,1.6922
170,1.9209,2.2579,2.0036,1.6765
170.1,1.9101,2.2659,1.96,1.6212
170.2,1.9095,2.2729,1.9313,1.5763
170.3,1.9428,2.2763,1.9517,1.5657
170.4,1.9755,2.2757,1.9745,1.5621
170.5,2.0059,2.2618,2.0052,1.5815
170.6,2.0265,2.2569,2.0342,1.5944
170.7,2.0144,2.2824,2.0573,1.5856
170.8,2.0046,2.3053,2.0696,1.5827
170.9,2.0027,2.3197,2.0463,1.5997
171,1.9981,2.329,2.0369,1.6019
171.1,1.9849,2.3216,2.0739,1.5546
171.2,1.9601,2.3161,2.0964,1.5296
171.3,1.8964,2.3171,2.0703,1.5784
171.4,1.8299,2.3045,2.0507,1.6085
171.5,1.7538,2.2465,2.053,1.5768
171.6,1.6733,2.1955,2.0509,1.5509
171.7,1.578,2.1676,2.0341,1.5444
171.8,1.4976,2.1401,2.0219,1.535
171.9,1.4669,2.1141,2.025,1.5154
172,1.4323,2.0941,2.0409,1.5052
172.1,1.385,2.0937,2.0992,1.5259
172.2,1.3373,2.0826,2.1317,1.5337
172.3,1.2882,2.0357,2.0782,1.4986
172.4,1.2474,2.0008,2.0383,1.4711
172.5,1.2343,2.0054,2.0441,1.4686
172.6,1.217,2.0052,2.0526,1.4683
172.7,1.172,1.9725,2.0795,1.4818
172.8,1.1348,1.9355,2.1008,1.4891
172.9,1.1482,1.8704,2.0848,1.4557
173,1.1676,1.8163,2.0658,1.4231
173.1,1.2259,1.8357,2.0275,1.3963
173.2,1.2765,1.8581,1.9901,1.3753
173.3,1.2756,1.8995,1.9586,1.3934
173.4,1.2653,1.9266,1.9346,1.4074
173.5,1.1921,1.8583,1.9598,1.3941
173.6,1.1219,1.7959,1.981,1.3792
173.7,1.0714,1.772,1.975,1.3541
173.8,1.0286,1.7499,1.9701,1.3305
173.9,1.0363,1.7402,1.9726,1.3174
174,1.0407,1.7269,1.9871,1.3093
174.1,1.0228,1.69,2.082,1.3348
174.2,1.0018,1.6537,2.1845,1.3576
174.3,0.96068,1.6211,2.3384,1.3623
174.4,0.92408,1.5957,2.482,1.3668
174.5,0.91765,1.6186,2.5568,1.3695
174.6,0.91343,1.6379,2.6148,1.373
174.7,0.9239,1.6328,2.5613,1.3813
174.8,0.93001,1.6349,2.5058,1.3904
174.9,0.90709,1.6842,2.4375,1.4059
175,0.89683,1.7248,2.3689,1.4221
175.1,0.97054,1.7082,2.2987,1.4427
175.2,1.0423,1.6961,2.2318,1.4657
175.3,1.1012,1.7132,2.1859,1.5042
175.4,1.1622,1.7309,2.1366,1.5339
175.5,1.2371,1.7517,2.0644,1.5053
175.6,1.3026,1.7699,1.9975,1.4795
175.7,1.3066,1.7711,1.9648,1.4731
175.8,1.3206,1.782,1.9389,1.4672
175.9,1.4018,1.8569,1.958,1.4655
176,1.4777,1.923,1.9712,1.4671
176.1,1.5184,1.9308,1.9461,1.491
176.2,1.5587,1.9431,1.9243,1.5093
176.3,1.5966,1.9846,1.9247,1.4903
176.4,1.6343,2.0262,1.9236,1.4703
176.5,1.6697,2.0678,1.912,1.4426
176.6,1.706,2.1101,1.9028,1.423
176.7,1.748,2.1569,1.9098,1.4563
176.8,1.7898,2.2001,1.9107,1.4822
176.9,1.8305,2.2193,1.8712,1.4587
177,1.872,2.2396,1.8399,1.4409
177.1,1.9183,2.2672,1.8622,1.4612
177.2,1.9565,2.2883,1.8786,1.4832
177.3,1.94,2.2663,1.8567,1.5166
177.4,1.9246,2.248,1.8408,1.5404
177.5,1.9158,2.2541,1.865,1.5013
177.6,1.919,2.2638,1.8911,1.4682
177.7,2.0016,2.2979,1.9292,1.4746
177.8,2.0709,2.3267,1.961,1.4858
177.9,2.0518,2.3215,1.9501,1.5282
178,2.0381,2.3168,1.9351,1.5648
178.1,2.0604,2.3161,1.8929,1.5621
178.2,2.0765,2.3115,1.8499,1.5601
178.3,2.0515,2.281,1.802,1.5626
178.4,2.033,2.2575,1.7638,1.5653
178.5,2.057,2.2801,1.7907,1.5693
178.6,2.0737,2.2996,1.818,1.5709
178.7,2.0417,2.2987,1.8479,1.5561
178.8,2.0201,2.302,1.8797,1.5526
178.9,2.0673,2.3332,1.9239,1.624
179,2.1093,2.3607,1.9583,1.6824
179.1,2.1165,2.3643,1.9272,1.6542
179.2,2.1174,2.3685,1.9017,1.6304
179.3,2.0755,2.3779,1.9139,1.6356
179.4,2.0322,2.386,1.9236,1.6427
179.5,1.9792,2.3866,1.9163,1.6615
179.6,1.9253,2.3852,1.921,1.6768
179.7,1.8654,2.3705,2.0053,1.6683
179.8,1.8108,2.3487,2.0798,1.6569
179.9,1.7908,2.2795,2.0897,1.626
180,1.776,2.2193,2.092,1.6011
180.1,1.7952,2.2184,2.0448,1.6162
180.2,1.8014,2.2169,2.0115,1.6238
180.3,1.721,2.2116,2.0711,1.5819
180.4,1.6428,2.2023,2.1204,1.5482
180.5,1.5787,2.1668,2.1012,1.5684
180.6,1.526,2.138,2.0837,1.5797
180.7,1.5484,2.1536,2.0767,1.5323
180.8,1.5748,2.1695,2.0701,1.4916
180.9,1.6278,2.1879,2.066,1.4955
181,1.6823,2.2087,2.0587,1.501
181.1,1.7476,2.2452,2.0307,1.5172
181.2,1.8139,2.2809,1.9993,1.53
181.3,1.8864,2.3113,1.9447,1.5202
181.4,1.9437,2.3327,1.8905,1.5178
181.5,1.8996,2.2951,1.8391,1.5637
181.6,1.8508,2.2597,1.8021,1.6049
181.7,1.7699,2.2394,1.8613,1.6149
181.8,1.6916,2.218,1.9124,1.6265
181.9,1.6298,2.1898,1.9103,1.6487
182,1.5693,2.1613,1.9066,1.6707
182.1,1.552,2.1238,1.854,1.685
182.2,1.5341,2.0864,1.8023,1.6995
182.3,1.4985,2.0564,1.7778,1.7197
182.4,1.4647,2.0266,1.7535,1.7389
182.5,1.4854,2.0045,1.7365,1.7277
182.6,1.5044,1.9832,1.7201,1.7181
182.7,1.4737,1.9824,1.7189,1.7593
182.8,1.4421,1.9793,1.7217,1.7993
182.9,1.3849,1.9075,1.8464,1.8043
183,1.3305,1.8363,1.9674,1.8092
183.1,1.3627,1.7879,1.9708,1.8116
183.2,1.3943,1.7426,1.973,1.8128
183.3,1.4068,1.7971,1.938,1.7754
183.4,1.4174,1.8504,1.904,1.7396
183.5,1.3689,1.8664,1.9009,1.7487
183.6,1.3212,1.8806,1.898,1.7577
183.7,1.2964,1.8362,1.9035,1.7607
183.8,1.2734,1.793,1.9076,1.7656
183.9,1.3074,1.7871,1.8705,1.8294
184,1.3402,1.7812,1.833,1.8893
184.1,1.3374,1.7757,1.784,1.832
184.2,1.3356,1.7704,1.7354,1.7746
184.3,1.3686,1.7701,1.6965,1.7137
184.4,1.4004,1.7697,1.6589,1.6556
184.5,1.3963,1.7663,1.6638,1.6832
184.6,1.3907,1.7628,1.669,1.7107
184.7,1.3347,1.7584,1.6849,1.733
184.8,1.2814,1.7549,1.7,1.754
184.9,1.3094,1.7787,1.6908,1.7304
185,1.3404,1.8016,1.6813,1.7084
185.1,1.4632,1.799,1.6593,1.7378
185.2,1.5831,1.7977,1.637,1.7657
185.3,1.6126,1.833,1.6091,1.7477
185.4,1.6412,1.8661,1.5818,1.7299
185.5,1.6402,1.8335,1.571,1.7137
185.6,1.6386,1.8018,1.5604,1.6974
185.7,1.6199,1.8035,1.5554,1.6793
185.8,1.6025,1.8043,1.5501,1.6621
185.9,1.629,1.7774,1.5379,1.6724
186,1.6531,1.7512,1.5299,1.6838
186.1,1.6002,1.7491,1.6539,1.7291
186.2,1.5494,1.7473,1.7741,1.7729
186.3,1.5663,1.753,1.7732,1.7688
186.4,1.5813,1.7573,1.7728,1.7637
186.5,1.5384,1.715,1.7878,1.7249
186.6,1.4993,1.6734,1.8032,1.6885
186.7,1.5809,1.6523,1.8286,1.7236
186.8,1.6611,1.6318,1.852,1.7574
186.9,1.7,1.6286,1.8154,1.7508
187,1.7372,1.6271,1.78,1.7418
187.1,1.722,1.6769,1.7846,1.6621
187.2,1.7077,1.7264,1.7899,1.5865
187.3,1.7199,1.7656,1.8167,1.6413
187.4,1.7332,1.8033,1.8423,1.6933
187.5,1.7797,1.7965,1.8263,1.6569
187.6,1.8268,1.7912,1.8096,1.622
187.7,1.8966,1.8349,1.7729,1.637
187.8,1.9647,1.8792,1.7384,1.6514
187.9,1.9812,1.9393,1.7731,1.6509
188,1.9985,1.9994,1.808,1.6499
188.1,2.0437,2.06,1.8515,1.6335
188.2,2.0878,2.1197,1.8938,1.6177
188.3,2.0962,2.1532,1.8993,1.62
188.4,2.1037,2.1855,1.9064,1.6218
188.5,2.0832,2.179,1.963,1.6082
188.6,2.0625,2.1724,2.0211,1.5955
188.7,2.035,2.1614,2.1253,1.6097
188.8,2.0078,2.1498,2.228,1.6238
188.9,1.9921,2.1242,2.2868,1.6363
189,1.9777,2.1,2.3418,1.6485
189.1,2.0048,2.1211,2.2767,1.6534
189.2,2.0295,2.143,2.2138,1.6567
189.3,1.9796,2.1892,2.2155,1.6111
189.4,1.9303,2.2342,2.216,1.5661
189.5,1.9029,2.2429,2.1795,1.5378
189.6,1.8749,2.2508,2.1444,1.5113
189.7,1.8279,2.239,2.1564,1.5404
189.8,1.7817,2.2262,2.1661,1.5671
189.9,1.7601,2.1826,2.1031,1.5214
190,1.7392,2.1403,2.0424,1.4763
190.1,1.7371,2.1396,2.0551,1.452
190.2,1.736,2.1397,2.0686,1.4283
190.3,1.7636,2.1634,2.1062,1.4229
190.4,1.7903,2.1872,2.1432,1.4183
190.5,1.7847,2.2132,2.1642,1.4357
190.6,1.7807,2.239,2.1844,1.4524
190.7,1.8276,2.2613,2.1831,1.4506
190.8,1.8725,2.2823,2.1825,1.4477
190.9,1.8544,2.2653,2.2059,1.4102
191,1.8386,2.249,2.2278,1.3756
191.1,1.8969,2.2581,2.2062,1.4326
191.2,1.9538,2.2676,2.186,1.4885
191.3,1.9668,2.2906,2.2073,1.5067
191.4,1.981,2.3122,2.2266,1.5236
191.5,2.032,2.292,2.1821,1.5008
191.6,2.083,2.2718,2.1376,1.478
191.7,2.0149,2.2513,2.0978,1.5016
191.8,1.9378,2.2308,2.0584,1.5287
191.9,1.9161,2.2569,2.0198,1.5364
192,1.8985,2.2864,1.9812,1.5427
192.1,1.9354,2.2736,1.981,1.5773
192.2,1.9763,2.2577,1.9835,1.6141
192.3,2.0382,2.3064,1.9681,1.6121
192.4,2.1016,2.3599,1.9514,1.6073
192.5,2.0706,2.3676,1.9612,1.5885
192.6,2.0326,2.3719,1.9729,1.5686
192.7,2.0275,2.3601,1.9845,1.618
192.8,2.0248,2.3471,1.9961,1.6725
192.9,1.9768,2.3559,1.9992,1.646
193,1.9254,2.3663,2.0018,1.6134
193.1,1.9039,2.3693,2.0749,1.6272
193.2,1.8846,2.3717,2.1532,1.6444
193.3,1.8996,2.3382,2.209,1.6762
193.4,1.9171,2.3021,2.263,1.7092
193.5,1.8584,2.242,2.3213,1.7006
193.6,1.7939,2.1802,2.38,1.6889
193.7,1.838,2.2089,2.3128,1.6715
193.8,1.8901,2.2442,2.2362,1.6537
193.9,1.9311,2.2401,2.164,1.643
194,1.9713,2.2331,2.0922,1.6329
194.1,1.9619,2.2581,2.0959,1.6809
194.2,1.9487,2.2854,2.1053,1.7332
194.3,1.9587,2.3027,2.1177,1.7181
194.4,1.9704,2.3192,2.1304,1.6979
194.5,1.97,2.2852,2.1129,1.6565
194.6,1.9686,2.2475,2.0932,1.6136
194.7,1.9563,2.2312,2.1051,1.6121
194.8,1.9431,2.2165,2.1193,1.6137
194.9,1.9332,2.2333,2.129,1.6475
195,1.9236,2.2525,2.1383,1.6836
195.1,1.969,2.2861,2.1081,1.741
195.2,2.0185,2.3208,2.0749,1.7999
195.3,1.9954,2.3526,2.1187,1.8245
195.4,1.967,2.3843,2.1682,1.8465
195.5,1.9718,2.3888,2.1899,1.8345
195.6,1.9791,2.3912,2.2096,1.8199
195.7,2.0154,2.3861,2.1805,1.8282
195.8,2.0539,2.3805,2.1479,1.8382
195.9,2.0683,2.3784,2.1345,1.8647
196,2.0809,2.3766,2.1225,1.8925
196.1,2.0619,2.3365,2.1663,1.9107
196.2,2.0405,2.2936,2.2143,1.9282
196.3,2.054,2.3306,2.1846,1.9202
196.4,2.0701,2.3735,2.1491,1.9103
196.5,2.0992,2.37,2.1257,1.8357
196.6,2.1294,2.3631,2.1032,1.7562
196.7,2.1445,2.3587,2.1115,1.7323
196.8,2.1585,2.3545,2.1221,1.7125
196.9,2.1437,2.3718,2.1099,1.7426
197,2.1267,2.3908,2.096,1.7764
197.1,2.0388,2.3851,2.1178,1.813
197.2,1.9457,2.3776,2.1423,1.8499
197.3,1.8651,2.3416,2.2184,1.9398
197.4,1.7854,2.3035,2.2984,2.0337
197.5,1.6783,2.2567,2.2972,2.0316
197.6,1.5691,2.2094,2.2901,2.0224
197.7,1.5621,2.2225,2.225,2.0641
197.8,1.5627,2.24,2.1557,2.1095
197.9,1.4751,2.2245,2.1272,2.0987
198,1.381,2.2065,2.1018,2.0838
198.1,1.3031,2.2048,2.0686,2.0369
198.2,1.2265,2.2043,2.0349,1.9877
198.3,1.1984,2.1514,2.0911,1.9759
198.4,1.1739,2.0945,2.1541,1.9669
198.5,1.1643,2.0046,2.1246,1.9345
198.6,1.1559,1.9123,2.0883,1.9004
198.7,1.1583,1.9032,2.0372,1.8751
198.8,1.1615,1.9001,1.985,1.8505
198.9,1.1912,1.8782,1.962,1.8326
199,1.223,1.8548,1.9411,1.8152
199.1,1.2235,1.8701,1.9055,1.8238
199.2,1.2217,1.8883,1.8688,1.8344
199.3,1.223,1.8618,1.8377,1.8616
199.4,1.2246,1.8319,1.8071,1.89
199.5,1.2867,1.8402,1.7491,1.8764
199.6,1.3533,1.8512,1.689,1.8597
199.7,1.376,1.8352,1.6573,1.8288
199.8,1.3954,1.8172,1.6278,1.7969
199.9,1.3848,1.8354,1.6428,1.7728
200,1.3719,1.8563,1.6611,1.7493
200.1,1.3587,1.7967,1.6508,1.784
200.2,1.3455,1.7312,1.6385,1.8229
200.3,1.3957,1.728,1.6414,1.8198
200.4,1.4506,1.7295,1.6454,1.8135
200.5,1.4626,1.7379,1.6326,1.8106
200.6,1.4715,1.7469,1.6186,1.8079
200.7,1.5366,1.7396,1.6099,1.7583
200.8,1.6058,1.7311,1.6016,1.7053
200.9,1.6511,1.7065,1.5999,1.7054
201,1.6945,1.6806,1.5987,1.7094
201.1,1.6888,1.6986,1.6323,1.7101
201.2,1.6732,1.7254,1.673,1.71
201.3,1.6892,1.7068,1.6773,1.7113
201.4,1.7117,1.679,1.6743,1.7129
201.5,1.6974,1.6926,1.677,1.7238
201.6,1.6757,1.7146,1.681,1.7367
201.7,1.6134,1.7304,1.7232,1.7266
201.8,1.543,1.7449,1.7732,1.7118
201.9,1.4834,1.7061,1.8734,1.7369
202,1.426,1.6566,1.9837,1.7701
202.1,1.4534,1.6689,2.0281,1.7744
202.2,1.498,1.6938,2.0591,1.7729
202.3,1.5456,1.7189,2.0297,1.7497
202.4,1.5939,1.744,1.9879,1.7222
202.5,1.6031,1.7555,1.9747,1.7094
202.6,1.6043,1.7642,1.9672,1.6996
202.7,1.6434,1.7862,1.953,1.6848
202.8,1.6902,1.811,1.9375,1.6689
202.9,1.7295,1.8431,1.9767,1.6418
203,1.7672,1.8768,2.027,1.6124
203.1,1.8043,1.9373,2.1001,1.6316
203.2,1.8413,2.0033,2.1778,1.6607
203.3,1.8273,2.0087,2.1872,1.6754
203.4,1.8029,2.0019,2.1826,1.6871
203.5,1.8469,2.0473,2.1367,1.67
203.6,1.9048,2.1033,2.0823,1.6471
203.7,1.9678,2.1436,2.0572,1.6425
203.8,2.0319,2.1807,2.038,1.6417
203.9,2.0169,2.1829,2.018,1.6208
204,1.9859,2.178,1.9979,1.5959
204.1,1.991,2.2074,1.9883,1.6183
204.2,2.0035,2.2439,1.9808,1.6505
204.3,2.0274,2.2775,1.9728,1.6728
204.4,2.0537,2.3105,1.9646,1.6931
204.5,2.0846,2.3361,1.9472,1.656
204.6,2.1165,2.3601,1.928,1.6071
204.7,2.0681,2.334,1.9249,1.6295
204.8,2.0034,2.2976,1.9251,1.6664
204.9,2.0069,2.2886,1.9345,1.6505
205,2.0243,2.2853,1.9458,1.6237
205.1,2.0097,2.2562,1.9415,1.6112
205.2,1.9886,2.222,1.934,1.6015
205.3,2.0117,2.2255,1.9234,1.6308
205.4,2.0439,2.2367,1.9121,1.668
205.5,2.003,2.249,1.9149,1.6467
205.6,1.9472,2.2615,1.9206,1.6134
205.7,1.9198,2.2537,1.9025,1.5944
205.8,1.8982,2.2417,1.8795,1.5783
205.9,1.8078,2.2157,1.8835,1.5738
206,1.7034,2.1868,1.893,1.5715
206.1,1.6629,2.1598,1.8824,1.5516
206.2,1.6354,2.1332,1.8678,1.5281
206.3,1.6096,2.1341,1.9439,1.5441
206.4,1.584,2.1406,2.0385,1.5681
206.5,1.6136,2.1508,2.0965,1.5788
206.6,1.6543,2.1618,2.147,1.5869
206.7,1.6651,2.1817,2.1376,1.5731
206.8,1.6699,2.2034,2.116,1.5549
206.9,1.6485,2.2188,2.0831,1.5347
207,1.6217,2.2329,2.0478,1.5142
207.1,1.6012,2.1709,2.0014,1.5133
207.2,1.5819,2.0935,1.9526,1.5164
207.3,1.5151,2.0656,1.9627,1.5559
207.4,1.4387,2.0477,1.9848,1.6029
207.5,1.3532,2.0333,1.9438,1.5852
207.6,1.2659,2.0196,1.8898,1.5543
207.7,1.2435,1.9623,1.8701,1.5408
207.8,1.2342,1.8962,1.8574,1.5309
207.9,1.2171,1.8671,1.8957,1.4893
208,1.1984,1.8456,1.9445,1.4411
208.1,1.1826,1.815,1.9991,1.4623
208.2,1.1673,1.7826,2.0548,1.4977
208.3,1.1597,1.779,2.0765,1.5134
208.4,1.1537,1.7813,2.0913,1.5251
208.5,1.1603,1.7715,2.0608,1.487
208.6,1.1696,1.7594,2.0211,1.4387
208.7,1.1676,1.7499,1.9545,1.4281
208.8,1.1633,1.7409,1.8823,1.4253
208.9,1.1986,1.702,1.859,1.4037
209,1.2419,1.6571,1.8456,1.3784
209.1,1.2799,1.6931,1.8139,1.3551
209.2,1.3169,1.7456,1.7784,1.3321
209.3,1.2739,1.7216,1.789,1.3377
209.4,1.2145,1.682,1.8089,1.3491
209.5,1.1824,1.6517,1.8462,1.3376
209.6,1.1557,1.6234,1.887,1.3215
209.7,1.0969,1.5846,1.9239,1.3479
209.8,1.0315,1.5437,1.9599,1.383
209.9,1.0014,1.5009,2.0028,1.3925
210,0.97844,1.4578,2.047,1.3969
210.1,0.99845,1.4752,1.9966,1.4109
210.2,1.0272,1.505,1.9269,1.4269
210.3,1.0223,1.5466,1.9528,1.4354
210.4,1.0105,1.5907,1.9981,1.4424
210.5,1.0395,1.6309,1.9634,1.4196
210.6,1.0834,1.6695,1.8994,1.3858
210.7,1.1116,1.6884,1.8498,1.3876
210.8,1.1339,1.6999,1.8056,1.4024
210.9,1.1951,1.7369,1.8028,1.378
211,1.2705,1.7832,1.8153,1.339
211.1,1.2976,1.7714,1.8763,1.3563
211.2,1.3068,1.7382,1.9552,1.3942
211.3,1.3617,1.7842,1.9559,1.4037
211.4,1.4332,1.8595,1.9279,1.4028
211.5,1.5169,1.9286,1.8946,1.4167
211.6,1.605,1.9955,1.8593,1.4361
211.7,1.6742,2.0522,1.8325,1.4498
211.8,1.7365,2.1051,1.809,1.4615
211.9,1.7907,2.1403,1.7828,1.4299
212,1.8418,2.1689,1.7557,1.3823
212.1,1.9046,2.1813,1.7441,1.3968
212.2,1.9717,2.1878,1.7382,1.4341
212.3,1.9951,2.2064,1.733,1.4551
212.4,2.0024,2.2296,1.7281,1.47
212.5,1.9631,2.2045,1.7581,1.487
212.6,1.9067,2.1615,1.8008,1.5049
212.7,1.8625,2.1444,1.8842,1.4944
212.8,1.8229,2.1367,1.9825,1.4736
212.9,1.8173,2.1442,2.0226,1.456
213,1.8242,2.1573,2.0413,1.4395
213.1,1.8383,2.1688,2.0906,1.4647
213.2,1.855,2.1798,2.1511,1.505
213.3,1.8801,2.2275,2.1492,1.5293
213.4,1.9082,2.2889,2.1245,1.5475
213.5,1.9317,2.2961,2.0849,1.5517
213.6,1.9534,2.2834,2.0399,1.5507
213.7,1.9439,2.2934,2.0038,1.552
213.8,1.923,2.3119,1.9711,1.554
213.9,1.8972,2.3092,1.9521,1.5608
214,1.8695,2.2988,1.9383,1.5693
214.1,1.8614,2.2948,1.9715,1.5812
214.2,1.8604,2.2931,2.022,1.5942
214.3,1.8948,2.2987,2.0043,1.6092
214.4,1.9423,2.3068,1.9616,1.625
214.5,1.9279,2.3327,1.9761,1.636
214.6,1.8908,2.3652,2.0118,1.6452
214.7,1.9125,2.3651,2.0226,1.6555
214.8,1.9558,2.3531,2.0242,1.6662
214.9,1.9117,2.3353,2.002,1.6425
215,1.8354,2.3154,1.971,1.6062
215.1,1.8624,2.3144,1.9537,1.5835
215.2,1.9274,2.3203,1.9415,1.5659
215.3,1.9689,2.2953,1.9348,1.5653
215.4,2.0017,2.2589,1.9302,1.5709
215.5,1.9987,2.274,1.9307,1.6041
215.6,1.9826,2.3079,1.933,1.6474
215.7,1.9625,2.3445,1.9273,1.6558
215.8,1.9408,2.382,1.9188,1.6514
215.9,1.8816,2.3748,1.9247,1.6732
216,1.8084,2.351,1.936,1.7048
216.1,1.7711,2.364,1.9532,1.6957
216.2,1.747,2.3906,1.9726,1.6715
216.3,1.7847,2.3746,1.957,1.6621
216.4,1.845,2.343,1.9287,1.6581
216.5,1.8822,2.3199,1.9223,1.6601
216.6,1.911,2.3,1.9241,1.6644
216.7,1.9341,2.3251,1.9134,1.6602
216.8,1.9553,2.3668,1.8982,1.6529
216.9,1.9722,2.3648,1.9078,1.6743
217,1.9875,2.3467,1.9266,1.7062
217.1,2.0212,2.3644,1.938,1.7276
217.2,2.0616,2.3954,1.9468,1.7451
217.3,2.0499,2.3928,1.9748,1.7696
217.4,2.0191,2.3779,2.0099,1.7965
217.5,1.9698,2.3626,2.0253,1.8093
217.6,1.9137,2.3472,2.0333,1.8169
217.7,1.9306,2.3315,2.0246,1.7845
217.8,1.9743,2.3157,2.0096,1.7373
217.9,2.0086,2.3055,2.0322,1.7805
218,2.0393,2.2974,2.0686,1.857
218.1,2.049,2.3109,2.0553,1.8251
218.2,2.051,2.3322,2.0238,1.7531
218.3,2.0122,2.3611,2.0398,1.741
218.4,1.9584,2.3928,2.0733,1.7509
218.5,1.9245,2.3826,2.0809,1.8141
218.6,1.8979,2.3569,2.0789,1.8969
218.7,1.9008,2.3414,2.0658,1.8816
218.8,1.9145,2.3297,2.0485,1.8303
218.9,1.933,2.3562,2.0102,1.818
219,1.9532,2.3967,1.9641,1.8201
219.1,1.9358,2.3837,1.9991,1.8553
219.2,1.9045,2.3509,2.064,1.9026
219.3,1.8854,2.335,2.084,1.9242
219.4,1.8709,2.3253,2.0875,1.9364
219.5,1.8675,2.3071,2.1121,1.9276
219.6,1.8683,2.2857,2.1444,1.9111
219.7,1.8559,2.2687,2.146,1.902
219.8,1.8385,2.2534,2.1362,1.8955
219.9,1.8669,2.2609,2.1217,1.9324
220,1.9121,2.2768,2.1054,1.9853
220.1,1.9254,2.2926,2.0718,1.9966
220.2,1.9201,2.3082,2.0281,1.9836
220.3,1.8795,2.3165,2.074,1.9758
220.4,1.8184,2.3205,2.1724,1.9711
220.5,1.8027,2.3218,2.2167,1.9684
220.6,1.8137,2.3215,2.2293,1.967
220.7,1.8064,2.2864,2.201,1.9111
220.8,1.7886,2.2309,2.1489,1.8235
220.9,1.7833,2.2171,2.1507,1.7915
221,1.7855,2.2276,2.1839,1.792
221.1,1.809,2.2564,2.2058,1.7678
221.2,1.845,2.296,2.221,1.7292
221.3,1.8712,2.3265,2.1733,1.7129
221.4,1.8917,2.3519,2.0888,1.7096
221.5,1.9433,2.3701,2.059,1.7174
221.6,2.0131,2.3841,2.0611,1.7317
221.7,2.0268,2.3897,2.0935,1.7123
221.8,2.0076,2.3902,2.1435,1.6732
221.9,1.9487,2.375,2.146,1.6424
222,1.8666,2.3506,2.1209,1.6165
222.1,1.8566,2.3275,2.0874,1.6105
222.2,1.8886,2.3052,2.049,1.6162
222.3,1.9085,2.3196,2.0277,1.5753
222.4,1.9212,2.3556,2.0164,1.5073
222.5,1.9491,2.3716,2.0351,1.5079
222.6,1.986,2.376,2.0714,1.5486
222.7,2.0005,2.3656,2.0545,1.5435
222.8,2.002,2.3466,2.0063,1.5115
222.9,1.9857,2.3493,2.0064,1.5057
223,1.9591,2.3646,2.0348,1.5151
223.1,1.9184,2.3892,2.0507,1.5253
223.2,1.8694,2.4191,2.0593,1.536
223.3,1.8241,2.4065,2.0622,1.527
223.4,1.7809,2.3689,2.0617,1.5065
223.5,1.7639,2.3418,2.0173,1.49
223.6,1.7623,2.3207,1.9473,1.4757
223.7,1.7582,2.2955,1.9107,1.4671
223.8,1.7525,2.2678,1.8938,1.4618
223.9,1.7355,2.2498,1.8855,1.4268
224,1.7119,2.2374,1.8821,1.3743
224.1,1.6537,2.2014,1.8922,1.3815
224.2,1.5752,2.1517,1.9101,1.4235
224.3,1.4997,2.1006,1.9248,1.4487
224.4,1.4259,2.0488,1.9375,1.464
224.5,1.338,2.0102,2.0047,1.4701
224.6,1.2418,1.9792,2.1037,1.4709
224.7,1.1674,1.9478,2.1777,1.4736
224.8,1.1058,1.9162,2.2371,1.4775
224.9,1.0419,1.8683,2.2541,1.472
225,0.9765,1.811,2.2463,1.461
225.1,0.95734,1.7778,2.2491,1.4809
225.2,0.96521,1.7586,2.2581,1.5188
225.3,0.9884,1.7575,2.2351,1.5133
225.4,1.0206,1.7669,2.1933,1.4822
225.5,1.0246,1.7391,2.1449,1.5234
225.6,1.0122,1.6895,2.0926,1.6067
225.7,1.0178,1.6803,2.0287,1.5994
225.8,1.0338,1.6948,1.9579,1.5393
225.9,1.066,1.7004,1.9223,1.5414
226,1.1077,1.7007,1.9074,1.5799
226.1,1.1358,1.7164,1.9064,1.5947
226.2,1.1559,1.7411,1.9135,1.5957
226.3,1.1534,1.7428,1.9214,1.6468
226.4,1.1377,1.7311,1.9298,1.7272
226.5,1.0989,1.7249,1.9548,1.7433
226.6,1.0467,1.7221,1.9896,1.7219
226.7,1.0193,1.707,2.0208,1.7338
226.8,1.0064,1.6847,2.0498,1.7652
226.9,0.97163,1.6658,2.1771,1.7955
227,0.92401,1.649,2.3621,1.8252
227.1,0.95368,1.638,2.4188,1.8725
227.2,1.0285,1.6303,2.4005,1.9302
227.3,1.0902,1.6329,2.3765,1.9362
227.4,1.1441,1.6416,2.3492,1.912
227.5,1.1827,1.6499,2.3057,1.8861
227.6,1.2124,1.658,2.2527,1.8591
227.7,1.2454,1.6363,2.1955,1.827
227.8,1.2805,1.5971,2.1357,1.7918
227.9,1.3061,1.6005,2.1111,1.791
228,1.3262,1.6287,2.107,1.8102
228.1,1.3439,1.6542,2.0583,1.816
228.2,1.3602,1.678,1.9837,1.8139
228.3,1.4079,1.6792,1.9146,1.8375
228.4,1.4738,1.6671,1.8488,1.8761
228.5,1.4578,1.6582,1.8272,1.8816
228.6,1.394,1.6511,1.8315,1.868
228.7,1.3673,1.6302,1.8283,1.8612
228.8,1.3622,1.601,1.8207,1.8584
228.9,1.3974,1.6168,1.8174,1.8289
229,1.4562,1.6588,1.8165,1.7838
229.1,1.4902,1.731,1.8168,1.7646
229.2,1.5096,1.8209,1.8178,1.7606
229.3,1.5447,1.8433,1.8032,1.7539
229.4,1.5889,1.8264,1.7795,1.7455
229.5,1.6263,1.8214,1.7769,1.7135
229.6,1.6576,1.827,1.7928,1.6604
229.7,1.6837,1.8398,1.8015,1.6458
229.8,1.7053,1.8591,1.8037,1.6651
229.9,1.7392,1.896,1.8231,1.6421
230,1.7842,1.9484,1.8578,1.5818
230.1,1.8158,2.0012,1.8569,1.5632
230.2,1.8356,2.0544,1.8248,1.5817
230.3,1.8721,2.0857,1.8198,1.594
230.4,1.9233,2.0977,1.839,1.601
230.5,1.9689,2.1223,1.8605,1.5927
230.6,2.0095,2.158,1.8841,1.5709
230.7,2.0395,2.1751,1.9025,1.5513
230.8,2.0601,2.1756,1.9164,1.5336
230.9,2.0641,2.188,1.9527,1.5337
231,2.0535,2.211,2.0089,1.5494
231.1,2.0377,2.2203,2.0581,1.5862
231.2,2.0174,2.2177,2.1012,1.6415
231.3,2.0038,2.2335,2.0997,1.6709
231.4,1.9963,2.2656,2.0586,1.6775
231.5,1.9774,2.2818,2.0252,1.6794
231.6,1.9482,2.2839,1.9984,1.6773
231.7,1.9162,2.3043,1.992,1.6686
231.8,1.8818,2.3409,2.0037,1.6539
231.9,1.8366,2.338,2.028,1.6413
232,1.782,2.3001,2.0633,1.6305
232.1,1.767,2.2842,2.1029,1.6498
232.2,1.7871,2.2877,2.1462,1.6956
232.3,1.8216,2.2895,2.1607,1.693
232.4,1.869,2.2899,2.1497,1.6475
232.5,1.8599,2.2929,2.1477,1.6576
232.6,1.801,2.2983,2.1536,1.7168
232.7,1.7636,2.2998,2.1398,1.7352
232.8,1.745,2.2981,2.1084,1.7177
232.9,1.7623,2.2934,2.0894,1.7259
233,1.8112,2.2862,2.0813,1.7569
233.1,1.8709,2.3026,2.0861,1.7667
233.2,1.9399,2.3399,2.1024,1.7577
233.3,1.9709,2.3795,2.1168,1.7468
233.4,1.9683,2.4211,2.1297,1.7344
233.5,1.9659,2.4044,2.1259,1.7265
233.6,1.9638,2.3363,2.1074,1.7228
233.7,1.9521,2.2996,2.0767,1.7202
233.8,1.932,2.2907,2.0351,1.7187
233.9,1.9532,2.2927,2.0071,1.7262
234,2.011,2.3042,1.9909,1.7416
234.1,2.0404,2.3275,1.9927,1.7369
234.2,2.0447,2.361,2.0102,1.7143
234.3,2.0547,2.3863,1.999,1.672
234.4,2.0695,2.4042,1.9623,1.6123
234.5,2.0411,2.3951,1.9896,1.6196
234.6,1.9746,2.3621,2.0734,1.686
234.7,1.9195,2.3537,2.1064,1.7055
234.8,1.8746,2.3669,2.0945,1.6836
234.9,1.8603,2.3679,2.0913,1.6782
235,1.873,2.3582,2.0958,1.6874
235.1,1.83,2.336,2.0921,1.6648
235.2,1.7381,2.3028,2.0811,1.6139
235.3,1.7416,2.2679,2.078,1.5968
235.4,1.8295,2.2316,2.0818,1.6096
235.5,1.8746,2.2526,2.0856,1.6041
235.6,1.8819,2.3244,2.0894,1.5824
235.7,1.8902,2.352,2.0977,1.5867
235.8,1.8994,2.3406,2.1101,1.614
235.9,1.9209,2.3294,2.087,1.5969
236,1.9533,2.3182,2.0327,1.5406
236.1,1.9471,2.2661,1.9984,1.5145
236.2,1.9069,2.1779,1.9817,1.5151
236.3,1.8512,2.1106,1.9462,1.5083
236.4,1.7817,2.0618,1.894,1.4948
236.5,1.7303,2.0239,1.8795,1.4855
236.6,1.695,1.9956,1.8981,1.4798
236.7,1.6204,1.9812,1.8848,1.4815
236.8,1.5111,1.9792,1.8433,1.4895
236.9,1.4289,1.9576,1.8066,1.488
237,1.3705,1.9188,1.774,1.478
237.1,1.3074,1.8903,1.7699,1.4664
237.2,1.24,1.8709,1.7909,1.4534
237.3,1.1909,1.8638,1.8187,1.4356
237.4,1.1579,1.8675,1.8523,1.4135
237.5,1.111,1.8527,1.8924,1.4102
237.6,1.052,1.8216,1.9381,1.4235
237.7,1.038,1.8206,1.949,1.4295
237.8,1.0638,1.8463,1.9291,1.429
237.9,1.054,1.8436,1.943,1.435
238,1.0128,1.8161,1.9869,1.4468
238.1,0.98798,1.799,1.9707,1.4367
238.2,0.97775,1.7912,1.9014,1.4072
238.3,0.96661,1.7688,1.8477,1.3767
238.4,0.95468,1.7335,1.8078,1.3451
238.5,0.93224,1.707,1.8502,1.3476
238.6,0.90053,1.6881,1.9654,1.3802
238.7,0.88754,1.6656,2.0202,1.3901
238.8,0.89109,1.64,2.0215,1.3799
238.9,0.89733,1.6111,2.0294,1.3895
239,0.90715,1.578,2.0459,1.425
239.1,0.9152,1.551,2.0733,1.4371
239.2,0.92094,1.532,2.1152,1.4184
239.3,0.9552,1.5153,2.12,1.4149
239.4,1.0271,1.5017,2.0759,1.4314
239.5,1.0839,1.5118,2.0424,1.4403
239.6,1.1206,1.5531,2.0229,1.439
239.7,1.1486,1.5754,1.9874,1.4434
239.8,1.165,1.5723,1.9308,1.4553
239.9,1.1671,1.6002,1.8907,1.4856
240,1.1504,1.6688,1.8724,1.5401
240.1,1.157,1.7024,1.8581,1.5565
240.2,1.1944,1.6897,1.8492,1.5226
240.3,1.2338,1.6789,1.8621,1.5189
240.4,1.2757,1.6703,1.9036,1.5552
240.5,1.3234,1.6731,1.9159,1.5881
240.6,1.3787,1.6911,1.8896,1.6167
240.7,1.4284,1.7123,1.8511,1.6301
240.8,1.4706,1.7378,1.7965,1.6235
240.9,1.5158,1.7536,1.7771,1.6143
241,1.5649,1.7564,1.8042,1.6017
241.1,1.6129,1.7925,1.8288,1.5794
241.2,1.6594,1.8727,1.8501,1.5443
241.3,1.7246,1.9356,1.874,1.5194
241.4,1.8144,1.9757,1.9015,1.508
241.5,1.8711,2.0095,1.9352,1.5008
241.6,1.8839,2.0349,1.9768,1.4992
241.7,1.8826,2.0712,2.0008,1.4941
241.8,1.8627,2.1221,2.0017,1.4844
241.9,1.8852,2.1578,1.9895,1.4865
242,1.9635,2.1733,1.9603,1.5044
242.1,2.04,2.196,1.9403,1.5417
242.2,2.1141,2.2282,1.9326,1.6046
242.3,2.1366,2.2692,1.9142,1.6369
242.4,2.091,2.322,1.8817,1.6286
242.5,2.0502,2.3327,1.8583,1.6149
242.6,2.0157,2.288,1.8471,1.594
242.7,1.9664,2.2446,1.856,1.5857
242.8,1.8974,2.203,1.8915,1.5941
242.9,1.8488,2.1715,1.9731,1.5961
243,1.827,2.1534,2.1157,1.5898
243.1,1.7812,2.1344,2.2018,1.583
243.2,1.7037,2.1141,2.2135,1.5757
243.3,1.6091,2.0719,2.2214,1.5519
243.4,1.492,2.0009,2.2243,1.5066
243.5,1.4068,1.9691,2.24,1.4882
243.6,1.3639,1.989,2.2727,1.5052
243.7,1.3401,2.034,2.2634,1.5307
243.8,1.3416,2.112,2.1988,1.5674
243.9,1.3316,2.146,2.1594,1.5896
244,1.3065,2.1216,2.1533,1.5928
244.1,1.3067,2.1277,2.1285,1.5985
244.2,1.3404,2.1738,2.0791,1.6075
244.3,1.3599,2.1939,2.0555,1.6059
244.4,1.3604,2.1799,2.0661,1.5904
244.5,1.3823,2.1836,2.057,1.6014
244.6,1.4323,2.2107,2.022,1.6476
244.7,1.4691,2.2348,2.0023,1.6637
244.8,1.4885,2.2549,2.0028,1.6402
244.9,1.505,2.2519,2.0347,1.6374
245,1.5176,2.2181,2.108,1.6621
245.1,1.5248,2.198,2.1406,1.6686
245.2,1.5251,2.1958,2.1193,1.6513
245.3,1.5261,2.1853,2.1151,1.6607
245.4,1.528,2.1637,2.1336,1.7053
245.5,1.5259,2.1519,2.1791,1.7097
245.6,1.5187,2.1529,2.2604,1.661
245.7,1.55,2.171,2.2887,1.6298
245.8,1.6323,2.2115,2.2474,1.6217
245.9,1.6862,2.2308,2.2183,1.6231
246,1.7025,2.2222,2.2053,1.637
246.1,1.7249,2.217,2.1898,1.6571
246.2,1.7554,2.2162,2.1708,1.6855
246.3,1.7774,2.2077,2.1508,1.715
246.4,1.7882,2.1891,2.1293,1.746
246.5,1.7717,2.1623,2.1,1.7784
246.6,1.7191,2.1247,2.0603,1.8125
246.7,1.6589,2.0907,2.0558,1.8092
246.8,1.5886,2.0617,2.0979,1.7565
246.9,1.5099,2.043,2.1434,1.7456
247,1.4203,2.038,2.1934,1.7898
247.1,1.3457,2.0179,2.2073,1.8002
247.2,1.2908,1.9781,2.1733,1.766
247.3,1.2328,1.9385,2.1419,1.7696
247.4,1.1707,1.8991,2.114,1.8233
247.5,1.1473,1.8585,2.0776,1.8652
247.6,1.1747,1.8161,2.0299,1.8916
247.7,1.1983,1.7889,1.9985,1.8816
247.8,1.2169,1.7815,1.9885,1.8236
247.9,1.2512,1.7844,1.9473,1.7802
248,1.3063,1.801,1.8649,1.7562
248.1,1.3723,1.8385,1.8336,1.7156
248.2,1.4527,1.9036,1.8697,1.6531
248.3,1.5361,1.9662,1.893,1.6406
248.4,1.6236,2.0256,1.8994,1.6942
248.5,1.6931,2.0743,1.9037,1.7307
248.6,1.7264,2.1015,1.9039,1.7323
248.7,1.7608,2.131,1.8982,1.7266
248.8,1.7975,2.1652,1.8807,1.7059
248.9,1.8378,2.1952,1.8587,1.7046
249,1.8853,2.2169,1.8276,1.7422
249.1,1.9257,2.2451,1.8279,1.7721
249.2,1.9514,2.2867,1.8916,1.7861
249.3,1.9971,2.3138,1.9461,1.7988
249.4,2.0834,2.3117,1.9821,1.8089
249.5,2.135,2.3216,2.0175,1.8376
249.6,2.1166,2.3557,2.0517,1.9036
249.7,2.0979,2.3705,2.0877,1.9356
249.8,2.0788,2.3462,2.1272,1.8988
249.9,2.0611,2.3254,2.1611,1.8706
250,2.0462,2.3118,2.1836,1.8599
250.1,2.0405,2.3018,2.1756,1.831
250.2,2.0534,2.2992,2.1061,1.7653
250.3,2.0848,2.3232,2.0662,1.7295
250.4,2.1534,2.401,2.0863,1.7541
250.5,2.2185,2.4566,2.0921,1.7726
250.6,2.2763,2.4678,2.0691,1.7787
250.7,2.3135,2.4765,2.0403,1.7832
250.8,2.3091,2.4801,1.9998,1.7844
250.9,2.2924,2.4878,2.0007,1.7759
251,2.251,2.5036,2.0853,1.7476
251.1,2.209,2.5031,2.1333,1.721
251.2,2.1658,2.4697,2.1074,1.6978
251.3,2.1364,2.4454,2.0812,1.6819
251.4,2.1348,2.4397,2.0544,1.6808
251.5,2.1156,2.4285,2.0469,1.6678
251.6,2.0608,2.4061,2.0787,1.6311
251.7,2.0357,2.4073,2.0981,1.6212
251.8,2.0704,2.4561,2.0925,1.6653
251.9,2.0949,2.4889,2.0843,1.6962
252,2.0989,2.489,2.071,1.7001
252.1,2.1069,2.4892,2.0641,1.6932
252.2,2.1229,2.4895,2.0706,1.6647
252.3,2.116,2.475,2.0818,1.6485
252.4,2.0626,2.4306,2.1025,1.6572
252.5,2.0233,2.3905,2.1124,1.6907
252.6,2.0121,2.3592,2.1003,1.7746
252.7,2.0095,2.3444,2.0894,1.823
252.8,2.0245,2.3629,2.0808,1.7996
252.9,2.0364,2.3693,2.0773,1.788
253,2.042,2.3513,2.084,1.8
253.1,2.0535,2.3438,2.0892,1.8158
253.2,2.077,2.3574,2.0916,1.8394
253.3,2.09,2.3768,2.0893,1.8431
253.4,2.0816,2.4081,2.0778,1.8069
253.5,2.0824,2.4194,2.073,1.8111
253.6,2.1017,2.3902,2.082,1.8972
253.7,2.1281,2.3859,2.0837,1.9589
253.8,2.1688,2.4323,2.0709,1.9713
253.9,2.1915,2.4519,2.0592,1.9557
254,2.1778,2.4176,2.0495,1.8834
254.1,2.1588,2.4008,2.0579,1.8292
254.2,2.1287,2.4193,2.1029,1.8118
254.3,2.0805,2.4237,2.1555,1.8128
254.4,1.9955,2.3997,2.2236,1.851
254.5,1.956,2.3843,2.2504,1.8783
254.6,2.0083,2.3866,2.1942,1.8837
254.7,2.0521,2.3804,2.1522,1.8904
254.8,2.0785,2.3571,2.1391,1.8997
254.9,2.0956,2.3477,2.1335,1.9082
255,2.0939,2.3665,2.1434,1.9152
255.1,2.0789,2.3734,2.1482,1.9345
255.2,2.0367,2.3561,2.143,1.9787
255.3,2.0194,2.3586,2.137,1.9959
255.4,2.0525,2.4013,2.1294,1.9584
255.5,2.0686,2.4272,2.1193,1.9416
255.6,2.0502,2.4195,2.1043,1.9665
255.7,2.03,2.4138,2.1022,1.976
255.8,2.0062,2.4124,2.1263,1.9543
255.9,1.9813,2.4101,2.1781,1.9361
256,1.9543,2.4061,2.2858,1.9249
256.1,1.9282,2.399,2.3525,1.9111
256.2,1.904,2.3853,2.3361,1.8921
256.3,1.8995,2.3693,2.3124,1.8778
256.4,1.9346,2.3484,2.2741,1.8729
256.5,1.9517,2.3358,2.2347,1.8551
256.6,1.9327,2.34,2.1931,1.8115
256.7,1.908,2.3447,2.1836,1.7843
256.8,1.8719,2.3503,2.2386,1.79
256.9,1.8538,2.3509,2.2724,1.7874
257,1.8722,2.3413,2.2636,1.768
257.1,1.874,2.3339,2.2609,1.7529
257.2,1.8419,2.3311,2.2706,1.7464
257.3,1.8034,2.3246,2.292,1.767
257.4,1.752,2.3104,2.3372,1.8422
257.5,1.7282,2.3077,2.3691,1.8768
257.6,1.7602,2.3281,2.3742,1.8291
257.7,1.7823,2.3403,2.3531,1.7828
257.8,1.7843,2.3357,2.2789,1.7394
257.9,1.7714,2.323,2.2153,1.6929
258,1.709,2.2833,2.1872,1.6358
258.1,1.6458,2.2612,2.1909,1.5962
258.2,1.58,2.2979,2.3007,1.6149
258.3,1.5274,2.3262,2.3868,1.6224
258.4,1.5186,2.3266,2.3939,1.593
258.5,1.528,2.3277,2.3888,1.5702
258.6,1.5982,2.3311,2.3428,1.5691
258.7,1.6572,2.3517,2.2918,1.5681
258.8,1.6791,2.4296,2.2242,1.5673
258.9,1.7037,2.4891,2.1721,1.5682
259,1.737,2.4869,2.172,1.5743
259.1,1.7726,2.4791,2.1759,1.5763
259.2,1.8158,2.4525,2.1934,1.5642
259.3,1.847,2.4315,2.1987,1.5596
259.4,1.8387,2.4293,2.163,1.5794
259.5,1.847,2.4374,2.1276,1.5918
259.6,1.9102,2.4796,2.0933,1.5794
259.7,1.9338,2.499,2.0605,1.5808
259.8,1.8257,2.442,2.0328,1.6278
259.9,1.7309,2.3802,2.0187,1.6684
260,1.6801,2.3017,2.0502,1.6875
260.1,1.6201,2.238,2.0731,1.706
260.2,1.5295,2.2236,2.0672,1.7227
260.3,1.4608,2.2016,2.0526,1.7366
260.4,1.4648,2.1545,2.009,1.7416
260.5,1.4513,2.1063,1.9813,1.7484
260.6,1.3799,2.0545,2.0069,1.7611
260.7,1.3368,2.0088,2.0216,1.7815
260.8,1.3882,1.9834,2.0005,1.8273
260.9,1.4298,1.971,1.9781,1.8597
261,1.4385,2.002,1.9511,1.8476
261.1,1.4338,2.0158,1.932,1.8464
261.2,1.3843,1.9727,1.9389,1.8818
261.3,1.3367,1.9381,1.957,1.9081
261.4,1.2955,1.9317,2.0123,1.9047
261.5,1.2721,1.9271,2.0444,1.9007
261.6,1.3082,1.9286,1.9988,1.8949
261.7,1.3481,1.9353,1.9566,1.8868
261.8,1.4007,1.9591,1.9257,1.8707
261.9,1.4409,1.9741,1.9032,1.8602
262,1.4391,1.96,1.9089,1.8685
262.1,1.4354,1.9402,1.9105,1.8793
262.2,1.4251,1.9018,1.8984,1.8983
262.3,1.4229,1.8675,1.8788,1.9115
262.4,1.4473,1.8471,1.8342,1.9059
262.5,1.4659,1.837,1.7988,1.909
262.6,1.4652,1.8615,1.7946,1.9416
262.7,1.4488,1.8784,1.822,1.9792
262.8,1.38,1.8697,1.9549,2.0336
262.9,1.311,1.853,2.0889,2.0798
263,1.2417,1.8093,2.2267,2.0988
263.1,1.1962,1.7747,2.3279,2.0988
263.2,1.2302,1.7705,2.3075,2.0355
263.3,1.2676,1.7743,2.2803,1.9797
263.4,1.3164,1.8045,2.2306,1.949
263.5,1.3552,1.8244,2.1891,1.9227
263.6,1.361,1.8095,2.1752,1.911
263.7,1.371,1.7824,2.1505,1.8923
263.8,1.3951,1.715,2.0902,1.85
263.9,1.419,1.667,2.0509,1.8204
264,1.442,1.6838,2.0814,1.833
264.1,1.4653,1.6801,2.08,1.8305
264.2,1.4898,1.6084,1.9723,1.7781
264.3,1.5193,1.5609,1.8823,1.7282
264.4,1.5654,1.5944,1.8514,1.6866
264.5,1.611,1.6306,1.8232,1.6578
264.6,1.6547,1.6755,1.8043,1.6718
264.7,1.6841,1.7081,1.8003,1.6845
264.8,1.666,1.6993,1.8456,1.6931
264.9,1.6364,1.6871,1.8727,1.6987
265,1.5685,1.6634,1.839,1.6948
265.1,1.5312,1.6499,1.8038,1.6813
265.2,1.5952,1.6701,1.7636,1.6362
265.3,1.66,1.7054,1.7386,1.5941
265.4,1.7274,1.7909,1.7645,1.5619
265.5,1.7968,1.8705,1.7947,1.5488
265.6,1.873,1.9302,1.8392,1.5992
265.7,1.9354,1.9814,1.8813,1.6426
265.8,1.9521,2.0047,1.9156,1.6628
265.9,1.9814,2.0289,1.9469,1.6794
266,2.0525,2.0565,1.9686,1.6843
266.1,2.1039,2.0966,1.9765,1.6917
266.2,2.09,2.1786,1.9388,1.7075
266.3,2.0749,2.2362,1.9204,1.7214
266.4,2.0564,2.2122,1.966,1.7291
266.5,2.0493,2.1939,2.0007,1.7278
266.6,2.08,2.1944,1.9988,1.6964
266.7,2.1018,2.1999,2.0002,1.6762
266.8,2.0941,2.222,2.0125,1.6934
266.9,2.0873,2.2394,2.0213,1.7122
267,2.0834,2.2412,2.0181,1.7368
267.1,2.0827,2.239,2.0158,1.7448
267.2,2.0926,2.223,2.0167,1.6978
267.3,2.1011,2.2128,2.017,1.6593
267.4,2.1007,2.2415,2.0134,1.6783
267.5,2.0964,2.2642,2.0198,1.6909
267.6,2.0666,2.2466,2.0938,1.6617
267.7,2.0355,2.2315,2.166,1.6342
267.8,1.9963,2.2332,2.2269,1.6173
267.9,1.9532,2.2335,2.2774,1.6057
268,1.8846,2.2246,2.2585,1.6289
268.1,1.8226,2.2179,2.2438,1.6487
268.2,1.8048,2.2261,2.2566,1.6454
268.3,1.792,2.2346,2.2624,1.6415
268.4,1.8121,2.2446,2.2218,1.6335
268.5,1.8297,2.2578,2.18,1.6235
268.6,1.8296,2.2914,2.1296,1.5999
268.7,1.8341,2.3166,2.0869,1.5817
268.8,1.8687,2.2856,2.0955,1.5997
268.9,1.9028,2.2591,2.097,1.6158
269,1.9335,2.2619,2.0514,1.6197
269.1,1.9575,2.269,2.0164,1.6212
269.2,1.937,2.3048,2.0505,1.6065
269.3,1.9064,2.3347,2.0803,1.5948
269.4,1.8089,2.325,2.0819,1.603
269.5,1.7305,2.3158,2.0818,1.6086
269.6,1.7779,2.3102,2.071,1.5969
269.7,1.8148,2.3052,2.0632,1.5838
269.8,1.7815,2.3049,2.0759,1.5617
269.9,1.7571,2.307,2.0855,1.5432
270,1.7915,2.3248,2.0748,1.5485
270.1,1.8272,2.343,2.0586,1.558
270.2,1.872,2.3634,2.0067,1.5954
270.3,1.9142,2.3816,1.9626,1.6248
270.4,1.9403,2.3853,1.9707,1.6009
270.5,1.9609,2.3863,1.9834,1.5811
270.6,1.9455,2.3701,2.027,1.589
270.7,1.9384,2.3528,2.0645,1.5964
270.8,1.9859,2.3279,2.0618,1.6014
270.9,2.0263,2.31,2.0549,1.6091
271,2.0195,2.3376,2.0188,1.6346
271.1,2.0139,2.3574,1.9907,1.6582
271.2,2.017,2.3258,2.0159,1.6682
271.3,2.0113,2.2974,2.0476,1.6754
271.4,1.9479,2.2906,2.1218,1.6634
271.5,1.8833,2.2761,2.1839,1.6561
271.6,1.8109,2.2109,2.165,1.6801
271.7,1.7495,2.1606,2.1436,1.7016
271.8,1.7609,2.2102,2.1063,1.7067
271.9,1.7677,2.2547,2.0801,1.7168
272,1.743,2.2665,2.1288,1.7599
272.1,1.7287,2.2805,2.1722,1.7999
272.2,1.7833,2.3099,2.1804,1.8193
272.3,1.8395,2.3343,2.1816,1.8267
272.4,1.9065,2.3259,2.1355,1.7556
272.5,1.9667,2.3186,2.0931,1.6999
272.6,1.9822,2.3187,2.0753,1.747
272.7,2.0057,2.3172,2.0568,1.786
272.8,2.0826,2.3054,2.034,1.7709
272.9,2.1439,2.2994,2.0164,1.7568
273,2.1018,2.3313,2.0337,1.7496
273.1,2.0717,2.362,2.0465,1.7477
273.2,2.1212,2.3843,2.0301,1.7806
273.3,2.1509,2.3989,2.0179,1.8166
273.4,2.0492,2.3622,2.0338,1.8731
273.5,1.959,2.3289,2.0529,1.9129
273.6,1.9445,2.3194,2.0931,1.8419
273.7,1.9204,2.3088,2.136,1.7846
273.8,1.8325,2.2906,2.1972,1.8186
273.9,1.7586,2.2755,2.2509,1.8522
274,1.7774,2.2814,2.2537,1.8838
274.1,1.8004,2.2861,2.2666,1.9089
274.2,1.8513,2.283,2.3459,1.8906
274.3,1.8996,2.2857,2.403,1.8721
274.4,1.93,2.3278,2.3125,1.8531
274.5,1.9552,2.3656,2.2327,1.8355
274.6,1.9452,2.3758,2.2238,1.8277
274.7,1.9335,2.3824,2.2192,1.8254
274.8,1.9097,2.3655,2.2432,1.859
274.9,1.8981,2.352,2.2679,1.886
275,1.9674,2.3615,2.2971,1.869
275.1,2.0251,2.3732,2.3175,1.8547
275.2,2.0058,2.3991,2.2791,1.8581
275.3,1.9854,2.4194,2.2378,1.8528
275.4,1.9571,2.4017,2.178,1.7894
275.5,1.9377,2.3882,2.1229,1.7355
275.6,1.977,2.4025,2.099,1.7445
275.7,2.0109,2.4145,2.0721,1.7541
275.8,2.0095,2.4121,2.0249,1.7672
275.9,2.0118,2.4056,1.9794,1.7801
276,2.0383,2.3721,1.945,1.7918
276.1,2.0568,2.338,1.919,1.8047
276.2,2.0221,2.2999,1.9494,1.8258
276.3,1.9949,2.2716,1.9848,1.8483
276.4,2.0169,2.3082,2.0532,1.8805
276.5,2.0279,2.3393,2.1132,1.9112
276.6,1.9651,2.3337,2.1172,1.9318
276.7,1.9018,2.3255,2.1274,1.9479
276.8,1.8354,2.2994,2.1787,1.9331
276.9,1.7696,2.2748,2.2287,1.9177
277,1.7279,2.2924,2.2373,1.8845
277.1,1.6866,2.309,2.2487,1.8526
277.2,1.6578,2.2941,2.3464,1.8574
277.3,1.632,2.2787,2.4403,1.8623
277.4,1.6977,2.2525,2.4151,1.8687
277.5,1.7619,2.2269,2.3886,1.8754
277.6,1.7788,2.2216,2.3212,1.8899
277.7,1.7957,2.2164,2.2559,1.9035
277.8,1.8111,2.2098,2.2581,1.8886
277.9,1.8268,2.2054,2.2591,1.8736
278,1.853,2.2648,2.22,1.8578
278.1,1.8801,2.3226,2.1826,1.8425
278.2,1.9346,2.3288,2.1978,1.8461
278.3,1.9864,2.3337,2.2119,1.8485
278.4,1.9519,2.2975,2.1928,1.8127
278.5,1.9194,2.263,2.174,1.7775
278.6,1.9477,2.2805,2.1637,1.7632
278.7,1.9753,2.2972,2.1539,1.7489
278.8,1.9818,2.2911,2.161,1.7384
278.9,1.9887,2.284,2.1679,1.7288
279,2.0069,2.2471,2.1686,1.7487
279.1,2.0239,2.2124,2.1683,1.7668
279.2,2.0035,2.2486,2.1408,1.7248
279.3,1.9853,2.2849,2.1139,1.6852
279.4,2.0389,2.3239,2.1096,1.717
279.5,2.0894,2.3603,2.1069,1.7471
279.6,2.0392,2.3164,2.1519,1.7248
279.7,1.9891,2.274,2.1952,1.7038
279.8,1.9434,2.2805,2.1846,1.7218
279.9,1.8963,2.2871,2.1768,1.7418
280,1.8051,2.291,2.2566,1.8246
280.1,1.715,2.2947,2.3371,1.9046
280.2,1.6577,2.2942,2.4409,1.8969
280.3,1.601,2.2932,2.5411,1.8888
280.4,1.5608,2.2775,2.5314,1.8685
280.5,1.523,2.2634,2.5206,1.8484
280.6,1.5609,2.303,2.476,1.8328
280.7,1.5992,2.3413,2.4315,1.817
280.8,1.649,2.3431,2.387,1.7943
280.9,1.6967,2.3453,2.3445,1.7734
281,1.6781,2.3609,2.3626,1.8077
281.1,1.6599,2.3759,2.3788,1.8409
281.2,1.6553,2.3706,2.3362,1.8369
281.3,1.652,2.3653,2.2931,1.8314
281.4,1.6901,2.359,2.2339,1.7792
281.5,1.7285,2.3529,2.1768,1.7286
281.6,1.7753,2.3536,2.1849,1.7294
281.7,1.8198,2.355,2.1939,1.7305
281.8,1.7944,2.3811,2.2292,1.7419
281.9,1.7691,2.4061,2.2623,1.7517
282,1.745,2.3947,2.224,1.7163
282.1,1.7219,2.3832,2.1851,1.6802
282.2,1.7292,2.3696,2.1291,1.6227
282.3,1.7382,2.3565,2.0736,1.5684
282.4,1.8013,2.3573,2.0341,1.6129
282.5,1.8613,2.3587,1.9992,1.6553
282.6,1.8221,2.3768,2.1132,1.6296
282.7,1.7831,2.3932,2.2214,1.6044
282.8,1.7467,2.3558,2.1465,1.5977
282.9,1.7103,2.3177,2.0736,1.5928
283,1.6719,2.256,2.0611,1.6454
283.1,1.6351,2.1959,2.0491,1.6969
283.2,1.6491,2.1831,2.0482,1.7109
283.3,1.658,2.1696,2.0466,1.7255
283.4,1.5115,2.1328,2.0232,1.7592
283.5,1.3681,2.0959,1.9998,1.7921
283.6,1.3249,2.0531,1.9749,1.8003
283.7,1.2849,2.0106,1.9492,1.8079
283.8,1.3421,1.9762,1.8955,1.7942
283.9,1.3984,1.9398,1.8435,1.7813
284,1.4217,1.8441,1.8415,1.7924
284.1,1.4427,1.754,1.8405,1.8038
284.2,1.3927,1.8361,1.8686,1.8276
284.3,1.3426,1.9154,1.8968,1.8523
284.4,1.291,1.9037,1.9278,1.9046
284.5,1.2392,1.8911,1.9588,1.9546
284.6,1.178,1.8503,1.99,1.9325
284.7,1.119,1.8095,2.0207,1.9113
284.8,1.1316,1.769,2.039,1.9189
284.9,1.1448,1.7297,2.0564,1.9245
285,1.1754,1.7258,2.0507,1.8664
285.1,1.2065,1.7223,2.0443,1.8123
285.2,1.253,1.7329,2.0169,1.8828
285.3,1.3001,1.7431,1.9884,1.9501
285.4,1.3665,1.742,1.9247,1.9197
285.5,1.4299,1.7406,1.8628,1.8891
285.6,1.4002,1.7309,1.8613,1.8474
285.7,1.3717,1.7216,1.8596,1.8088
285.8,1.3793,1.7266,1.8475,1.8663
285.9,1.3866,1.732,1.8339,1.9196
286,1.3861,1.7493,1.7722,1.8432
286.1,1.3855,1.7651,1.7144,1.77
286.2,1.378,1.734,1.7765,1.7937
286.3,1.3705,1.7029,1.8385,1.8173
286.4,1.3391,1.6809,1.9254,1.8432
286.5,1.3059,1.6596,2.0142,1.8693
286.6,1.2908,1.6764,1.9764,1.9215
286.7,1.277,1.6962,1.9292,1.9757
286.8,1.2904,1.6987,1.9369,1.9848
286.9,1.3059,1.7001,1.9488,1.9905
287,1.3273,1.7023,1.9417,1.9188
287.1,1.3491,1.7047,1.9333,1.8415
287.2,1.3591,1.6831,1.9548,1.8667
287.3,1.3682,1.6596,1.9785,1.8995
287.4,1.395,1.66,1.9106,1.8224
287.5,1.4231,1.6621,1.836,1.7372
287.6,1.4195,1.6238,1.8309,1.7339
287.7,1.4136,1.5825,1.8311,1.7367
287.8,1.4224,1.601,1.8036,1.7217
287.9,1.4324,1.6239,1.774,1.7053
288,1.5088,1.656,1.7693,1.6935
288.1,1.5901,1.6887,1.7664,1.6819
288.2,1.6301,1.6732,1.7576,1.6611
288.3,1.667,1.6541,1.7485,1.6395
288.4,1.715,1.6724,1.7227,1.6414
288.5,1.7638,1.6936,1.6957,1.6449
288.6,1.7565,1.6885,1.6803,1.6373
288.7,1.745,1.6814,1.6658,1.6288
288.8,1.7664,1.7149,1.6988,1.5529
288.9,1.7902,1.7513,1.7354,1.4721
289,1.7924,1.8357,1.8385,1.5112
289.1,1.793,1.9237,1.9465,1.5591
289.2,1.8844,1.9789,1.9644,1.6101
289.3,1.9826,2.0318,1.9755,1.6613
289.4,2.0332,2.0949,1.9978,1.6956
289.5,2.0803,2.1587,2.0208,1.7286
289.6,2.0689,2.2021,2.0518,1.7341
289.7,2.0531,2.244,2.0833,1.7375
289.8,2.0727,2.2188,2.0874,1.7341
289.9,2.0949,2.1886,2.0896,1.7302
290,2.0871,2.2007,2.0931,1.7207
290.1,2.0771,2.216,2.0967,1.7108
290.2,2.0259,2.2289,2.1277,1.6694
290.3,1.9717,2.2417,2.1607,1.6257
290.4,1.9681,2.2634,2.1604,1.6085
290.5,1.9683,2.2857,2.1577,1.5934
290.6,1.9799,2.3491,2.1366,1.5669
290.7,1.9924,2.4155,2.1143,1.5397
290.8,1.948,2.36,2.107,1.58
290.9,1.8993,2.2954,2.1008,1.6253
291,1.9423,2.3158,2.0635,1.6042
291.1,1.9921,2.3425,2.0238,1.5781
291.2,1.9295,2.3415,1.9898,1.5534
291.3,1.8586,2.3386,1.9563,1.5287
291.4,1.8953,2.3143,1.9478,1.5335
291.5,1.9399,2.2885,1.9411,1.5405
291.6,1.9475,2.2653,1.914,1.5505
291.7,1.9524,2.2422,1.8853,1.5607
291.8,1.929,2.2537,1.8674,1.5583
291.9,1.9035,2.2678,1.8503,1.5549
292,1.8553,2.2379,1.8858,1.5474
292.1,1.8053,2.2048,1.9252,1.5395
292.2,1.6538,2.1672,1.9529,1.564
292.3,1.4947,2.1293,1.9796,1.591
292.4,1.4809,2.1314,2.0102,1.5581
292.5,1.4778,2.1365,2.0411,1.5207
292.6,1.523,2.1322,1.9922,1.4992
292.7,1.5718,2.1271,1.9373,1.4789
292.8,1.6334,2.1535,1.9403,1.5229
292.9,1.696,2.1822,1.9476,1.5716
293,1.7112,2.2062,1.9465,1.5498
293.1,1.7229,2.2298,1.9447,1.5228
293.2,1.7573,2.2765,1.8892,1.5157
293.3,1.7934,2.3248,1.8297,1.5099
293.4,1.8087,2.3516,1.8255,1.5459
293.5,1.8225,2.3768,1.8252,1.5849
293.6,1.8244,2.3481,1.901,1.574
293.7,1.8254,2.3155,1.9823,1.5594
293.8,1.8296,2.3573,2.0057,1.5713
293.9,1.834,2.4046,2.0247,1.5851
294,1.8362,2.3591,2.0809,1.6034
294.1,1.8382,2.3067,2.1399,1.6221
294.2,1.7963,2.2872,2.0879,1.5915
294.3,1.7512,2.2702,2.0278,1.5572
294.4,1.7563,2.2548,1.9903,1.5594
294.5,1.7651,2.2395,1.9544,1.5643
294.6,1.8181,2.2611,1.9474,1.5929
294.7,1.8744,2.2855,1.9425,1.6232
294.8,1.9152,2.2828,1.9698,1.6431
294.9,1.9548,2.2781,1.9994,1.6622
295,1.9692,2.2884,2.0794,1.6475
295.1,1.9818,2.2999,2.1632,1.6304
295.2,1.9562,2.3046,2.2031,1.6762
295.3,1.9279,2.3088,2.2397,1.7266
295.4,1.9376,2.2688,2.1818,1.7184
295.5,1.9501,2.2255,2.117,1.7058
295.6,1.9367,2.2089,2.0805,1.6969
295.7,1.9213,2.1944,2.046,1.6883
295.8,1.9493,2.2159,2.0292,1.6391
295.9,1.9862,2.2447,2.0159,1.5816
296,1.9604,2.2271,1.9712,1.5865
296.1,1.9219,2.2002,1.9202,1.6041
296.2,1.9419,2.1673,1.9495,1.6273
296.3,1.9738,2.1333,1.9952,1.6516
296.4,1.9738,2.129,2.0524,1.7234
296.5,1.9672,2.1308,2.1119,1.8049
296.6,1.9276,2.1368,2.1721,1.7919
296.7,1.8814,2.1435,2.2324,1.7597
296.8,1.8888,2.147,2.1951,1.7526
296.9,1.9072,2.1499,2.138,1.7506
297,1.9696,2.1531,2.1165,1.8066
297.1,2.041,2.1564,2.1022,1.8742
