TRIAL,N,R2,-4.000000000000002,-3.900000000000002,-3.8000000000000025,-3.700000000000003,-3.600000000000003,-3.5000000000000036,-3.400000000000004,-3.3000000000000043,-3.2000000000000046,-3.100000000000005,-3.0000000000000053,-2.9000000000000057,-2.800000000000006,-2.7000000000000064,-2.6000000000000068,-2.500000000000007,-2.4000000000000075,-2.300000000000008,-2.200000000000008,-2.1000000000000085,-2.000000000000009,-1.9000000000000092,-1.8000000000000096,-1.70000000000001,-1.6000000000000103,-1.5000000000000107,-1.400000000000011,-1.3000000000000114,-1.2000000000000117,-1.100000000000012,-1.0000000000000124,-0.9000000000000128,-0.8000000000000131,-0.7000000000000135,-0.6000000000000139,-0.5000000000000142,-0.40000000000001457,-0.3000000000000149,-0.20000000000001528,-0.10000000000001563,-1.5987211554602254e-14,0.09999999999998366,0.1999999999999833,0.29999999999998295,0.3999999999999826,0.49999999999998224,0.5999999999999819,0.6999999999999815,0.7999999999999812,0.8999999999999808,0.9999999999999805,1.09999999999998,1.1999999999999797,1.2999999999999794,1.399999999999979,1.4999999999999787,1.5999999999999783,1.699999999999978,1.7999999999999776,1.8999999999999773,1.999999999999977,2.0999999999999766,2.199999999999976,2.299999999999976,2.3999999999999755,2.499999999999975,2.5999999999999748,2.6999999999999744,2.799999999999974,2.8999999999999737,2.9999999999999734,3.099999999999973,3.1999999999999726,3.2999999999999723,3.399999999999972,3.4999999999999716,3.5999999999999712,3.699999999999971,3.7999999999999705,3.89999999999997
20170111.Fly2.2,2912.0,0.021995881218353053,-0.0032695782399918298,-0.003212921688567626,0.003052940909160769,0.003548326869334784,0.005007789423010549,0.009428860062756627,0.01140682993238956,0.006329028642616487,0.017184443098593946,0.009935102198363282,0.02202012114016786,0.02404438645302498,0.020351735912501345,0.027865775137318992,0.02328935652749767,0.0343808440184296,0.027680566396380626,0.03841335790695666,0.022994049707022353,0.03484393821206293,0.024671920423641955,0.02809396108090408,0.021853873258175102,0.016098374717048038,0.03334422925703712,0.024648512133836894,0.018188035313904043,0.02020702362153915,0.012965285948965347,0.019080830303259685,-0.004872299085531056,0.011806578252448668,0.012108223437780372,0.00954785154345531,0.015461149282087368,0.01460698366242654,0.0092521670614465,0.004024570055536915,0.0042482648540285665,0.003042047748706182,-0.012095178012873027,-0.01908287396101147,-0.02632044049455813,-0.022765970733075812,-0.030290205792682316,-0.040068117026054416,-0.051203527241006484,-0.04967638904518691,-0.07406814593979706,-0.06638968334329935,-0.06966933910081145,-0.07869824528360239,-0.08124388023314867,-0.06969344330573339,-0.07135822655322985,-0.05644351454833613,-0.06155852626146595,-0.045295115633793216,-0.04539570155548585,-0.02753773534734812,-0.03393496487642363,-0.025542721103003728,-0.007870290935620892,-0.025338978230666463,-0.01156139191133581,-0.007604117530317168,-0.005570231984634756,-0.013130106045590806,0.002945972403702344,-0.01113197204348165,-0.0028033478909425752,0.0007080679999640477,-0.0002421694919049239,-0.006295940190630926,-0.004548878060197292,0.00571606630521386,0.009024710446929086,-0.002111841664558863,0.0018603122019200126,0.011321187503586294
20170111.Fly2.3,2912.0,0.2571469705269608,-0.0845302342439399,-0.09166273557330941,-0.09783092069902477,-0.10069413785609528,-0.10711872240083985,-0.10628679738629448,-0.11796775517835248,-0.11979242732806909,-0.12519573162998088,-0.12389361518305365,-0.13181577337362796,-0.13292647637213734,-0.14006725807240533,-0.1324150141256999,-0.13041998478081018,-0.13188131655352797,-0.11674544302882972,-0.10806200173234311,-0.11236305166067302,-0.10765844153322121,-0.0903943530953725,-0.0942892662119123,-0.07429535656791317,-0.0684861959610798,-0.06105861234159919,-0.05425555361191217,-0.03592708266711812,-0.04634374050142713,-0.03253980660106024,-0.02666953151202297,-0.03339517003298994,-0.025568835806224606,-0.027377542759004024,-0.006264812798835369,-0.013842642785301278,-0.002691402368029682,0.0005285131410565774,0.017815859955790277,0.025048561192982422,0.04248960507128251,0.021464516399682915,0.01486229835584309,-0.0022901643055702817,-0.005783536703659203,-0.023290298358455988,-0.026096927506145094,-0.03807237378111233,-0.04870257438914907,-0.04109945754992214,-0.05846531011617198,-0.0596738822476303,-0.06718112125375719,-0.06399449013185116,-0.056194964256327654,-0.05861232492086489,-0.059556750443564795,-0.05789278344470281,-0.044837300008751954,-0.03684793367130696,-0.03744463182558991,-0.028634704450224577,-0.029454800539518648,-0.023783207229118527,-0.026757132584535225,-0.02332757091364132,-0.017816953687724818,-0.032387043870458064,-0.022566567323821906,-0.023497095169258058,-0.031258882766964174,-0.025344127608910444,-0.02522056903819446,-0.028668755034337596,-0.015824251911356012,-0.02419712153400828,-0.025736146096870766,-0.019688652052620284,-0.022195126192233655,-0.014354483591020178,-0.01985458555892481
20170117.Fly1.1,2808.0,0.02118598792258808,0.019283131295430446,0.010260869049998565,0.019870679928255232,0.01619652860857816,0.019835335356153158,0.021893999720903338,0.033264895309172676,0.02394508155601666,0.01952193484659368,0.016496110622295286,0.016285821421563956,0.004364234348737495,0.00339693026851718,0.00681611457433475,0.004009967926464331,0.0008656841448425115,-0.014834973768078422,-0.011566445706077812,-0.012533650802363697,-0.016843654952375074,-0.013833021881864752,-0.01809783353388748,-0.017334948409734045,-0.015622271861779027,-0.014497627962490309,-0.012199860604775545,-0.006124748810731115,0.0024401029058953054,0.008153560049891978,0.023235717049971738,0.022073796464203356,0.03524377427411743,0.031984043464516956,0.04615112577934803,0.037180212790201284,0.04046129389064776,0.03498159550152456,0.04281401854795531,0.033536599457039906,0.031516529333100986,0.03653557256567157,0.037314598399173,0.04443000601368606,0.031650323787234605,0.033520512617489256,0.04633782467769114,0.02642674117758784,0.031849356291944714,0.041085074245308356,0.03843237097824233,0.04351081542537941,0.04489397310760544,0.036413012960501354,0.04758631528403322,0.038255596301014126,0.047753877476858934,0.050449602723141335,0.051658955729369294,0.04770929929982163,0.04821657635386985,0.04467722062554826,0.04087918025224814,0.039229912981037396,0.0494430840003019,0.032734297121847084,0.032216532701810484,0.03358058599543232,0.02214516497799105,0.03694047878069202,0.021533378306959627,0.014233160771992734,0.01385363644429653,0.022314385063604537,0.00500782694079542,0.011832458811211989,0.0034770587740339722,0.011129828642014367,-0.0004729995891418169,0.004381649481388987,0.001022009687702813
20170117.Fly1.2,2912.0,0.029588949297245093,-0.005040492207589776,-0.0035296432507504784,-0.012698336937740286,-0.008765409834402216,-0.01618476911238853,-0.012724123233735984,-0.014747860807364531,-0.007393798679022705,-0.02555365413738246,-0.016890506770721167,-0.018426429916256898,-0.017694093775972062,-0.029682869479897754,-0.03013607170586835,-0.030894351230579816,-0.03644929612345974,-0.035146528495427154,-0.031474064117707506,-0.03381665542835973,-0.04757261212466013,-0.0444265857492078,-0.04905548591814793,-0.037364989941302024,-0.046221272133683086,-0.041430007447328644,-0.047128677202167416,-0.03756340341510432,-0.042763227805807616,-0.040043070635268956,-0.039424819351098275,-0.025372893690219084,-0.029598193072211277,-0.01930745429529923,-0.024873495865583108,-0.01668942478401874,-0.01629415527038194,-0.013541384353672921,-0.014098257076492631,-0.02273066613955602,-0.02683185065490119,-0.03209154223266103,-0.009670725332541565,-0.0001111157505042119,-0.0013648901976266743,0.010062664260296478,0.012479784852548161,0.02284403758582369,0.024040950568381046,0.03345720294889627,0.037040832972272064,0.03365887786851533,0.04593596289342446,0.0486772288620629,0.047678074864763,0.046389353056936915,0.04873253990527308,0.03752557320435253,0.04171690373517831,0.03898204669253499,0.04014949513765861,0.037327612966338686,0.0386071250794326,0.037882413568511464,0.026131166351225317,0.026644173352995747,0.028316792190520426,0.03421050118593153,0.02913380158203592,0.035925856291270646,0.0363537758848351,0.03240793131204911,0.041102336531504906,0.03666526817796111,0.04504709388860217,0.03407300484710044,0.04271268339415431,0.030748910403797115,0.037623322383946604,0.02709951906227857,0.03206037842583278
20170118.Fly2.1,2912.0,0.017449687820658144,0.01830714134321973,0.01828573795691398,0.011612365148575745,0.012681308169946053,0.016193282071332527,0.014154668129530394,0.009459545106777604,0.013353763353326296,0.010834995850374769,0.008526913360924674,0.004154879774673131,0.0073255833404924425,0.005691349146564231,0.004435600276583155,0.0033473729558762093,0.0029997322990715533,0.0008360243611741235,-0.001248871545931173,-0.002551103151034126,0.0025863280426316245,-0.0006558791408867164,0.000752341769943109,-2.9750047912895268e-05,-0.0015733884425926832,0.0034390615239191635,-0.003019884605102088,0.0013077274155585154,0.0023639007313082357,0.006977915248272175,0.008620827400215945,0.004818021088622873,0.014290919422573434,0.013325578576611943,0.007486800855496815,0.012628283755216664,0.012359772734658178,0.01079493767098189,0.018544403666006737,0.01533857496962605,0.011028579391281833,0.018803248776943622,0.01020369460271426,0.016444557650366044,0.007533649615820939,0.00924499445240519,0.012379321775737605,0.013063639217170523,0.005861365603230923,0.00527324860810963,0.006475799300022504,0.010150247140001975,0.007431107614729206,0.005386016628859244,0.004482749041180845,0.006565608998196452,0.010152887474346804,0.009864361207127996,0.0007251175923632502,0.007720455313359562,-0.0032923828705795637,0.006061004885457622,0.0007384771903761228,0.0010494316520216988,0.00579420500844132,0.00756426128394991,-0.006611833441579409,0.008278811690834883,-0.0003830471081785053,0.009153228759402655,-0.0008532218535058462,0.006427067883442748,0.011895721567962607,0.0028669098694155777,0.007434780125519137,0.0004025894043607004,0.006546414106408508,0.0033363683219748285,0.011200137887335888,0.004269617122157787,0.005299949924486384
20170118.Fly2.2,2912.0,0.018680100886198092,-0.008959654985537052,-0.003706132605932942,-0.003584804098606134,-0.005217602801320674,-0.008020671201327052,-0.010104961898820127,-0.014449916503618286,-0.004801754083784422,-0.008217953347723869,-0.023128415699999343,-0.018654007218333653,-0.01831658317672364,-0.020542827997378724,-0.01630271004022368,-0.029163830223679577,-0.023178826717436457,-0.02678609532119691,-0.01778367271632642,-0.026307274568981978,-0.021960537498893713,-0.01577257206682164,-0.020290264283812354,-0.01550261510396701,-0.014912750011370757,-0.012902190484039934,-0.010399920968476644,-0.013595954779004977,-0.00941130716972729,-0.009257733731639569,0.001459009725457306,-0.00017150446155112659,-0.002169938288955767,-0.0013453557673063247,-0.004095615943259391,-0.006565253029040684,-0.0009820230957298722,0.004388568857097886,0.002723833913201359,-0.0031756897980774437,0.006295807871562575,-0.006615151604377646,0.0009138757081714475,0.012780019131699353,-0.002753059856044495,0.013438634486863369,0.0017696733580261188,0.002319087610933688,0.004689271472763797,0.0021098117833504735,0.009855990310500771,0.002999705928030619,0.008487006086516117,0.009280446717382575,0.008325226194278368,0.01328082870536941,0.008430409596951354,0.012015867688727932,0.008219920926335325,0.009169938175398335,0.0071210425964845945,0.010551933837546799,0.012170000131678982,0.01263218061050125,0.005854280939719915,0.013116226882623873,0.010753637132627447,0.01568816695393441,0.0023867189692953353,0.012335004233173194,0.0023447406535636057,0.013442701772764094,0.00833574589684101,0.0036560464214011367,0.006070940174244179,0.011890307307671358,-0.0005353693586844173,0.0057874901750634205,0.0014009346333097852,0.005549435521585879,0.007132666561375172
20170118.Fly2.8,2912.0,0.05546324242430111,0.023019729048289035,0.022698696972965324,0.020834696901947707,0.021186481113700993,0.031561086548918114,0.018110224816646026,0.013551625538223616,0.009484565396568535,0.0038446992003342206,0.006034252271716332,0.006674569894622432,-0.009028876639042348,-0.0013903330328524678,-0.005989100507696347,-0.020098230722703666,-0.01658056427800866,-0.01626012373818755,-0.01938858095180228,-0.029887237816973593,-0.029018785622930556,-0.012555567966606791,-0.02267383979708295,-0.024515069137122612,-0.020362027922246513,-0.019551835268969458,-0.0056605134933394585,-0.00622240230318492,-0.016943465076612832,-0.006301420933365216,0.0008354288900071889,0.000530589259955732,0.007613087692319233,0.0065218627797046375,0.0008500031263792176,-0.001777212468107789,-0.010347182273359958,-0.00399549495615794,0.0021518675818643068,-0.0009209865260004033,-0.009286795325548288,0.004090203364112598,0.011739314041912663,0.0080361969784823,0.008738248849994294,0.011067412393888804,-0.0040795372384356526,0.0037722427195365626,0.006150323666793688,0.001572084985899433,0.00914980945843608,0.003655105215944241,0.006099662196415431,0.002917429095788045,0.004459757047298497,0.012639762355995716,0.018377996787642837,0.016481459791915183,0.019160891423244914,0.019796790631187427,0.014987615122513315,0.01446241628457134,0.029541441534128954,0.02158724089456074,0.028957322270699398,0.02929513541955653,0.034410494619017164,0.03687839983239044,0.03679062932661064,0.04342008304954638,0.034550876389005634,0.04245998923408123,0.052929388174368,0.03923255042963805,0.04679605626792895,0.05557283110667131,0.04677652337915746,0.042446888514931086,0.04991860803982519,0.04717181929273673,0.040589590132193334
20170131.Fly1.1,2912.0,0.0053873268009791975,-0.007416899815851986,-0.0014430220107724328,-0.0073489025558454825,-0.006359366766429894,-0.0033052135681720727,-0.008189229578532362,-0.005037693891767781,-0.004297848111541567,-0.0049773441556150416,-0.005545760302659085,0.0005554255420612568,-0.00391187664263028,-0.0019234018702502587,-0.003167302445419683,0.0013401813699180502,-0.0011691497364641483,-0.0028416395758674314,0.0017890174601454634,0.0047705255109233655,0.0036912550819562825,0.0015881214764366177,0.005904104319990398,0.001453949399551231,0.0025845036361313413,0.002264623828675594,-0.0045107009306386905,-0.001468455676062608,-0.0004187784865701366,0.00077504053515707,-0.007102726197351588,0.0023902442146996406,-0.00012415216457794707,-0.00046150407872023525,-0.007165484819790447,-0.0008043571597734278,-0.0064417856514975965,0.002682112009143557,0.005174532918117968,0.0061291639307110195,0.001402184658450419,0.0033416332326986105,0.0005441129203794452,0.007857325726561792,0.011796271279708557,0.007918104309200428,0.007250728188023397,0.010925003744114817,0.010468685654755241,0.005754370363447713,0.013565448926766335,0.011780945449908037,0.007846993321179854,0.008372577244271996,0.01284720935558332,0.01425385843167464,0.013203732888151359,0.00646902553901612,0.012938139665176417,0.008521507517728157,0.006274317777835632,0.008989258730695353,0.011395773788878035,0.009993652854165366,0.01105622747243429,0.009536225058373373,0.006883679215480026,0.007175262487149887,0.007441822224793483,0.009519257526977661,0.011188499707606093,0.007817186118050452,0.008700066836049222,0.005017081074227504,0.005719336274015148,0.0019225096131684238,0.0014457986669427594,0.0067048326849558,0.004943971558379198,-0.0012091694285803578,0.00045631063066882047
20170131.Fly1.2,2912.0,0.032420461595120686,-0.025482289209584022,-0.01999395905846945,-0.0215676579988779,-0.02491393045221231,-0.01747126310077525,-0.019061807984908377,-0.01758639594402097,-0.006187657720657526,0.0006753420700729776,0.0006722247444540461,-0.0015543224232982648,0.00780513799103496,0.012612928705477222,0.0046360952224404825,0.012701190883757197,0.013618610193475017,0.020170872541313962,0.006330650217202279,0.013128815671245563,0.011124368866816949,0.009050848807434436,0.0031963871097977995,0.00574879504368069,0.0015400250527971698,0.009639001305959276,0.0016218372097169744,0.0030191193974772644,-0.0010231271556197241,0.004183909804548271,-0.001520995730703089,0.0029935256417388187,0.0018492306773919736,-0.007345008369674773,0.001965260872879672,-0.005254156239430938,0.0029025610875418302,0.002414449073655439,-0.0038764006682699046,-0.0036327496643990234,-0.01014585178001601,-0.006179390325293915,-0.010287559351977402,-0.013614137798740121,-0.00850699507308876,-0.0046131988466106225,-0.010302248893579448,-0.012812233704026461,-0.016610517563283474,-0.019123085228644303,-0.014888390117497943,-0.013731273050879334,-0.010631294988166378,-0.01824743666355052,-0.007177895585993597,-0.02190604211569586,-0.02161449854930802,-0.016156194534118533,-0.02026944865293071,-0.02429186838282386,-0.00856260357724881,-0.0166531896715059,-0.014123578873192303,-0.01065976345973944,-0.023537879668330312,-0.01195447554948079,-0.010877690408283625,-0.010902669173445996,-0.009136307716674216,-0.004711705336327908,-0.015970463781220377,-0.009734255070424792,-0.01478209639541976,-0.008547817942563504,-0.015341815667102849,-0.016191496815747046,-0.013821772006526819,-0.01594525166914261,-0.013251445298671422,-0.010916336500443895,-0.012940786491238226
20170131.Fly2.1,2912.0,0.05527369548472194,-0.011638571162467406,-6.889357590082745e-05,-0.00524072469188786,-0.0034902516200012315,0.0018418607633976067,0.00016974892199131744,-0.007185323334991764,-0.007460339585398355,-0.007167378807271259,-0.0014670865333836357,-0.009201678889814196,-0.008303920472878791,-0.012361212103313262,-0.007217638512987971,-0.011300148070482855,-0.012300120753200769,-0.0038993094259023127,-0.008970128331224111,-0.0012444095348231195,-0.00996487069686207,0.0017728122337541728,-0.00336386118026585,-0.0005604770435004207,-0.004213164628962351,-0.0005896168639859842,0.006265160340885247,0.0003028591419313041,-0.0021055554273221163,-0.00024591303909756335,0.005136958560528221,-0.006065914563910726,-0.003978348993220873,-0.020480914365620558,-0.0065172232900917145,-0.016940726260145658,-0.01960545701517389,-0.01758487902684972,-0.01567999583997706,-0.0037507392115059064,0.0019884262524374413,0.004576641035925359,0.0014878675441719134,0.0010877148559321546,-0.0007960022319566933,-0.001959643786408472,0.008090051329787178,0.00937697269666723,0.017190378098566116,0.012820243530831997,0.014162706008856786,0.0155435644336696,0.01786798257002384,0.01794156235482983,0.024217300878043007,0.015961126279547547,0.015615224998986484,0.01817339878257149,0.017875081294009915,0.02012719457758954,0.021569262958641085,0.030485805850284053,0.030034254683359855,0.02847336343206906,0.034309252856914295,0.0356065823075932,0.03252212919952808,0.02727234314699509,0.024667287286409767,0.0310079081847104,0.02946470395283141,0.0271324973645414,0.025634246129322302,0.02472618697795022,0.027627313239646983,0.027144211016549936,0.029805597973336994,0.030610177050580962,0.03153426416501247,0.028595038969174463,0.026053846394502776
20170131.Fly2.2,2912.0,0.017458325409435038,-0.0071517357695577485,-0.0055515396010558365,-0.006816461992008629,-0.007371357355788038,-0.00887906064970452,-0.003858141924673899,-0.010120159396593498,-0.00012620209489937412,-0.007788984044887535,-0.0042499727336367775,-0.006304438199429353,0.0006653025696526102,-0.009759898303644472,-0.0012240430115516279,-0.0031680466088900294,0.0030624351704147436,0.010554904560557377,0.004622428943871974,0.009393084931391927,0.007045887690024564,0.01647828714710986,0.01605901846768453,0.011627949271071934,0.013831179396051692,0.021850281647355786,0.018386958156102612,0.02465797208165842,0.012088905126052865,0.015876151632580507,0.0011007615966190391,0.009100929009822786,0.00023692250274414436,0.012984443617926604,-0.00010896691081325191,-0.0023993472343419465,-0.004054458719643446,-0.015486010504697948,-0.010980530039283279,-0.016144633916237112,-0.012133897786875299,0.005430009248072524,-0.019123838236234043,-0.014496535352775442,-0.012408717732655427,-0.013618437171245666,-0.0072796983193572674,-0.0037469569563095295,0.0026001843999948066,0.008541509079961141,0.005269048850199789,-0.002680124152883024,0.014396214652518544,0.015429722281170642,0.018650139507942445,0.01839125699830752,0.020492047069216587,0.020031062536028692,0.01766744744519027,0.02114717690175876,0.021125419512101503,0.012578349960218664,0.022675075873559866,0.0071122726555440455,0.010868126285707883,0.012259667131998797,0.003172070651666467,0.012441906825920224,0.011661368415971252,-0.0005396242888552432,0.005866854093987364,0.0005685848361006451,-0.0013858627096357736,-0.0055845008807704054,-0.010105452891622246,-0.013268273440414438,-0.010065217487610746,-0.003617187054684148,-0.008331542213869374,-0.025270522276632113,-0.01159890470661265
20170131.Fly2.8,2912.0,0.07627387171209932,-0.043011181259732766,-0.05632732594620686,-0.056292980125616565,-0.049502301373359564,-0.06035033967021137,-0.05153142274000692,-0.05366472044107443,-0.04414859789334881,-0.05024923079097072,-0.03770868367310783,-0.03341412794738111,-0.02771967983266971,-0.02654110593933765,-0.014107232322586653,-0.010872517660808639,-0.012057919240349338,-0.009986236466914985,-0.0018022552527148898,0.003365323380100694,-0.0045345625637874054,0.008956276190161804,0.006944767308055285,0.01824825137804191,0.007505033197672685,0.02429114360494873,0.008982563666085876,0.018034039830454394,0.02259495696696069,0.016645222895660686,0.014856965052461112,0.006227612057666379,0.008248620932610317,0.0057565804475283346,-0.002826408591794208,-0.003955220430839743,-0.011540784021176987,-0.02101265568562437,-0.0395112685446823,-0.04733634134580314,-0.03473545250282983,-0.024771111679075745,-0.02243019246763018,-0.03251654352924781,-0.023097713264491088,-0.012707150876520312,-0.00992085122803184,0.005996326417415187,0.0029174386491057037,0.0017522986485178672,0.014326458531697003,-0.004023803999160615,0.010404241786206653,0.009605746485244211,0.014392512762052018,0.01049299513418995,0.008616486937735427,0.024060897256162606,0.010954408664662699,0.005406804884560613,0.005638091602626468,0.017794354529877904,0.011055746390838953,0.010573599050174468,0.011894099899745197,-0.006433489623277342,0.001878180632604455,0.0024262894092592236,-0.0010227546044706392,-0.0014063198254883418,0.00357140397149311,-0.0023176702394607255,-0.011021272746288474,0.0043876589973685645,-0.005785679260013674,-0.01109213308774662,-0.004423087708953762,-0.0033910396315571002,-0.0042788442054929,-0.004709084204281586,-0.005217654526649591
20170201.Fly1.1,2912.0,0.26376614696256373,-0.022493593938620438,-0.03064445015530081,-0.03194844124612331,-0.041943233833953264,-0.03951310586059395,-0.023024636604202633,-0.03483877252681063,-0.03236265492383403,-0.036114700416186724,-0.033942960849722245,-0.04205887161729022,-0.046653078302683164,-0.038890857012298496,-0.040510621760877996,-0.049399145962967114,-0.037571726720806574,-0.040245724840372366,-0.045700538984459006,-0.04985253496325794,-0.04696199521397727,-0.048403685619416256,-0.0594943761565949,-0.04851386686588977,-0.0546916559919282,-0.06069340958835785,-0.05671707522444485,-0.07199711763754628,-0.07057647396234228,-0.06882667665409269,-0.06489594082718339,-0.07326906744247724,-0.07419336626035625,-0.07265898443557495,-0.06897093254989684,-0.06825700233020593,-0.06612422740594312,-0.04641227241427932,-0.04040946679984764,-0.04088280366464574,-0.040131845877928264,-0.04122941335934464,-0.03332588970341289,-0.02460001343459171,-0.013855509400242223,-0.02591130665706564,-0.015694849811558217,-0.017481359623603077,-0.02031921158059393,-0.018711003701185974,-0.021952655571123112,-0.030774767530546487,-0.037484218007612674,-0.030088684357731935,-0.031113224766434456,-0.03837486193470533,-0.03580129172351502,-0.04320871150818268,-0.03631876662397111,-0.03905644262768953,-0.03565232413186652,-0.03423722193237406,-0.03314816937238537,-0.02582959872885119,-0.03528162302554425,-0.038176612038621445,-0.02637115918563194,-0.03731344716238066,-0.017481422353166715,-0.03289837545550047,-0.025504124567083956,-0.022688136574468408,-0.02860672637457917,-0.02285375602564159,-0.030904054995439315,-0.017215406003836607,-0.031598232215433564,-0.020543844048498766,-0.030211465621026015,-0.021207273323085033,-0.02693231153329239
20170201.Fly2.1,2912.0,0.017579332824136595,-0.023830560481736155,-0.02132233968805637,-0.02225539193928632,-0.01964954466349544,-0.016824312412125925,-0.013524665991889723,-0.012219726151416692,-0.015626575174607783,-0.013770437479586799,-0.007970839992040856,-0.005868733413858751,-0.010384139894485113,-0.006528923748324281,0.001824205252353254,-0.0034977752028782054,-0.001116765257082388,0.0017148448975474514,0.00010450086620536177,0.0022166089655288506,-0.002783822835233461,-0.006804636930804138,-0.006865218501790897,-0.005073656437322539,-0.007017743119228918,-0.014566080232016259,-0.009380200206977829,-0.00917434545997152,-0.01083746999919085,-0.01243236379178786,-0.011674792367407753,-0.01767666413276585,-0.014118744945190297,-0.020803558016782076,-0.017975795954049918,-0.015808626681507468,-0.014922511572715357,-0.0065561920667413275,-0.004407299747194688,-0.005291892572895812,0.006410641272144611,0.004957224661410519,0.007279938866462979,0.0048793789942506525,0.0012806535527282396,0.005693785337607988,0.00321840466490339,0.009830984253691662,0.0112753128345142,0.010073629457156614,0.016196257914016056,0.01405710360176353,0.017164691042552603,0.015236975200329147,0.020885779010445242,0.018321600719346548,0.01854056211923735,0.01936325447323896,0.014076335698072026,0.01302000612235162,0.010708010009875936,0.009361011192786813,0.00351486440008003,0.005548475565427128,-0.000540651955699193,-0.0031109164996182288,-0.0017316305227817862,-0.0022687579550610005,-0.004470922623245299,0.00019879224946373595,-0.0009861998367372078,0.001108492482067033,0.0003056914220355752,0.0016548104853520585,0.006483084967018553,0.0002082553601750474,0.005959173285784406,0.003981148782569818,0.007218025308149172,0.010417870726538218,0.005646629177949254
20170201.Fly2.2,2912.0,0.10753247628526508,0.01951277175601803,0.02009511830148202,0.0279125757102763,0.01854824187116124,0.02553427425110454,0.02028787952910494,0.026541991419327126,0.018316910980200878,0.025280245720465958,0.020847178631115577,0.022940428508799664,0.023881696093692846,0.025508010906332475,0.017437401228868672,0.02701243102417003,0.030532746876905437,0.024257239897671683,0.02308481038925381,0.02146832867316766,0.024824524247597676,0.01616157796571804,0.016745377831862234,0.015071653110900644,0.007105387669091367,0.0044832307079857095,-0.005178115993715838,-0.00268752951890566,-0.012636298445958065,-0.011959979678988802,-0.02225759084799113,-0.026762887520963997,-0.02445302728292912,-0.029634006981508445,-0.03207336063732652,-0.03443350834374234,-0.021578488057128937,-0.013845310597357769,-0.0030250811301795874,0.004419688792834572,0.01842019233612107,0.014800722464357445,0.019038031254690474,0.011626539412018005,0.003128934628882165,0.005909009854124439,0.012387856387242439,0.009189458265948075,0.015709273894702436,0.021196679598149654,0.030500898027007707,0.02672404953103472,0.03110851446210608,0.037417872880611235,0.040268549041376306,0.0403065071558375,0.04368664789570751,0.04579655762169964,0.046234671162544934,0.04535802143962987,0.047214019551827933,0.047168143746590736,0.04537075142133925,0.04766533620069956,0.043349851382208454,0.04285539360862039,0.0452154338858254,0.039270734679036814,0.04276744503920141,0.03658572020238411,0.03918592924261299,0.03316241539629876,0.03681848462050276,0.03508165262478663,0.038512530726095666,0.04040279579572021,0.03369442891825994,0.04140429708502639,0.03269790028549498,0.049247459238067066,0.03748287191570026
20170201.Fly2.3,2912.0,0.03735773608638848,-0.013114049812812235,-0.01841718772134792,-0.017879934781593717,-0.016825113561287547,-0.010510264761217148,-0.009923086862675541,-0.00847673929477934,-0.005790530558180993,-0.01047991330610631,-0.012255577059923514,-0.011095017350988265,-0.013890374935071748,-0.015455429756866717,-0.01813511356776553,-0.023516412592083487,-0.02575743979633617,-0.019968845419814443,-0.03300481017341721,-0.026838829879782755,-0.020749336393574225,-0.014822129402618575,-0.0031526336909434793,-0.004251603368105191,0.00795606208360176,0.014458227108312273,0.01768616624044761,0.02061511452894296,0.03243308416857921,0.033498557597930155,0.03977386747589658,0.05076616287596608,0.0388057529528633,0.049691510209690974,0.03657393075096464,0.041339186713924635,0.03846214688131655,0.040427363913840046,0.03870675704343449,0.03517351036808375,0.037730477928629436,0.02894665155329943,0.04407805520297314,0.05452756506852149,0.05963122058035912,0.061731231626030086,0.05344220700594739,0.06576273792520046,0.05691943775023444,0.062010053555202345,0.05676337708674489,0.052601269208046544,0.045599058175968314,0.0427440039774942,0.038144235048571125,0.041764666537618095,0.03104022647862699,0.029161869149034656,0.02271458734246964,0.02142130433090825,0.012391966805114604,0.013675017025522271,0.003882154663338723,0.006246647888331743,-0.006498836198906949,0.005543465243383614,0.0028206340463909733,0.006689680455373961,0.0032391233833262856,0.005295589651212039,0.00855317111475113,0.007428934521202277,0.008825309147457274,0.00830775645128478,0.01342193594839654,0.0058242458202265755,0.0031374127478671953,0.0072136747540488735,-0.0024175584154992524,-0.0008866896928218532,0.00026936249936206904
20170201.Fly2.4,2912.0,0.11507048348363547,-0.030969661232302444,-0.03470790300222623,-0.03287115622227027,-0.03505656143834743,-0.033560793532516106,-0.03582157675612903,-0.0349625566552023,-0.02942469297963969,-0.029074345257335904,-0.026027941574111983,-0.026137724923211744,-0.02522182811234167,-0.022572161321517438,-0.018637226389555346,-0.01674749385748247,-0.015729908889093033,-0.010186197003053477,-0.013763157171611579,-0.009953558223263624,-0.010422238974699752,-0.009020577356595493,-0.009453034571415041,-0.002679672621581849,-0.0011106349119771979,0.006294365291722375,0.012775028946668671,0.017968488566464495,0.019068591847304733,0.0223381250457756,0.02818190386773414,0.03060519218150748,0.033890775213832575,0.03595099651686444,0.03678102615444054,0.034266817743853054,0.03414061393904032,0.02614781510346807,0.01475633880419908,0.012857952324235995,0.004747885899505371,0.0006560384364021309,0.011047939480108715,0.023063836180730147,0.028065146867971735,0.0333908032698152,0.03665260721532566,0.04077017464196142,0.03905950225650934,0.04738422785994316,0.047389371236980976,0.04849824864384393,0.04488509273626571,0.04390353348774343,0.03745028817302935,0.036031392616368035,0.03696457289701702,0.030331826246906366,0.030353096454121292,0.03596567606534263,0.03191909058774625,0.026435428865995356,0.022179391861682496,0.02480438332292061,0.021248395388281827,0.02327398635870455,0.01981881822148992,0.014990716256924653,0.011740824951383306,0.010382822199055427,0.009820233058589735,0.005412155927398819,0.0054718998585750415,-0.005566661676173463,-0.004394987718885279,-0.007784256230759254,-0.006916736070373623,-0.009127866303739489,-0.010549421750427564,-0.01047825768259731,-0.014284091080717204
20170201.Fly4.1,2912.0,0.06625883958165213,-0.037995673788774345,-0.04319086140000585,-0.04460098901269742,-0.0500133081594303,-0.04512640021339279,-0.04578289343974189,-0.048576177394512775,-0.048697426789408874,-0.05094704268731313,-0.04328034641101283,-0.05206306478320129,-0.046429712464511455,-0.05025760051035971,-0.05040081255949428,-0.05344947503144971,-0.046641087958413076,-0.04744034843043774,-0.047700858334162786,-0.046972124474090673,-0.04035968631170619,-0.04603414356244207,-0.041647103614212755,-0.04398129982230759,-0.04227903229546273,-0.04577363107647012,-0.03749176938656598,-0.04432837852775644,-0.040640163445031505,-0.04483582026428081,-0.040981552549828354,-0.04927207907391867,-0.04654827086640033,-0.0528358386214393,-0.054035946483833905,-0.04295183448867895,-0.051398487788143335,-0.042823257359949816,-0.038680883530807064,-0.03681958822238099,-0.019913840359154767,-0.010627250772460635,-0.013343724959244432,-0.02256921801272203,-0.029099347328412607,-0.026887672521044813,-0.022829346485194066,-0.026598271914642622,-0.020765829546062223,-0.021080557476587082,-0.021597093742315904,-0.01829623602570677,-0.016660379125189965,-0.012360571403601134,-0.007577383095219381,-0.009520613749943273,-0.0017637613425070964,-0.008492896061803803,-0.008534856269512545,-0.006318678394423218,-0.002857801652184364,-0.003767210067290706,-0.005715287819570616,-0.0017270417689735727,-0.007156389189198151,-0.002618719411307936,-0.0047848943053264035,-0.003872986882078224,0.0022693198956120772,-0.0026468320418481925,-0.0014456581758224372,0.0010628061722857633,0.002855752388461228,0.0065530480302512,0.004726972144163165,0.006834290880542902,0.0012036829574588355,0.00851712330912148,0.0045661885122578495,0.005480527626936078,-0.0033802151605902206
20170201.Fly4.2,2912.0,0.08498569738827189,-0.04559274609874499,-0.05513434004097891,-0.04900630793256376,-0.05268523977110562,-0.04711427951488822,-0.053637930808787225,-0.045109539345899945,-0.04242950086518758,-0.04606785278822043,-0.04480904805730774,-0.05289888330682494,-0.0257935846395334,-0.03963622691642443,-0.03337345120464409,-0.027109153771097114,-0.03551919189097151,-0.035398368829540755,-0.03225781218406572,-0.03403514338118189,-0.036133473468363736,-0.026568473107602533,-0.03347944534308953,-0.027194835629707544,-0.03805971743419688,-0.027953227379791765,-0.04461429251055099,-0.037733550382697705,-0.03703510258334426,-0.047754125695157676,-0.040837396130856116,-0.0488644896844438,-0.05797976832808638,-0.04569781904208059,-0.07027934031984336,-0.05255230631681919,-0.06736683653196532,-0.04866467428953723,-0.06214870154015756,-0.036171006011018206,-0.05436167817181902,-0.01905179887339812,-0.03129064151510804,-0.01926362264809154,-0.03297951678541162,-0.01990968455645197,-0.03647051834728265,-0.034134976962482494,-0.033495312958285145,-0.02216141523808699,-0.039193145898133185,-0.0247745664503122,-0.027752669572661235,-0.02848014845657892,-0.027097132672172425,-0.020876660484003003,-0.030229049687760003,-0.020741894846218325,-0.03490365939802167,-0.02046802899316232,-0.033786353693322835,-0.02924235738832854,-0.026922943224762262,-0.019071251065283457,-0.0350146072920821,-0.017760554423619363,-0.025799606726995303,-0.026888323395887526,-0.018020977311956243,-0.026467217790401714,-0.017801808011373634,-0.021650838864640407,-0.029019654689974365,-0.022753582721523724,-0.01660710725751207,-0.0236851469253098,-0.010411169143529053,-0.013806167628899777,-0.012725229671097835,-0.019928964679292137,0.0009234516353908984
20170201.Fly4.3,2912.0,0.17786326195194413,0.008895059555253361,-0.00790332680879134,-0.0031090228034387525,-0.004595989889202082,-0.014405630921040916,-0.002494985076954233,-0.02247008340436149,-0.017355005148153656,-0.013632194046535788,-0.01593814927818543,-0.01754943928896357,-0.007302451363083747,-0.013734801786720593,-0.014536450084731404,-0.007972321887237588,-0.010848636852277358,-0.0165745981635676,-0.010499634959033563,-0.019716894814378803,-0.0028935129474161104,-0.02255945482524737,-0.006068496685860781,-0.019821741413346198,-0.017325723912050516,-0.013506777343011636,-0.014262211272304258,-0.0004461383646930917,-0.014147085924791315,-0.005910506310919477,-0.01126424899267964,0.0066003878667688105,-0.017194292994719133,-0.009150626478013235,-0.007632014999236669,-0.012897270578196486,-0.006974398758240182,-0.0002592745209257464,0.003570481223579755,0.016261356336413253,0.0010939416529967849,0.023711824193898254,0.03756318330118437,0.01292418433610836,0.039023291241875965,0.01799356055053818,0.026489155457708385,0.028515835319290736,0.02514649569459922,0.04484650122067551,0.03692381862679678,0.03993397849509211,0.03959076665036043,0.03689546421970726,0.05056187970606926,0.04486094315977108,0.054785030499143655,0.05134562286360428,0.05466100821808013,0.05375156645346485,0.05738978775465541,0.06267686435245413,0.0535316190324098,0.07127390005878861,0.059730644485009574,0.05744804540871374,0.060278296892014444,0.07379601914291525,0.05211313373222018,0.06408647083875245,0.05900093963098781,0.05884209268784519,0.05245008290131769,0.06101490605749762,0.07770024846315171,0.052139106690392595,0.06290225296181261,0.06363411687320403,0.06158631541177757,0.07975935073806906,0.05184005208042106
20170308.Fly3.3,2912.0,0.1230467999098428,-0.04627116531773289,-0.05193509905290636,-0.05263336312456051,-0.05671272411736965,-0.058581004925916,-0.054459427569012425,-0.05638900120247481,-0.053064428116009865,-0.05164994936411724,-0.05093965121043352,-0.04740163839310664,-0.043932012181738894,-0.04746720632421467,-0.045083103253983306,-0.03797972177818422,-0.04519875990458615,-0.03836346534474739,-0.03624863394965651,-0.031760356786708105,-0.03193767589919101,-0.0378991152342052,-0.03487786573629256,-0.03417126101824291,-0.04003148179543041,-0.038613233981802914,-0.039511462102847096,-0.043682292931258276,-0.03816123728297684,-0.03629008620751935,-0.0329578645388412,-0.0302294328143538,-0.02528119092752843,-0.014509728678140025,-0.013120497461475943,-0.0071639460503621685,0.007460633496817798,0.019352293230279826,0.019302561498735927,0.039397140713151285,0.052332998994933086,0.06450772641012874,0.0741873721147903,0.08059979726887341,0.0792682202249229,0.07908445465721822,0.0807105951403312,0.07813177360284534,0.07472505341205707,0.06783052033355377,0.06805256589340532,0.057447691879392006,0.047030944340882785,0.04458106730407175,0.04658180448501507,0.043235455823024356,0.025299427895389828,0.03521506442144528,0.03998030257612442,0.035385202124773016,0.031747659785655996,0.03242952300202904,0.03771732217892123,0.042559868683590185,0.04019112630476112,0.03651275595379244,0.03595843922760402,0.04020286537088095,0.034793368819475985,0.03381188884552458,0.027771726979706493,0.02915857502570933,0.028346355397152283,0.02206930783825411,0.023729343877911098,0.01916578659168798,0.019246028920705684,0.018192944793998325,0.010462124708964677,0.014638705756926985,0.011952550382461919
20170308.Fly3.6,2912.0,0.08881843793681043,-0.007686487816933382,-0.010890964050571491,-0.014999303410164316,-0.010696184257022581,-0.020848491462587708,-0.006529578373808715,-0.019473556375243086,-0.02264813393168508,-0.015396968790076127,-0.02563791391979827,-0.011247522153950928,-0.020029808071187635,-0.020769437808506052,-0.02201954389468213,-0.023651522263345173,-0.023372053700312735,-0.017042387574982307,-0.02452419794712165,-0.014248885996375709,-0.02006032890966773,-0.033061338277238686,-0.021977363868452046,-0.023511102425398157,-0.027568075455248947,-0.032427714935962484,-0.031021653333347263,-0.03075471736092052,-0.03715534044418596,-0.030775801824651464,-0.04496162716026192,-0.03673427551674821,-0.02958632823793094,-0.03682346813670531,-0.030378789195955734,-0.020510368506631602,-0.018664460126986963,-0.008923830370012514,-0.002344404214374527,0.001980589501298443,0.004866533661536107,0.01896078604452669,0.040813941367763645,0.05857738871655637,0.06757093654940236,0.07887673714507025,0.078832426074306,0.09163623516430142,0.0868405484039667,0.09055128204646566,0.09648544707314723,0.08466535118436497,0.08621284507857804,0.08068111956845365,0.08077389701647414,0.080195058952217,0.07565820387150482,0.07250695428205774,0.07697956912258981,0.0717179641323412,0.0820250550278728,0.0795829551484562,0.07618948918284704,0.07545619929179062,0.0791766111232689,0.08298885263725192,0.07771630783917968,0.07653051656364862,0.07800921564350503,0.07275553146639384,0.07750500216622633,0.07072011936559436,0.07121127611959396,0.060657742652406636,0.061783258054422224,0.05960568992719671,0.04990544434518431,0.048247992671588205,0.03864508415766229,0.0356186452235049,0.03211788783150717
20170310.Fly2.1,2912.0,0.013348912703964879,0.008675159809113934,0.005683120611396388,0.008006040872332636,0.008512841283151096,0.006808127050747499,0.007590269509756477,0.010750444267689162,0.004668798204953501,0.011401036815403779,0.006740829839485808,0.008356350423548712,0.009951763959445083,0.01644175783570622,0.010423247668306601,0.013514311729042614,0.013971085538596049,0.017209884149287247,0.011498794984349804,0.013834710043610858,0.012995421362876368,0.01428005933480081,0.012528448450648096,0.0104816042695824,0.015291963535050003,0.007748985474161519,0.01063496178053518,0.011694635393571429,0.0049801014428986976,0.004594097223578186,0.002418890167521345,0.0029508733932219586,0.000357977078202067,-0.0028820229046495763,-0.0026939952015226144,0.0003129702484678254,0.003919666795555292,0.006488214995513329,0.008372167689591637,0.016477938445939422,0.021653340448957167,0.019295535369921905,0.01563951344981691,0.015724403791683144,0.012296202320445208,0.010482323117582815,0.007419397305188045,0.009205189562437845,0.009972546370100012,0.006901514712866208,0.007051088341369019,0.00639667129280941,0.004934869844464755,0.00489470795998307,0.00671288609086299,0.002105625539410616,0.004338337552833482,0.009010680131347586,0.003654656045710214,0.00798297007332058,0.007736002058868709,0.011099488880821573,0.00938857279007325,0.009750792501512133,0.011604809352303225,0.008549227429417258,0.00987484657918578,0.007414625868627657,0.012997418672035218,0.006660357786134356,0.014516303011634594,0.01296441906720494,0.011408153424374727,0.017147523649951247,0.01596823497075394,0.014314188887227845,0.017921409646578946,0.01081397883859207,0.016253296959279892,0.011722586457908767,0.014155017573535237
20170310.Fly2.2,2912.0,0.07145556374309303,0.030018704065294877,0.03784841503837878,0.035128821731174494,0.03424418337589073,0.039884674101128136,0.03199386628767954,0.03360360295179019,0.035110398983311454,0.02915842853793627,0.03323026752907563,0.036398067145226365,0.037534781720674,0.04073675050769298,0.04563463921849799,0.03905004423538182,0.043750310102443214,0.048002965563398725,0.04577177872156104,0.053219760357009455,0.04212150800998174,0.05297197527771878,0.039946597930405704,0.049499340171551706,0.03570230536442948,0.04305398887705638,0.039396185351532255,0.034424991326428865,0.03208965748018988,0.029370043027119028,0.024352296792816707,0.02621098695941212,0.017477438969058033,0.005761234031763084,0.012550456951969295,0.010375436898626893,0.0066656763824200875,0.006071168128422853,0.022723174245295408,0.022964677925493854,0.022069299698286242,0.02783519476391759,0.03310571228774408,0.041281846977615236,0.027915410666779775,0.02626569806386064,0.025492513017893417,0.024824242971503416,0.015213089066929062,0.005953691620071389,0.010383856577298792,0.0030298551011081545,0.008405678725666303,-0.0012352292839336496,0.00018542024714521006,-0.0019428792220982753,0.0042781898995855345,0.002300522414615249,0.00567566788828103,0.0022390836004498238,0.004123342239780942,0.0013492640733248646,0.004514537011688026,0.00953125645190309,0.0010179473840397101,0.004138289822854668,0.006515530343170118,0.0077418018302079445,0.015877678652734727,0.01265168451772175,0.015492775357663104,0.012927403680386633,0.013154508441561644,0.01722096834970642,0.008722245798960322,0.00903751687284865,0.01482906194748946,0.008121723985290888,0.009051111968610234,0.0018446113633259539,-0.005349627265587499
20170310.Fly2.6,2912.0,0.04239020186444731,-0.02118959878669336,-0.01533865972159279,-0.012171846317941968,-0.01070989524324298,-0.007367680972363859,-0.015771333322893814,-0.0053672703356433295,-0.012401766923341644,-0.008057344745088358,-0.0002529885595965592,-0.005782613092392537,0.002375592954497849,-0.005985174941391178,-0.0012521421639618245,-0.009722090822148713,-0.008126030586903804,-0.005840051561767262,-0.00943840343534647,-0.005123611467388213,-0.004905681134336828,-0.003666456781941196,-0.00038633138909844895,-0.012471804199685077,-0.01024030579392093,-0.01897448790119375,-0.012977881727408453,-0.012218843153475102,-0.020900649502480946,-0.018223444601237086,-0.015825951063491685,-0.02757136971233852,-0.018991269212418987,-0.020447748667079144,-0.014041202308956051,-0.009870145966472278,-0.012230515323132511,-0.0032349717091194434,-0.0044558102299287,0.012163674386898856,0.005603338036410305,0.007620124319702777,-0.0017492270454055239,-0.015191988755671623,0.003851966078178202,-0.025985402219416698,-0.013766421135622379,-0.02091812323892482,-0.023925113092014304,-0.01952268428416801,-0.018139399899284377,-0.023686594561221765,-0.02795712589879208,-0.019508664202574525,-0.013902450875183235,-0.02483587240590747,-0.016203471345407457,-0.024352524389303225,-0.015165503385744124,-0.013040297802569926,-0.021706348634296196,-0.009562245365188418,-0.025029424129424264,-0.015575812860540007,-0.011795393443254677,-0.013775481782108303,-0.0012559430155465506,-0.01132366646279116,-0.0015112595700748823,-0.007003790086571978,0.003823630841862855,0.008173154771327797,-0.00862897003220099,0.0009539220507070924,0.0031907766522041112,0.003114452430277491,0.0035398006358046317,-0.01590204968796187,-0.003928473973592271,-0.02654744275787851,-0.0023759806567261645
20170310.Fly3.1,2912.0,0.02934268263459172,0.01771222399959528,-0.0014461415817977937,0.01694943417114108,0.00969667646308071,0.015197349225269666,0.020560656551346645,0.0012378986760057092,0.03579267831064072,-0.0023201279101163624,0.02884934884778271,0.0004478976516668915,0.019112516994485514,0.015861687425488876,0.018834279786584085,0.02527818496420846,0.010656500238489967,0.021822642913841013,0.008612987485531494,0.02793502254078321,0.024646519433445712,0.021407299302972048,0.028298076129785854,0.009286165332998772,0.027680469308249942,0.0015648473332380026,0.03418459015930362,0.015240745285068859,0.011045733665162115,0.008095515753275804,0.012752387516402534,-0.005436490763470718,0.00128671837069122,0.006983629637462161,-0.007427523305643554,0.006527772346873203,-0.004032804795880958,0.003906849528739431,0.01175606943568075,-0.015893785455582076,-0.0033074805866890617,-0.03610890556310055,0.009928557297296211,-0.009888138606217692,0.013812420446272369,0.009138799666682912,-0.006300633312261087,0.01232842855617123,-0.0018987296521766725,0.024852448868700597,-0.0074044632555019,0.015142260746960259,-0.008381283019366798,0.01889744389667524,-0.0004173933678859225,0.006853955989749711,0.009573943837285308,0.011974250182846813,0.006891002269958648,0.0251707598580194,0.0036413416017408683,0.021486996910943832,0.009186386205219763,0.014870205173549133,0.017948610664622063,0.02163551854586017,0.024020506561265736,0.01237704924426743,0.022077785066412906,0.01561117305260567,0.019063043274807023,0.013366563516549914,0.026621916536644332,0.014554230455836141,0.021694991086788518,0.01391455662353037,0.0318362268058147,0.007985611632547622,0.038207985034700034,0.015173074588560691,0.021168754796340547
20170310.Fly3.2,2912.0,0.056779903383245345,0.017954589436104743,0.01067505807706849,0.03192485391322653,0.012147853683581265,0.045265135212204065,0.011703537610052984,0.042087176489643295,0.03261377140411919,0.03216384911336934,0.03521578497053263,0.04019205044767611,0.05251478264712024,0.030619023713817896,0.05981912854124312,0.04482567291333748,0.06263124664937753,0.04205295837334263,0.07045033009332208,0.040811358080293236,0.0665679015662665,0.046232555952084524,0.06737078091681958,0.04400677200388627,0.049473120514778965,0.04704242082228068,0.03589348352643641,0.05388532995715515,0.03190474546204053,0.031738132631903115,0.02994155657728946,0.03951459024723226,0.017301773345437477,0.030556373965057778,0.011742901240402264,0.015813471736167532,0.016871026382782543,-0.0005251081559063137,0.00497267117316638,0.011728308577647055,-0.03937066981524323,-0.03630050338732327,-0.023315464507896705,-0.006463256859048528,0.00016799111739108637,-0.028907033240127222,-0.013662603821694423,-0.0070300984588826465,-0.03814192581740084,-0.012290876595064283,-0.027204156902975053,-0.020720212604256223,-0.03269706843061185,-0.019475034273318998,-0.03589932179032064,-0.0355277828152321,-0.036776025998926085,-0.04189952940896325,-0.03886504997879534,-0.028523209369156817,-0.048577513938505366,-0.03671072966451554,-0.030637279908311832,-0.03969515367554285,-0.04854730146685825,-0.02288756396604549,-0.04728977588145848,-0.029717942069966752,-0.044391254952129276,-0.020598750627183304,-0.05198758072002607,-0.02200950844023279,-0.04056828067072105,-0.037156595043322055,-0.04145689799582229,-0.03385227252191508,-0.04427954222512457,-0.044382864041400044,-0.015746686142319603,-0.049647799155441076,-0.026206855124094784
20170313.Fly1.2,2912.0,0.0266579314845441,0.0008979335151531216,-0.00632994921975226,-0.013218022458822897,-0.0017629225618925291,-0.002837643784260954,-3.614140514526104e-05,-0.007164981873951878,-0.0013233441411815011,-0.006701933928430843,0.002426076024454403,-0.009199292366155241,-0.0055700801566294506,-0.016717748961528577,0.0020025089803766306,-0.014042533624797744,-0.016718468985822504,-0.012673085562479824,-0.018652999099678443,-0.014180989359249836,-0.008818727630249552,-0.03608208361143467,-0.007835685347386438,-0.025509922514944258,-0.0010265777959306303,-0.031650343600405126,-0.015874637393534684,-0.012665435994956833,-0.012632093288893325,-0.024831259789559783,-0.005730491604105372,-0.008155890269374386,-0.0067428052866134085,0.012826831580069878,-0.017915486739299113,0.018616446107224804,-0.0004263091706666637,-0.010958334152208243,0.00797519091221376,-0.01439477843264176,0.0018405934964228435,-0.0017656137279968627,-0.012924012588744972,0.007951757260709005,0.00638882161645219,0.013114189466034695,0.012595469132474606,0.015951359063801386,0.010546758218695013,-0.0004918605632362998,0.018531020279756918,0.008004275268211888,0.00170037421252313,0.0002141624797671049,0.0042527748734939004,-7.949123668276464e-05,0.004525770658507383,0.008062411853670133,-0.007336451779421079,0.008494059305162668,0.0002075717537765873,0.0044226292140331575,0.012353480674334597,0.0022102589838327675,-0.00040927596130859584,0.00941653570030995,0.006243332591311351,0.003966529454723312,-0.00041424069662602744,0.018713619507673553,-0.004343665000239789,0.019487556046480333,-0.0018343603802677844,0.03214682636383416,0.014303738271753,0.015906259231931272,0.014265026433509678,0.008144409408732149,0.017128047417582337,0.01739144626979727,0.0037523326090289724
20170313.Fly1.3,2912.0,0.04598629566475032,0.027422422584026867,0.009963635809945005,0.037418554373714885,0.009783660398434188,0.020669374378776494,0.016061475005725016,0.004112251491052267,0.022383696902827724,0.001025994908821569,0.027046057476247387,-0.0058454332931062135,0.01902333688831805,-0.0003294098582506044,0.015773988568183343,-0.007577820717148409,-0.005187904517399589,0.018290454854625986,-0.017934065036218125,0.013488214800914748,-0.008558060837464727,-0.006222869776951843,0.003795273431707073,-0.005217595732037221,0.007073154181664802,-0.018515772212290883,0.02036244078915095,-0.018453306230888922,0.0017384385340587453,0.013392676696688291,-0.004133472019629235,-0.009529680504211128,0.027853922687169814,0.0036256842561991926,0.032227641301872015,0.003227708045297918,0.029648103589652926,0.01088862050997748,0.025609269721339433,0.01705683820194505,-0.00482337722485378,0.005152289694129114,-0.006363058661547724,0.02560719368162176,0.029115655417534008,0.012901095886689522,0.04485410794297292,0.0035777123234446003,0.03708991395443524,0.01354577344417781,0.038364018094688354,0.00494548241118273,0.026124831675203568,0.021508871883976724,0.008546213953202321,0.005448468009095593,0.031579930007294844,0.00037516681705271945,0.01719027847280012,-0.006071634739279453,0.00886652928798173,-0.003259068521502251,0.01378856439198909,0.005743280880996959,-0.003007984628785892,0.01250814958242078,-0.012324833102950454,0.006291367431496045,0.0018003242415285349,-0.014524263800508915,0.00570951930100808,-0.009177489262480392,-0.00210935073924331,-0.006665583798701981,-0.022232554976351536,-0.02868337193265535,-0.009429456012000379,-0.023240316638817753,-0.0257558412730005,-0.022445190918454504,-0.026798240733189403
20170313.Fly1.4,2808.0,0.06976148365762103,0.0005859641924091975,0.03814400861882048,0.0015837677773069964,0.020087729993602657,0.02394251803251026,0.009411585118795175,-0.005748944961740023,-0.0048036307267283335,-0.004777344993407796,-0.01868121352443295,-0.007095992996083874,-0.02009902529393405,-0.020125642869280203,-0.001786864145507298,-0.040372574769229466,-0.008670727032589552,-0.016242334134044762,-0.01704139152064267,-0.01238922384252689,-0.018688441986672227,-0.004932098256945072,-0.027065650326119794,-2.7738028328938395e-05,-0.024381857383529118,-0.019854509664181792,0.0004479219789348954,-0.04546931919532152,0.007640771834435771,-0.05184870795477564,-0.029682462054559187,-0.016501399405283997,-0.039068723111041564,-0.012073206214954203,-0.04259529707081516,-0.01626842084564081,-0.04444856037419927,-0.021473111203192462,-0.016966842019720776,-0.028508924908771806,-0.03643730234411889,-0.05007659062376642,-0.06181656744471994,-0.009423966916705736,-0.026191705700720498,-0.005678430403997119,-0.04927124482052682,-0.01768559501290403,-0.03664353985795031,-0.029550281886998514,-0.0406099130028733,-0.017702306659499054,-0.048669533377068024,-0.01581517788720663,-0.03967634205972059,-0.025643340462966187,0.000998587744543358,-0.033783641445362056,-0.023865676332294944,0.0015511423728390163,-0.01608559617471821,0.002320947394305172,-0.00687792807218247,-0.005999601337297044,-0.01380553912453502,0.017160360248520055,-0.02618330674901554,0.022264019745167007,-0.01721871121235311,-0.004227809934192644,-0.008754536125292534,-0.021748545815894235,-0.004621572793588899,-0.017844425944271977,-0.02524326175825644,-0.02612020092584587,0.007571036506616759,-0.04321136062168802,0.013168747479496649,-0.0351406230948931,-0.003150861785714636
20170313.Fly1.8,2791.0,0.24789403666503448,0.03696309907059229,0.04600904994557599,0.038113862984306295,0.028050110852516755,0.09288192105821558,0.030115381717507658,0.07874884933450933,0.030082663810781056,0.08902634930511148,0.08317545124200006,0.051027944808419164,0.07741633028418692,0.09265370019614828,0.09185706395823037,0.06051973396474256,0.08531046689322279,0.09958439376552787,0.07341333998427184,0.07489513126009541,0.10287431173734787,0.08144236856324873,0.0976206144926404,0.09681906768264818,0.0890632643453325,0.11505171440370673,0.08293593020468157,0.11653457935493383,0.06375259250972486,0.13032658169026817,0.11467440211766376,0.10927860025323326,0.1069131465720503,0.07692476920796334,0.10662866825086971,0.10870918374919109,0.07566415577524138,0.11087684475674445,0.07807617275299022,0.07010836395151386,0.035424825145272565,0.1071253893488221,0.08266990987716676,0.078840577283612,0.07092884816648418,0.03982116646003741,0.07501171079973264,0.07294697863206787,0.060885175747132904,0.08117414031086621,0.042143970955718715,0.05613989326661302,0.07837744507784151,0.046969918269513466,0.10332944315799812,0.06247385122798642,0.08934455939188282,0.05088295710922477,0.09763075536968495,0.09946840732289816,0.07589157690028576,0.08880922727014941,0.07754928139391064,0.08484889622299721,0.10648630939027515,0.07022991639499478,0.09503101080120722,0.07211822107924076,0.07357822678985865,0.08608053185231088,0.05537275658704008,0.06853460148229762,0.06360625839741209,0.07390941347188354,0.0655395004577181,0.045819936625326005,0.0673657354911931,0.030311996345838088,0.05927011367832318,0.057138293595544336,0.032276955008117364
20170313.Fly2.1,2912.0,0.09047065828413103,0.002043789462975048,0.00222937005643011,0.009556439104662362,0.008547890949946523,0.004439542724851114,0.004130844272283246,0.000727123637413991,0.01242315460633492,0.00652289701831826,0.0014583294518442699,0.009571467770459696,0.0046772914331813485,0.0014777558628420269,0.012261723240590699,0.003984629402365445,0.0016223250569324115,0.007412009226159848,0.0061767038760508035,0.0019158636517382576,0.0026992670604854634,0.0015442294789186732,0.002206014715996337,0.005099423402452,-0.014220108210306047,-1.6967973009152744e-05,-0.004871848008722576,-0.005811047458847956,-0.006708972853802361,-0.0014147529295820858,-0.008257429992531005,-0.010093623742130778,-0.0019367329763280419,-0.012712520427675848,0.004299834924127313,-0.004028837199270743,-0.006535489396264435,0.005715233932530048,-0.0015511697111426056,0.010624416489147612,0.022282154498851993,0.008881289336004902,0.016409920358695637,0.026647823132900855,0.020305662338289607,0.019875174446015956,0.023709896573504696,0.023421511588192608,0.023570028073196556,0.018085556311104103,0.022864336174646293,0.024674196378125426,0.027137320185765625,0.016630823538819974,0.03029566180024921,0.023325399181960336,0.023134032640268185,0.031990181647795865,0.017202984632797583,0.02600953013780986,0.027286142003343027,0.026454035021341596,0.02281722597925956,0.03341278013411689,0.022913504156666206,0.03423054778210975,0.028242925104406572,0.03028616167457246,0.03131835183824709,0.03131682875039229,0.024689650672324415,0.03548673759328611,0.02745640638175075,0.03304885369223394,0.02476773447254205,0.033076776978955384,0.026900917858780418,0.0297919298637287,0.026912259855680205,0.03327495917936175,0.02546078884568003
20170313.Fly3.1,2912.0,0.0134689017440055,-1.30703360056144e-05,0.00022166003661615741,0.0021534670509440004,-0.0027638568861575426,0.0014916863275453722,0.002633296999865316,-0.000519250960403523,0.004277280841346324,0.0033540380093259495,0.005447078329753376,0.008687462429419457,0.008416697898332232,0.00854789340606561,0.008609946415560501,0.00802534230139029,0.013062716110833681,0.006229881241233222,0.013710155241466413,0.005396460569353451,0.008360577822245727,0.00756886560102168,0.006376511595001734,0.003047652334857376,0.001921558728982254,0.0027494182661817893,0.0008558262493794618,0.002758228480745884,0.0021227818811039535,0.0019718156946523175,0.0004285847344000042,0.0027095815940887513,0.000812031527280302,0.0059211703754854916,0.004250938173213731,0.0059105614919623874,0.006346240529183232,0.01307029321138768,0.014431055797151413,0.01344333091373182,0.008867704445776095,0.011004672035163667,0.011346509292872092,0.011089454305188262,0.010074917321484297,0.011639077286970844,0.013875520126198639,0.012431630218208568,0.004321337555250243,0.01055763397973039,0.00555928502308555,0.005085999686536848,0.005576698155555595,-0.0002012494561463654,0.0017700197690127908,0.001239352045186659,-0.0029479680620971317,0.0011627470715254143,-0.0005009296376364109,0.0011927365837622664,0.0037686796401447363,0.0027075905041329083,-0.0036671650825589853,0.007650079167292643,0.005896839486559976,0.005531828634256744,0.008253912547652061,0.006937953068425695,0.009788017438333707,0.016017293991267934,0.010583613627072472,0.018415394960447896,0.014179076651051507,0.013370911344933154,0.012216796261589506,0.010720515243205839,0.01503073223155974,0.010919117267729955,0.004041085764463582,0.010473383664007126,0.004733582466331876
20170313.Fly3.2,2912.0,0.01915238894843696,0.0023605657410771417,-0.0017618597172289559,-0.00036054680936449535,-0.0027881547594706523,0.004066679573228591,-0.002949355755288763,-0.007674134036637735,-0.01389269472830799,-0.004515113085392104,-0.010016756769636509,-0.014304930687951838,-0.0072796405188021406,-0.010321274815089989,-0.007803105266235257,-0.009499297205212849,-0.010130543732747162,-0.010296869775698742,-0.013531400294939627,-0.015071269185536772,-0.008403700741670437,-0.012420525770498745,-0.007681940797300052,-0.013481114333490179,-0.017253666384385892,-0.017484351870286477,-0.011260338340334,-0.019371213262825808,-0.015848590494194875,-0.020796919901868327,-0.009697468118755105,-0.012095753370053272,-0.010324783877490227,-0.0061798339301943755,-0.0022857355856265677,5.7658412689187764e-05,-0.003588995564120209,0.0013908996294307767,0.018813556013902177,0.027458056503643954,0.032485217174244393,0.014863708149504317,0.02293898865447348,0.010129940324426451,0.015386566042119933,0.0036979551768397964,0.0020273833545916688,-0.005833346442145474,-0.011975084968269344,-0.0049775200173732305,-0.009225286080975666,-0.006282401765721454,-0.005047242117685488,-0.0054788988759554,0.002268837610705704,-0.0032419734618592904,0.012548561743288656,0.004939451663446208,0.023747674314142167,0.009040747393561423,0.019712519323181008,0.02259858759892716,0.03247664172214896,0.01891795562935912,0.040910511996115555,0.03517562888933039,0.03854582830605371,0.04267212962070435,0.042867441529025836,0.044493965640358894,0.048494102694881,0.04803918388731788,0.04449648230736524,0.04435515308682176,0.046827528995083884,0.03880065302336579,0.045883593809426505,0.03922408441275648,0.039643790465546155,0.03155148959760182,0.038367922622773366
20170313.Fly3.3,2912.0,0.027669307872140392,-0.016039188095062194,-0.02019229082158858,-0.018881240319447882,-0.01455499005732052,-0.021400067281667476,-0.016609056861697738,-0.02423842707946401,-0.016595459764428055,-0.018542813601520505,-0.011644165676246099,-0.012377520227918213,-0.016724714011264193,-0.0034411853376127653,-0.008216173198398178,-0.01216998931027121,-0.0020323503085627297,-0.008140342385039318,-0.005165495050516748,0.005840037138139166,-0.0006520824659058547,0.004116277930174817,-0.007225989742623633,0.003914297664691462,0.004549219931962879,0.0029063752532444854,-0.002218739417422011,0.003195293418438055,-0.006708059175592666,0.003237384487064929,-0.007087010590792478,-0.00976795019113937,-0.0077290190607690636,-0.006326955679253029,-0.004199614193434906,-0.0008766668464854025,-0.0008471084007030697,0.006786382116741501,0.01906343960749818,0.02362916125111454,0.008813868248070197,0.007773532893287092,0.014698251379878253,0.01050814370039976,0.011694012856155726,0.017326690495118865,0.015039763967260818,0.01128174763722141,0.015512108520887805,0.016061943397819918,0.022194887132531933,0.020105924323504727,0.031382131884928596,0.03315361783808627,0.041309271725840147,0.042848676821842825,0.05183761004444277,0.05146539758056876,0.046770039764036195,0.05593127387836105,0.05728469990384148,0.055749433855591446,0.05673523522867354,0.05486231341309099,0.05599683192784016,0.056768293642267716,0.05401620813352836,0.05005070141973761,0.04907613715153362,0.04320609029402396,0.04978925328548047,0.04681247411693547,0.04869398695719138,0.053367930921353356,0.035041630111190956,0.04481439991923214,0.036085847880952995,0.03957414620425008,0.03720351873431576,0.03623230032149239,0.0373266938214375
20170330.Fly1.1,2912.0,0.052806997732187215,-0.002415078820414725,-0.007397401739207493,-0.02406516241726252,0.007280452688597923,-0.038877818917984995,0.004576621773871956,-0.04669112924904073,0.003986849786825394,-0.04629401037476244,-0.01252965064198841,-0.02878045823401315,-0.03539620694707622,-0.031221727907129553,-0.020769929771656797,-0.03733053630586445,-0.05320482553442421,-0.026713613473274618,-0.039341653804129746,-0.049894634480105865,-0.046021792549928026,-0.05384259300624017,-0.06729374674591768,-0.03658613424627382,-0.0696450580299973,-0.0694876513355139,-0.05727949425097436,-0.07843139857154599,-0.056107097759896155,-0.07506224550347855,-0.07183116095094445,-0.050672345488241136,-0.0885758497544302,-0.04894800620874401,-0.06681819766155167,-0.07262413119820835,-0.056004991815073846,-0.05677560348765849,-0.03885539736692097,-0.025432581840693528,-0.01987270462535643,-0.029319034724616812,-0.03760853461856712,-0.03947186868095729,-0.0281647129128553,-0.028132998989753258,-0.02498249085174802,-0.026168836762328233,-0.028405966160923255,-0.04058547707824681,-0.030368937591314912,-0.038707632973273357,-0.02798187134778638,-0.045715393049614056,-0.06381319185310642,-0.038266386004049434,-0.06814843207867073,-0.05644160338228085,-0.05613285819177087,-0.07034485742685313,-0.06095682123076704,-0.07734877672170863,-0.08160021801983924,-0.07728344880816886,-0.06662769332487495,-0.08926862149318433,-0.07074429544705634,-0.085121889240178,-0.07861263471432862,-0.07838431812909624,-0.08177672624842525,-0.07908185866547399,-0.07357478049062818,-0.07433719389777606,-0.08225314036381048,-0.07703110407287223,-0.07250379173030518,-0.06305349265723394,-0.06276364316107634,-0.06011991871481205,-0.04168939106923509
20170330.Fly1.2,2912.0,0.017703055688507274,-0.005885512766182259,0.0162629719315424,-0.01900895267737044,0.009376965383454606,0.005519500312060137,0.004091924505975753,0.007212317575926385,0.0030227770376217095,-0.0040716368909616335,-0.0027991053836027013,0.011387807031164442,0.0031039361369101844,-0.005664466041818651,0.007551454339542128,0.009542216945388156,-0.012274230321841766,-0.014707719972747838,0.0019551393414766784,-0.020761667690328015,-0.009430506980399513,-0.011398623152389691,-0.029675999939875592,-0.02267906347716473,-0.016783489814935514,-0.009796687596873507,-0.035001952583497496,-0.041372462003934116,-0.04766385105927634,-0.021915643164343253,-0.032709373938809766,-0.013825129954710129,-0.018704751857178945,-0.02685931151451749,-0.02476598564799126,-0.02322046815938237,-0.013453826335240468,-0.005352718493432667,0.02762809357243734,-0.019227151593971106,0.04920625044268827,0.006525151463178981,-0.014218298366600978,-0.010741453792166197,0.0010720685848605114,-0.029628799512065856,0.005746738132883438,-0.004568358552113846,0.003523944451145214,-0.025130043358485038,0.004971896090169846,-0.05099340484886228,0.005032965167876854,-0.03176761319483568,0.01265270463961921,0.005440909260119602,-0.04157196581410549,-0.006419948065501179,-0.01227420963117025,-0.01641393758252627,-0.01570742835284967,0.01239022321107744,0.0009726357161997433,-0.019278986883311935,0.0010066318432981071,0.015241594563466925,-0.004912676439939702,0.013249428256064249,0.01399628529504394,-0.006344421289570261,0.022230996487424104,-0.011677576216787345,0.009701842282732505,0.02741628970415054,-0.0004290118442399921,0.010938242163098568,-0.0018812788722310072,-0.020145815895062768,0.02283490163693607,-0.012837864723527782,0.0036811741038541485
20170331.Fly1.1,2912.0,0.09143213311667653,-0.012283701659011954,-0.011568438050458988,-0.00433036248757178,-0.004586127526920944,-0.007018836215555435,-0.011433362631895337,-0.02298757352453873,-0.010813459980223417,-0.012175216983258762,-0.00962702284916572,-0.015751768426729457,-0.009737854255497799,-0.015224636346228457,-0.0177174433962642,-0.01604036248079764,-0.015634315293541028,-0.019620684702002466,-0.020887731655627274,-0.03292639024008058,-0.03286810061049489,-0.03383488107662495,-0.03743061885305952,-0.02899846253979678,-0.03401104918241571,-0.05084299408254546,-0.05159961124773022,-0.039671239781833054,-0.044820090268877746,-0.04913911555487398,-0.049210608164538476,-0.04842881060804557,-0.05858539501216376,-0.05943559558499723,-0.03322446821139195,-0.03847298180353989,-0.024626538442507014,-0.01940670762013659,-0.013256120456991774,-0.002467831329832414,-0.0027695580808596715,-0.0009670472071054946,0.0011897263768690033,0.005980546033396129,0.005191836012408684,0.01120732659745796,0.012389234773500705,0.017187575150271934,0.01826425859841582,0.020053083321765156,0.033347351917970475,0.03176416440209267,0.028549582625582035,0.026981672808278498,0.03340320583639101,0.03200665938695621,0.026221314193321518,0.034293033772843394,0.031206652857857745,0.03301894006512443,0.02763230419504494,0.027202472769786157,0.025917791608878422,0.028591738047831283,0.03447436804321806,0.0305517190953126,0.02995386669043853,0.03189997492484554,0.024965597508672988,0.024192261528589297,0.025421709460468,0.022190062789250915,0.02486648924939892,0.017288383590400826,0.016427726558933327,0.011770790965191038,0.015605439432252625,0.01322037673352168,0.009818854149658423,0.004852559867913097,0.008809246951807936
20170331.Fly1.2,2912.0,0.19729358291251942,-0.020412796987158636,-0.01638708228689345,-0.018480843922985678,-0.026474681807068304,-0.028061994066802223,-0.018367729020356275,-0.02613385862131112,-0.030946452939717293,-0.026912508119833038,-0.03337593952849221,-0.028550986911513806,-0.03231803868136831,-0.03537336835348181,-0.03211620588370525,-0.03404673521854383,-0.044728028720054436,-0.039795435752022684,-0.041823682494191466,-0.03564454053081258,-0.03835433060101982,-0.03871625652787336,-0.03976775548279098,-0.04027535016149439,-0.0333931162765614,-0.033953957811947384,-0.04302191788098401,-0.03805308129809561,-0.035311907370704235,-0.034190229260605706,-0.03272305420740493,-0.028021241710672246,-0.023867177083126093,-0.015849344358499644,-0.011316007570867755,-0.0009501987990116574,0.0015120142406890285,0.011736485444982262,0.0314758625143786,0.040162745765443215,0.04303525214006859,0.05146039019942568,0.04872126477739082,0.048791640116470456,0.05547246727290071,0.061508198350795205,0.06735481212376074,0.06195521147195512,0.06982906172674201,0.07389788174015811,0.07326326361304984,0.07811367555284895,0.07423484756174546,0.0717434459905478,0.07433983446326062,0.08072455302084841,0.07220449731265703,0.07843650395208557,0.07609090985301156,0.07704927877781577,0.06821051740425846,0.07655983793349118,0.061645043596547495,0.07437896532768397,0.05735255466481561,0.05276233660317735,0.05363233668857438,0.059319130319764414,0.04866168417849992,0.04801802990380595,0.03738044109690454,0.03574638995264006,0.034691907409875614,0.028043170550669207,0.019558475766032306,0.02043632556529685,0.016759303643085074,0.015594070884891306,0.009370386359731498,0.0036655921760577227,0.013141806327247221
20170331.Fly2.4,2912.0,0.1176450265025173,-0.03381863545122204,-0.03353367268996812,-0.05261498844789985,-0.030804316281828566,-0.03686106329103222,-0.05085686800889167,-0.05118683459449426,-0.03951107817012797,-0.04820808926110141,-0.05184500039309052,-0.0379048475983919,-0.045591362911544725,-0.03752705994946835,-0.053456496033313726,-0.04206986203779914,-0.03580208412007469,-0.03997638681526043,-0.04075728950809614,-0.02005602595177343,-0.03115955453609358,-0.026390484973480254,-0.012116297826593035,-0.01828713210583073,-0.019039968412536797,-0.009262163228280152,0.0013824213798887125,-0.009572060044020121,0.007576567068532403,0.016991922207697588,0.02579318344641156,0.016281941947323682,0.044639461548581484,0.03476270503696061,0.046951362585073764,0.039437265708670934,0.06514701079383975,0.06265840726542711,0.06574262445320445,0.054082665699096956,0.0736581655531367,0.07583402614646587,0.06600762175494566,0.06104529982948487,0.07424976394597083,0.05549175869326445,0.057063789729070016,0.06238116305490281,0.06455728368441985,0.049555409166356805,0.050964309782066335,0.056065624330422045,0.058249659925526207,0.04550575070731203,0.04967298388758628,0.04853463301973014,0.04979696492354811,0.03861936215951176,0.04640019165677147,0.043522332658326834,0.032515382449521374,0.04823178503158787,0.03128929729143833,0.029985264516324408,0.03972768357385115,0.03944650274552456,0.027517075751582597,0.049944095066828745,0.01875424263423538,0.03683530432933244,0.025865418254002147,0.028636771366649556,0.0265176208477065,0.045510763006468724,0.02796198236694584,0.025706595779942266,0.03314260620016034,0.03955978674540314,0.02583349582348684,0.03228076797778945,0.03275478304301303
20170331.Fly3.2,2822.0,0.09469881656452883,-0.00517873297649157,-0.009389980549500791,-0.017753947918841446,-0.01083655587078776,-0.01165402992012921,-0.01648023296142146,-0.01346618230725935,-0.03046997847407459,-0.015444421676596584,-0.020177140850666027,-0.03302779491178629,-0.02316709392812276,-0.03127758404940687,-0.03380668096732001,-0.029847758170889208,-0.04115791447150412,-0.036793428934552085,-0.04564711310087416,-0.02131992532660744,-0.031054112942226875,-0.020868674250865506,-0.038139697455525645,-0.032631426783382364,-0.03121707666920233,-0.03976990555405581,-0.03123033829400587,-0.03914304112717375,-0.0364344586422047,-0.03328494631226778,-0.034562410385839286,-0.024426872922275952,-0.04033923895247583,-0.02654435297446402,-0.024865931370095705,-0.023917669978867302,-0.00920724712603622,-0.023906905295761696,-0.018954574395499763,-0.01617644478381599,-0.018767760443334513,-0.0033835012845706224,-0.017758996807033006,-0.007520542305906127,-0.0019302731105651566,0.004112437325174477,0.006743584108026959,0.007722183071760853,0.008046252716416957,0.011065842544265755,0.015700014971551355,0.020886712761178025,0.01713914775196836,0.02133372199821202,0.0022180754043010726,0.018285296875042312,0.014128174927138484,0.009447817869044446,0.00927033732154541,0.006877755623954361,0.005443577585584104,0.009551818823123566,-0.005679027567404885,0.0011079524636549223,-0.003626070414098831,0.0015793615258589571,-0.012831571534901528,-0.005854702091770428,-0.014147317153353817,-0.014911026292087947,-0.02374680863645199,-0.01965820840796804,-0.023406332486633295,-0.017962623948831784,-0.016900639441904827,-0.013061925784349566,-0.005575250781579458,-0.006562704382891147,-0.01726137650705728,-0.005284714890053194,-0.005629100400600516
20170428.Fly1.1,2912.0,0.026211727859862033,0.009949193036628348,0.007762595906591874,0.016294079247193612,0.01402801287526543,0.012358069714240756,0.020616303976330866,0.02225174500724242,0.022545594679729213,0.02132237892087615,0.022299229674187904,0.023431071025290285,0.019363508505566854,0.018962849859004084,0.015633492001986004,0.01919865338557808,0.013921160731708182,0.017392001751067705,0.016917166137616815,0.01144571532155944,0.009983835514219466,0.008539465602572103,0.014087991860751947,0.008801339589877008,0.007120761545140559,0.00713427940005441,0.009786501179640682,0.008061119293865764,0.0016688571755140245,0.004690529152247171,0.00629112677862732,-0.000700747364346012,0.0013008195757398925,8.54925995890472e-05,-0.00645086855685297,-0.0006807732628675428,0.0006019103986111725,0.00585542483677382,0.015229031237856759,0.023453795132837477,0.022435235995236696,0.017535570721029417,0.02884949097456465,0.02610792103680094,0.019548829081989436,0.022739335606860568,0.024777934742120113,0.026490259949948258,0.03089796782301948,0.035339805845105876,0.035933443457395624,0.03481283784082657,0.037777993908559286,0.0375241577546225,0.036094867985197114,0.03251180295962315,0.023343757343425458,0.02850753129952961,0.022601309055103592,0.020755035306463682,0.01821871520583993,0.019116396550153732,0.01880783183491659,0.02427045577192513,0.014101589661328958,0.019377198255645624,0.008601642061132505,0.021285480871043892,0.01301385116201415,0.016151586767805856,0.007144099626125521,0.010249284316901407,0.00803171416607874,0.0034223823596476297,-0.001256073547551847,-0.004693462427365191,-0.007124451454678334,-0.006852104535122371,-0.005674512977104943,-0.009794161674827339,-0.008854002315008404
20170428.Fly1.2,2912.0,0.09562925405907308,-0.03455175711990184,-0.04340235247231926,-0.04376115742278326,-0.04759408385730269,-0.040269032002481484,-0.02974112173444419,-0.03222497640323974,-0.033043539457621285,-0.035243673243629606,-0.02419516708476195,-0.029831660802425504,-0.025575761633112613,-0.020991656654090484,-0.026485837880294395,-0.0258748784845387,-0.02327047620297442,-0.012468890166091769,-0.017174927098350348,-0.020095094667543206,-0.010047466088562973,-0.01995979665451343,-0.01845906672764127,-0.004448177642925609,-0.007414412434696519,-0.01460019368493038,-0.011275428703111618,-0.00981641089237976,-0.021621306399711458,-0.011732965187106145,-0.012039389544947524,-0.020247417440886616,-0.025823011167974017,-0.03613725920576136,-0.04768890873994318,-0.032924036244980345,-0.037565923670921805,-0.022133907466009493,-0.019052176536279865,-0.0038728461960173457,-0.008889898470904222,-0.014120984720422884,-0.007850275719353353,-0.0018226806972746028,-0.01214398079048566,-0.029784287242771844,-0.01865168421891949,-0.02102043786821714,-0.020958440792076212,-0.02256861530327816,-0.028343276539850425,-0.027216226989488265,-0.03552311189816641,-0.042245272428909575,-0.04442295886185474,-0.04300650902272502,-0.04964730743582377,-0.051316486997985106,-0.05562950616639675,-0.05570708107850761,-0.06413710134985186,-0.05313986297996724,-0.059263767695887926,-0.057901969458401016,-0.054949110140756915,-0.05902144410897315,-0.06794749606038558,-0.05196489193169461,-0.0680784618397433,-0.05752826030436725,-0.060059731678176895,-0.06977586010444962,-0.07254979740874984,-0.06461433975330437,-0.06734963610421234,-0.07741718948808915,-0.06796814862120548,-0.07044840337144703,-0.060624267796984634,-0.06863358399475444,-0.047837802487303724
20170428.Fly1.7,2912.0,0.04057200742743472,0.014950307661156875,0.026740392781844566,0.030486814458504027,0.031060918036047356,0.03876588498992913,0.03979545534491969,0.04829942771051776,0.045151362777240245,0.055795850808308005,0.05397933991470035,0.05419412042417652,0.0581349405526935,0.05778663522986244,0.053808125687292874,0.050338810120327926,0.04400434023679292,0.03871510707540689,0.031165452045461985,0.02991475933454213,0.024364345577291828,0.013948327006664901,0.011875976741608663,0.009801150573374894,0.008195744950247977,0.009371185295790256,-0.0009565844285608846,-0.0036778918840246365,0.0007641356016761225,-0.012545012658636868,-0.008897730272365626,-0.009925914982323461,-0.027173133302152395,-0.021662494217154306,-0.025087148448315395,-0.02669863859508042,-0.029847609050737283,-0.017380459309755854,0.001428371844884582,0.0016546803744120772,0.0033526466031759483,-0.018332892939881204,-0.008862561662850927,-0.024749188931418326,-0.03548380772927019,-0.03357714036166274,-0.034675446169412594,-0.043959851341820254,-0.0425831809964993,-0.04319726200649405,-0.0440908472114677,-0.031108034177604757,-0.04693591015582908,-0.028131847717574324,-0.02448963408137106,-0.019679974521996043,-0.014438010033449272,-0.009764987183918501,0.0005580581174372129,-0.0010013939578568977,0.003622025427270369,0.00878595129330378,0.010529286450363171,0.01939314172529133,0.024212989931239156,0.033610876047748706,0.0403606053825434,0.03758717735698881,0.04741949190171995,0.039870532835793324,0.038974849654953084,0.04125432484845039,0.04495508028706247,0.027435348148583887,0.029642402517166985,0.03185087243916724,0.016259972713439378,0.024282471806727338,0.010735539839539114,0.014432904627708453,0.010437388912733091
20170428.Fly2.1,2808.0,0.07649142439880152,0.0027388276239461613,-0.0021796845837663767,-0.0026548958788470134,0.0031907476350798445,0.005582640381694017,0.0031969272060254055,0.008747472866703387,0.003893224873696622,0.013782980482595663,0.003993917985188663,0.010402545785617659,0.0034411068402162405,0.014678671665119988,0.0027273780389606064,0.01704507427555118,0.00387117812782445,0.014510874684860352,0.005789472610778309,0.016374330123336764,0.0061457987168961475,0.02019828498820007,0.009704020077382143,0.014892122592859785,0.009589487145406743,0.014154538157936391,0.013861561494967341,0.013218350245193682,0.010594575429808137,0.012116398603569434,0.014054816564358384,0.01286512692908896,0.01785552124541285,0.007197762459474599,0.011278707153835993,0.008792571122221482,0.01807414160504753,0.009492203691230196,0.020034151077236433,0.012613815936264457,0.004234125498227615,0.006468969319228357,0.0005304762971302192,-0.007607901280995056,-0.010791722869385345,-0.015311477512136356,-0.015356491518748672,-0.019599411798453144,-0.029547076523608162,-0.02367790282987583,-0.029848833168349305,-0.02440057269908004,-0.03191142013280744,-0.027728289820984266,-0.028303865629219827,-0.027171785718286795,-0.03332694533067008,-0.03449063068167381,-0.03244024534478875,-0.02823571803142185,-0.024406467005095567,-0.023165235310137786,-0.02179228977039091,-0.020820829358519477,-0.02391667285073617,-0.021693607843828334,-0.02701898626296526,-0.023235728157264265,-0.024695134186227513,-0.025786040717667606,-0.03156903518680899,-0.027911549748213763,-0.0331043646556958,-0.025099048715177815,-0.026937315855198957,-0.021025063397686634,-0.019867634996911424,-0.01748142036429429,-0.012756469669753741,-0.022238892721012343,-0.010961864129263792
20170428.Fly2.2,2912.0,0.027009689593466724,-0.0011474245869731916,-0.004291431117842194,0.008276623522520392,0.0051654851349933854,0.004837089809773496,0.006506183929605825,0.010894652249032279,0.012444668201521868,0.01102949953911713,0.015336504826045084,0.010258292585056101,0.019803715652841038,0.013482498069900584,0.004768518480009601,0.01411437874328159,0.009234569601903777,0.01505929150695158,0.007190022001783782,0.012414037463745746,0.004032545030429215,0.013215314568545234,0.0016602791180903268,0.014641546929412793,0.016226543724603235,0.0177102695496755,0.01345561437467213,0.021330849085375646,0.020202058253903678,0.020300149249614652,0.015263401696024213,0.020625641784015866,0.010138500253752802,0.023672532765522954,0.0023514588758946635,0.011343782098132867,0.011302701579031713,0.018373073611111214,0.017651363017299852,0.005794521723874523,-0.017498778382888793,-0.02999819740326464,-0.01944863896522027,-0.011234260641799994,-0.013638362563179716,-0.01516551127379595,-0.00914156387155816,-0.017955683287910702,-0.021437779835620594,-0.02407366692680108,-0.015815654076672975,-0.021037061696391385,-0.013997931811986533,-0.012593900595675611,-0.012212840105314676,-0.010869669718112965,-0.015370105443572205,-0.006605939925252139,-0.017495427349068123,-0.01160336106425122,-0.022552443499746527,-0.023518955279911876,-0.022428578578084165,-0.027625297901690656,-0.015711480528403033,-0.022519817107139187,-0.021664622458722704,-0.02254743521179121,-0.011049064708808053,-0.01837378866943573,-0.016220409039921883,-0.018281597465165896,-0.01249189248978993,-0.019082358575390923,-0.0008837451467036285,-0.0127502702026559,-0.0022509101998242154,-0.007369302326081817,-0.009311241850871725,-0.008658488755746124,-0.009025679621719856
20170428.Fly2.6,2912.0,0.1058326155804743,0.018597924693322346,0.025502180856684042,0.029073349650198158,0.029349055879872098,0.026377362857279693,0.02905847804536378,0.02506379997405867,0.02549194526284516,0.024046859883131835,0.025882709795576376,0.030134022097659717,0.02187909301710979,0.027152875546644122,0.02210290056104275,0.023526382559454717,0.01918230598734378,0.019722938962550944,0.014863442808162129,0.020110948619812146,0.016067312375935023,0.034829113147416116,0.02847868959038171,0.03791834501935801,0.03618597409250052,0.042709870661141416,0.04378332633071086,0.04549526257531011,0.05329657630902036,0.05248562183991366,0.05708899385467429,0.06022477503165101,0.0677047682101783,0.06376170487237078,0.061818217994028285,0.05701339482505358,0.052492435610642096,0.04110725779366982,0.02187612438717,-0.012791474544489112,-0.04346488283648658,-0.042731427524480774,-0.012348193968715433,0.004622814274319387,0.012700417978325652,0.005495208520050726,0.007143031881125719,0.004724709962871559,-0.0010424287417408976,0.0011944310005782464,-0.008858144372119157,-0.009536840658627734,-0.00993013677274104,-0.016671413705651415,-0.022899854580644384,-0.02179563584774244,-0.0207089204252047,-0.020861093156370126,-0.02306366973525014,-0.01741992463869227,-0.020208360996687515,-0.019808287444280048,-0.018870996118240897,-0.018585217962346273,-0.011994713854247434,-0.009724688226667009,-0.0059191911023572606,-0.002306826168723153,-0.0022884224047063067,0.0010729772858580127,-0.0009858337877260742,-0.0032350331799059114,-0.0013547534936887706,0.0015214258355470446,0.0032341828800066755,-0.0003257164597202135,-0.002987379666567364,-0.00474368969189693,-0.0030847280810641186,-0.0030093279268831753,-0.005186917002436392
20170428.Fly3.1,2912.0,0.13934691660937382,-0.022681391335153907,-0.025556607772486514,-0.03276294403390871,-0.018275811127218086,-0.029491600922117188,-0.01313335374170338,-0.029029650222104568,-0.012729999927604325,-0.025368559704850767,-0.018882224942184382,-0.007683818567062296,-0.0056588616298154475,-0.002899523790102221,-0.0058187453867852255,-0.0025185691562085184,-0.0008747496163104291,0.007330809920328096,0.009072276546189691,-0.0002363746813636991,0.014138153456252026,0.006786667659526385,0.01395520191039723,0.019496445813335452,0.020412219224584086,0.01934198855732719,0.022938276067237647,0.02467304073710666,0.02391219839969593,0.0364683706349712,0.03430964347884031,0.04023708539382124,0.03751152576869725,0.037991564507354914,0.04162931883184927,0.04432649178279163,0.03871962796616443,0.03188496814015318,0.024024701763720915,0.006822916361811929,0.0022911354667884028,0.0004645503184055669,0.003910615881359436,0.0016675588249244477,0.005114266254443091,0.002718765218170223,-0.000212723251498962,0.007356690871136554,0.0033700144901570705,0.012183457804371172,0.014794744362090679,0.004228162160944928,0.012416392733053784,-0.0028645827882386836,0.0042065120072610936,0.0022369518517083194,-0.0007403750848280783,-0.003524372180706071,0.008710032091700674,-0.0052824151017929494,-0.0035653899703017786,-0.0027490873831938125,-0.014991644506276545,-0.012452887364421968,-0.003811473296125226,-0.01442214065464854,-0.00998383006724583,-0.013928528958495438,-0.006727969237335882,-0.012071108620194584,-0.008262746978976774,-0.013756466227943243,-0.019970943461884404,-0.01121612427559439,-0.026296620602399526,-0.01815563147614578,-0.023987140698111413,-0.01617734311031971,-0.025952869294719738,-0.020299028791317182,-0.019348393951381892
20170428.Fly3.2,2912.0,0.24981217874536088,-0.004773373872924182,-0.00643562924713359,-0.011549672847299186,0.0036371407408401085,0.0025914907406888246,-0.0037785778558162425,0.0071148283137107745,0.0019567314304191497,0.00611490171138268,0.0032159885877373895,0.008085453347880623,0.008586113154542132,0.011584760696129244,0.014790181632971022,0.016734799514691947,0.020004279063700052,0.02290563484535645,0.02678838111012072,0.032924011973178534,0.03334775895576745,0.05025296234186005,0.035388160040433686,0.05173800210747055,0.03436068342723844,0.044639370384793056,0.04363967696944427,0.05701148108553347,0.05308109596361091,0.052440859332036974,0.046519476683701794,0.060305338292026195,0.06304483925137591,0.05600745697452701,0.06104441825211253,0.06348268586260436,0.03628345602322733,0.0386291043055457,0.017481735341284742,0.005674156779374415,0.009679642803300883,0.012790824837128774,0.0063422127636798345,0.010589812717099793,-0.012838553803259468,5.751387642398409e-05,-0.007913622586536178,-0.00671910397490127,-0.008109879128688574,0.002610096463990519,0.0016720403147559085,0.0006840155809063626,0.0010598074293360193,0.006213761597633486,0.014513525881724325,0.007399546059927214,0.019475709591987633,-0.0030694951123576043,0.010173154023515495,0.005937608717716737,0.022594394569432925,0.01340468305667834,0.012519639777391598,0.012771164099095487,0.0016310818707358354,-0.006537457635372055,0.002303121739463119,-0.007551950734748666,0.010538052038511343,-0.007173816998415814,-0.00757486783595129,0.009911207720459576,-0.022510105564862357,-0.002257671433702547,-0.01818865181839465,0.01333724270469833,-0.002590567225071661,-0.0037272801122875815,0.0038516816372353106,0.0013317384093213674,0.005904817884709361
20170428.Fly5.1,2912.0,0.057664862164534036,0.037268626702319806,0.04940184287387571,0.04839358659344161,0.05115257623326427,0.05868446766734962,0.06506946863095366,0.06691878713893473,0.07370087503370788,0.0735725863401359,0.08041302486449263,0.08019184990451965,0.08052339123516047,0.08964138476995334,0.07944679095563678,0.09052857065018237,0.0804658615350923,0.0822702392131607,0.08187775036437561,0.08166886183772551,0.07862138050833856,0.07546938644411176,0.07010628654305961,0.0639146247848346,0.0603266736396313,0.05573621896358058,0.05204966103816856,0.044176239271037,0.040698434577834286,0.0282047631429817,0.03077712691847083,0.018510958842420315,0.02230913427991616,0.016592958446064746,0.014677130484212625,0.004256436984494835,0.0003713365013823678,-0.011617486814142045,-0.019724203872708183,-0.03687320065782627,-0.0463176871531378,-0.050029411094577335,-0.04259078263270241,-0.043200614362616345,-0.050815413953414865,-0.05628851746654645,-0.06142597652717777,-0.06311652500155392,-0.06648225022041471,-0.06405482813789777,-0.06978174003026304,-0.07076572595009681,-0.075472857091123,-0.07459258211916303,-0.06722631780288507,-0.06858374227361914,-0.07043341941274091,-0.06482294792923718,-0.06138879230673759,-0.05684092906299031,-0.05386250925812653,-0.05000328578260012,-0.04929505113940538,-0.04578145331194205,-0.04173525598595554,-0.039767404423654826,-0.04136582664673393,-0.036086699918598246,-0.044991451603956026,-0.03074839335537376,-0.042423332487545644,-0.03632060258041439,-0.03354271992684508,-0.03517634038575238,-0.029533557125031258,-0.028094293849786182,-0.028231594281241883,-0.027799570216752653,-0.03105069246614978,-0.028865641393158496,-0.022738715109135207
20170428.Fly5.2,2912.0,0.1505287770815832,-0.0073949424957117475,-0.0060051756463457544,-0.002149474835452296,-0.0015866602197653536,-0.0012845191303329732,-0.0014634838286883686,0.011062528589098855,0.0010605682744024153,0.007676528168821889,0.010180416400429541,0.010021650485592616,0.01687623833430671,0.01093516850026528,0.022287047500053003,0.012220256285443386,0.02152827388637349,0.027563544727768174,0.029573404280134944,0.02742073676662892,0.04333801148898436,0.04162991097233397,0.03867247336941586,0.046726126280716755,0.051280629878565305,0.056637686906143465,0.0499458589672252,0.04731878436554439,0.051022494105857547,0.04808680998481667,0.04389602108306334,0.04521139151777066,0.04530251187787424,0.0413076119891567,0.03966285717751782,0.03999907566465067,0.031986696010898194,0.030234650454196904,0.026409864787959744,0.02376709745361781,0.015337187053029158,0.013568555791260354,0.02023007018382743,0.029215778483951533,0.026725848501601285,0.023449446104130897,0.030584803206992996,0.025790334572339996,0.027467367645008962,0.02643753428656504,0.02891444071460228,0.026128751879913866,0.02807482374178349,0.03003099761054751,0.02912528237303258,0.02750902332844384,0.025345294306953123,0.02933995532054596,0.028152790581905673,0.028795034598642112,0.03309046949698336,0.024819605193619892,0.0366648747221691,0.030346728289897266,0.03598711531121919,0.029143670538412388,0.03436182651999803,0.03621984409261134,0.03346258157895917,0.03344235504589015,0.028696816875037348,0.033869237352341854,0.027590042954738096,0.031737692951587036,0.02889667579985714,0.037012128426979374,0.03146559528082006,0.03892993118897445,0.03365238628209764,0.03660848206093435,0.027934291459531368
20170428.Fly5.7,2704.0,0.07187787641344967,-0.001936073621489738,-0.010744545247707064,-0.0071399457463786845,-0.010296789277832211,-0.009938044896449175,-0.01009588856227498,-0.01170321054055882,-0.01320934794971883,-0.012914619613891381,-0.02589706146560512,-0.023917230582705687,-0.03194236462033839,-0.02757643317152448,-0.031246094139789998,-0.029025976591806994,-0.02885271963863477,-0.026989803149999915,-0.0328764676882708,-0.0272720859238947,-0.02998024304771002,-0.02313251044814026,-0.0311193748180228,-0.015893754197698125,-0.017432736820470834,-0.015033883361030429,-0.013133852143798582,-0.009710873235247976,-0.008740734051755787,-0.003927505928081112,0.00043288235213625754,0.016661593683656873,0.010922664690517706,0.016805139469683317,0.022349684857196708,0.008570414424098111,0.03476933727458596,0.02536028117906501,0.03387508447305636,0.02837876183401983,0.039358958614488015,0.042293774498198586,0.060021327485228725,0.053761893131656906,0.050216546656808685,0.060750959360218224,0.048710813149806624,0.06267306280380255,0.05571441782605062,0.0623617414764961,0.056053677650785186,0.05864783061151915,0.060641064812623914,0.05269298865067861,0.06021413501561709,0.03834999747880989,0.038882775270334444,0.036166266348095485,0.02913640428172489,0.017894134192323538,0.013526282590658596,-0.0015130150018368253,0.0008894108614936926,-0.004006189154124373,-0.017628832587054284,-0.015729804821193134,-0.03478005285418105,-0.015189035236121421,-0.03772827934766257,-0.04936071131997893,-0.04163604705405659,-0.046770570536951654,-0.05026091281896225,-0.05586936030138755,-0.05834915405516017,-0.06463677782523596,-0.05980396758727543,-0.07116901949865886,-0.04973101485258748,-0.06530871394538378,-0.04842712180205563
