BEHAV,DAN,20180413.Fly9.2,20160526.Fly1.1,20180402.Fly1.3,20160118.Fly1.2,20160118.Fly1.4,20160118.Fly1.8,20160118.Fly1.6,20160118.Fly1.3,20160118.Fly1.7,20160525.Fly6.1,20160525.Fly6.2,20160531.Fly2.3,20160531.Fly2.2,20160531.Fly2.1,20180313.Fly2.2,20151230.Fly1.1,20151230.Fly1.3,20151230.Fly1.2,20160210.Fly2.3,20160210.Fly2.2,20160205.Fly7.2,20160205.Fly7.3,20160205.Fly7.4,20160205.Fly7.1,20160211.Fly3.1,20160211.Fly3.4,20160211.Fly3.3,20160211.Fly3.2,20160525.Fly5.3,20160525.Fly5.1,20160525.Fly5.2,20160526.Fly2.1,20160614.Fly1.1,20160614.Fly1.2,20160614.Fly1.3,20160614.Fly1.4,20160211.Fly5.2,20160211.Fly5.1,20180208.2.3,20160205.Fly6.1,20160211.Fly2.1,20180307.3.2,20160628.Fly5.1,20160628.Fly5.2,20160628.Fly5.3,20160524.Fly4.1,20160203.Fly8.4,20160203.Fly8.1,20160203.Fly8.2,20160203.Fly8.3,20160203.Fly8.6,20160614.Fly2.2,20160614.Fly2.3,20160614.Fly2.1,20160205.Fly8.1,20160205.Fly1.1,20160205.Fly1.3,20160205.Fly1.6,20160205.Fly1.4,20160205.Fly1.2,20160205.Fly1.5,20160614.Fly3.4,20160614.Fly3.2,20160614.Fly3.1,20160524.Fly1.1,20180306.1.4,20180420.Fly7.2,20160628.Fly1.2,20160628.Fly1.1,20160628.Fly1.4,20160628.Fly1.3,20180418.Fly3.1,20160628.Fly3.1,20160628.Fly3.2,20180305.4.3,20160203.Fly4.4,20160203.Fly4.1,20160203.Fly4.2,20160203.Fly4.5,20160203.Fly4.3,20160524.Fly2.1,20160524.Fly2.2,20160524.Fly2.3,20160202.Fly1.3,20160202.Fly1.1,20160202.Fly1.4,20160202.Fly1.2,20180403.Fly2.2,20160601.Fly2.1,20180403.Fly5.2,20180328.Fly5.2,20160601.Fly4.1,20160525.Fly2.2,20160525.Fly2.1,20160210.Fly1.3,20160210.Fly1.4,20160210.Fly1.1,20160210.Fly1.2,20160119.Fly1.4,20160119.Fly1.2,20160119.Fly1.1,20160119.Fly1.3,20160614.Fly4.2,20160614.Fly4.1,20160118.Fly4.3,20160118.Fly4.8,20160118.Fly4.4,20160118.Fly4.5,20160118.Fly4.6,20160118.Fly4.2,20160118.Fly4.7,20160118.Fly4.1,20180420.Fly4.1,20180313.Fly4.1,20160601.Fly1.2,20160628.Fly2.4,20160628.Fly2.3,20160628.Fly2.2,20160628.Fly2.1,20180413.Fly5.1,20160118.Fly2.4,20160118.Fly2.5,20160118.Fly2.2,20160118.Fly2.6,20160118.Fly2.1,20160118.Fly2.3,20160201.Fly2.1,20160201.Fly2.7,20160201.Fly2.6,20160201.Fly2.4,20160201.Fly2.5,20160201.Fly2.3,20180402.Fly2.1,20160119.Fly3.5,20160119.Fly3.2,20160119.Fly3.4,20160119.Fly3.1,20160119.Fly3.3,20180220.3.3,20180413.Fly10.1,20180418.Fly5.2,20180303.1.3,20160130.Fly3.2,20160130.Fly3.6,20160130.Fly3.7,20160130.Fly3.1,20160130.Fly3.5,20160130.Fly3.3,20160130.Fly3.4,20180420.Fly5.2,20160525.Fly3.1,20160525.Fly3.2,20160524.Fly3.1,20160525.Fly4.1,20160525.Fly4.2,20160525.Fly1.1,20160525.Fly1.3,20160525.Fly1.2,20160210.Fly3.2,20160210.Fly3.4,20160210.Fly3.3,20160210.Fly3.1,20160628.Fly4.2,20160628.Fly4.3,20160628.Fly4.1,20180420.Fly1.1,20180420.Fly6.1,20180305.1.2,20180305.1.1,20160211.Fly1.2,20160211.Fly1.1,20160205.Fly3.1,20160211.Fly4.2,20160211.Fly4.1,20180305.2.3,20180313.Fly3.2,20180313.Fly3.1
Motion,G2,-0.1796816694898684,NaN,NaN,NaN,-0.9694804067383569,-1.6558406028590031,-0.7572855441362838,-2.105618933427273,-1.0180667309727762,-4.843551656010857,-0.19896084675809922,NaN,NaN,NaN,NaN,NaN,NaN,NaN,NaN,-2.3354352469763184,-1.0283133674914353,-0.25983841198836943,-0.23112817044878176,NaN,NaN,NaN,NaN,NaN,-0.24871271121381078,-2.2074007928444606,NaN,-0.09501922835161669,-0.1226617920039823,0.19949789603278656,-0.06030730147948038,-0.07163995335615625,NaN,NaN,NaN,0.1455718055879116,NaN,-0.27352427465341544,-0.30935747442887895,0.06596123866550752,0.008769249176870941,NaN,-2.240350813532753,0.0465111127778125,-0.2858159619373408,-2.5341336546805793,-0.8238895630646559,-0.12419507046498479,-0.08969303717572652,-0.0576047250153513,NaN,NaN,NaN,NaN,NaN,NaN,NaN,-0.06220208786245074,-0.08525153054936263,0.19415628032432697,-0.060006182149329845,-4.928199224948984,NaN,NaN,NaN,NaN,NaN,0.09082781229377312,-20.631284627410356,NaN,-0.38146649054601056,-0.5411992195061934,-0.19991801358185213,-0.6291598028112002,-0.14942097884288708,-0.8060417078229267,-0.07255399207075985,-0.0851279128207787,-0.1511058891081436,-0.07173857196961575,-0.018459991012166777,-0.046800135969333745,-0.03100118976886601,-0.16226192593999822,-0.09981680012399963,-0.11823327738698208,-0.08733835913342625,-0.05918259122991887,-0.20795405178352233,-0.017292516249638012,NaN,NaN,NaN,NaN,0.013022516041235055,-0.3885339864748252,-0.5694079144934652,-0.11531854396796382,NaN,-0.1318144848967726,NaN,-0.20287863099588055,NaN,NaN,-0.5455107839008417,NaN,-0.30828343273178427,NaN,-0.7796563153744931,-0.13488035197224812,-0.05541987013843297,-0.25203340106616134,-0.26795586476051314,-0.4758341619030817,-0.27818487722616325,-0.13558472765614304,-0.03773728918212216,-0.04431372206006423,-0.12962431273091557,-0.05612450588601847,NaN,-0.2085088195675937,NaN,NaN,NaN,NaN,NaN,NaN,-0.13362302362457879,NaN,NaN,NaN,-0.5395281280101327,NaN,-0.05126583667465745,-0.24753507990468981,-0.04846393629575885,-0.2322207897579729,NaN,NaN,-0.4673136342067392,-2.9759494214413005,NaN,NaN,NaN,-2.17827317307577,0.04521762928258255,0.16618326477120893,NaN,NaN,NaN,-0.18770318569670064,-1.2313605615713357,-3.334221310787167,-1.8865532082007177,-27.652272790563316,-0.8723818310715565,-0.15849450918188412,0.07051818636852558,0.1124708354157713,0.26837406211443304,-0.4208829041015312,-0.2617551213278866,-0.8749927875068815,-0.1772626278473448,NaN,NaN,-0.09707036301919159,-0.4729191365642045,0.1402748597531085,-0.134329601172277,NaN,NaN
Motion,G3,-0.17387167725918773,NaN,NaN,NaN,-0.9857815034379891,-1.3249442430576313,-0.6034302865670755,-1.8456531565224,-0.4445622677705774,-1.142856243012151,-0.09584500158427756,NaN,NaN,NaN,NaN,NaN,NaN,NaN,NaN,-2.5451460836027677,-0.6867832763229975,-0.010947716226471726,0.009864538647212484,NaN,NaN,NaN,NaN,NaN,0.30210011186959695,-2.9920149371405245,NaN,-0.13801238274719085,-0.13613887698263438,0.05750570238101571,-0.17628542885040788,-0.01314221935669524,NaN,NaN,NaN,0.2099639073326829,NaN,-0.21675927884953383,0.21955379929910068,0.22631856252140903,-0.045917558779786205,NaN,-1.7447387587694076,0.08016153970185258,-0.30891320826880797,-3.1571834389182154,-0.8156467697289433,-0.3371287285852469,-0.04716908188179514,-0.22211739857311197,NaN,NaN,NaN,NaN,NaN,NaN,NaN,0.057375049080825136,0.02119740726806596,0.32013631307097357,-0.3418516779638552,-6.936778405565794,NaN,NaN,NaN,NaN,NaN,-0.1359807351151776,-15.282766097869374,NaN,-0.394953666300663,-0.6195685150653174,-0.4140402618346708,-0.4818338295716804,-0.15198720699731738,-0.5571551458698523,-0.0365827768993785,-0.11178808101942384,-0.11198713314506592,-0.11874545198307973,-0.0445861814984565,-0.08304157806798895,-0.05143900830013082,-0.22817240630532187,-0.08496763114378525,-0.14102714336507827,-0.13565766950086244,-0.10963916007617236,-0.03656249789962995,0.1446127139090566,NaN,NaN,NaN,NaN,-0.08145096742573599,-0.37394523008780944,-0.6418645582408755,-0.20254154327508544,NaN,-0.16317251116733122,NaN,-0.2272359109167159,NaN,NaN,-0.4145229244912858,NaN,-0.1975812643833279,NaN,-0.8134972223621302,-0.12487251820524414,0.06381431265287141,-0.08882941264222377,-0.25818151047969806,-0.24017744237606786,-0.2794789974933447,-0.09665022233818199,0.27087119300433904,0.3216879999273662,0.0009622709943408747,0.14283963375527964,NaN,0.12760520207657455,NaN,NaN,NaN,NaN,NaN,NaN,-0.05167278377607598,NaN,NaN,NaN,-0.13516122235854677,NaN,-0.12480400907308176,0.07678356327803126,0.09856183489882575,-0.07898637222015537,NaN,NaN,-0.37622383108681756,-4.936713023950668,NaN,NaN,NaN,-1.765499228795353,0.015362078482188402,0.02828808084536949,NaN,NaN,NaN,-0.31243225247919515,-1.2248666547152394,-2.9752126595415773,-1.1359005846239607,-28.28026194655517,-1.1408179785667474,-0.3174977464518689,-0.11382495946917093,0.04946424609333788,0.4534336939828013,-0.37116557922411997,-0.35932765638430597,-0.6657918310946027,-0.37738344135233826,NaN,NaN,-0.016710795670346057,-0.3537773402237261,0.01752397888969992,-0.1127362740041995,NaN,NaN
Motion,G4,-0.200506584231688,NaN,NaN,NaN,-1.1910906272713726,-2.0019831347738988,-0.6164338470019963,-2.4451193927207417,-1.1757527147006361,-5.176735796528755,-0.3330706152848275,NaN,NaN,NaN,NaN,NaN,NaN,NaN,NaN,-2.677034051169509,-1.00994286629994,-0.04490737842146442,-0.018925065349327808,NaN,NaN,NaN,NaN,NaN,-0.4786326886241228,-2.2417587376087393,NaN,-0.08755721654168669,-0.18312413958402662,-0.13130015689373176,-0.11484555452754575,-0.1561798576728497,NaN,NaN,NaN,-0.08999457608226402,NaN,-0.17660816917320687,-0.33790074282681193,-0.0887620247271339,0.010506015145425818,NaN,-2.5951822416837738,-0.030319292053342606,-0.35854473645039664,-2.770171125262425,-0.7266219236384206,-0.3385184775813319,0.07286051043927,0.06730919772908772,NaN,NaN,NaN,NaN,NaN,NaN,NaN,-0.1169010676608313,-0.1334975250359276,0.22908284815334312,-0.6142321266595241,-3.926573459289286,NaN,NaN,NaN,NaN,NaN,0.16932947743871218,-12.447919108984587,NaN,-0.37533262227215203,0.04029937013165252,-0.034919859777704954,0.025123563531245008,0.30325577204878507,-0.19181402454358754,0.127090736789638,-0.10698764117398296,-0.1492505018274657,-0.04214191929823374,-0.03323134839829622,-0.08313527360338413,-0.10669771980041443,-0.19993976151462234,-0.007323427492653911,-0.09407047972400684,-0.1694278523286994,-0.0847892458586077,-0.19398244794703268,-0.1643630092063244,NaN,NaN,NaN,NaN,0.02960386903194201,-0.46405849675937816,-0.2734598170849383,0.020934720219097924,NaN,-0.19607884686038668,NaN,-0.1818594099413129,NaN,NaN,-0.474380428874817,NaN,-0.23238940417298193,NaN,-0.6284449295393062,-0.12543295095380058,-0.06654418301138332,-0.22399636581143145,-0.29181282388961405,-0.22159362811107086,-0.18279010641372162,-0.17572110649968864,-0.1779179867981424,-0.3140381597566029,-0.4892283599194318,-0.07304511324699425,NaN,-0.2027055266279525,NaN,NaN,NaN,NaN,NaN,NaN,-0.09770783537358785,NaN,NaN,NaN,-1.0733313542603815,NaN,-0.0435645969858558,-0.10293879318414012,0.02075058845864952,-0.167967700371505,NaN,NaN,-0.48711430717054127,-7.567814192582334,NaN,NaN,NaN,-1.7362418051110673,-0.06958765724867266,0.0287493587487484,NaN,NaN,NaN,-0.5155792384193267,-1.0012345030050072,-3.393068853794472,-1.936413829521904,-31.67211418782521,-0.918200998447771,-0.22904913663420046,0.059860392612902436,-0.003354052062688462,0.038802730270502295,-0.5327967303814867,-0.2842942093679717,-0.8693465750261691,-0.07347903377653542,NaN,NaN,0.10428659656336547,-0.41210079345488904,0.49392185511088915,-0.15579588925736032,NaN,NaN
Motion,G5,-0.045773688520607037,NaN,NaN,NaN,-1.1469362309623659,-1.7316702272031792,-0.7823669717811079,-2.0547038805341247,-0.948187463966188,-3.6644667259461023,-0.2276631272724492,NaN,NaN,NaN,NaN,NaN,NaN,NaN,NaN,-3.4153701681512354,-1.0579144568669654,-0.21833474789316543,-0.04671701798136452,NaN,NaN,NaN,NaN,NaN,-0.3594362884200011,-2.89575090221616,NaN,-0.14061527633500193,-0.1709713124729273,0.17300710617425918,-0.13807218092798523,-0.17016424262181862,NaN,NaN,NaN,-0.015517215829055964,NaN,-0.31356527980467486,-0.46612763365921506,-0.03746264294767809,0.17617288743795168,NaN,-1.8357533709950995,0.26512616668034017,-0.3340818564255654,-2.819197492264016,-0.8355194280015241,-0.257578348125608,-0.14579813979510114,0.001960269522994773,NaN,NaN,NaN,NaN,NaN,NaN,NaN,-0.10402463923891658,-0.14509216084464804,0.3041471747243125,-0.5594722920888722,-5.768756854621766,NaN,NaN,NaN,NaN,NaN,0.5303094620556348,-16.334093928536504,NaN,-0.4181689150047838,-0.9135827510128562,-0.26282904800893325,-0.3650628063717467,-0.08663808148115404,-0.4123141901040479,0.09802266142183047,0.04290087099719797,0.0168747308634426,-0.05760930175987,-0.010578887920387636,-0.09371212719421029,-0.10925430888843435,-0.06284123306133749,-0.007751591497504151,-0.09614978766338655,-0.12654285872087567,-0.06285246448699278,-0.1486035692779737,-0.14865812795409772,NaN,NaN,NaN,NaN,-0.07201741531494754,-0.3412045956619536,-0.339909835178841,-0.18043127495753875,NaN,0.21742241948960428,NaN,-0.17831756254950948,NaN,NaN,-0.37469256620586133,NaN,-0.08895582727686291,NaN,-0.9914179824139455,-0.15852017906947102,-0.05012196434340033,-0.29393699280374097,-0.20438931547690742,-0.09691455718492858,-0.24710388311524634,-0.1861851195906914,-0.06672094748663149,-0.4030083855871247,-0.24335266476768314,-0.033662422054171914,NaN,0.06167851363488852,NaN,NaN,NaN,NaN,NaN,NaN,-0.14618367031751522,NaN,NaN,NaN,-0.19494487514610315,NaN,-0.0023349592606491942,-0.20811019855208346,-0.016532909556816078,-0.22993046939690198,NaN,NaN,-0.6047096914950836,-8.299844594073301,NaN,NaN,NaN,-2.217202290997542,-0.044024267739712686,-0.060891887586655535,NaN,NaN,NaN,-0.4939669837790932,-1.2043910467780647,-3.509856729877006,-1.9332576595009918,-31.855738705218556,-0.9396342002821869,-0.32864971192089976,-0.07984668289731967,0.020892590550161017,0.032589402081538155,-0.5492095379771962,-0.34789243222654376,-0.9054765506142337,-0.18221587102788583,NaN,NaN,0.0007153048747718938,-0.4627755812579004,0.3792677164183066,-0.15562049426211444,NaN,NaN
ForVel,G2,-0.06775809094699081,NaN,NaN,NaN,-1.1976957214122383,-1.8021224035668406,-0.7706828888934276,-2.407036912769157,-1.0482352300686744,-4.26397169690126,-0.21298149439315583,NaN,NaN,NaN,NaN,NaN,NaN,NaN,NaN,-1.2266591344357485,-0.51467295956013,0.028086492362530358,0.023520269124511883,NaN,NaN,NaN,NaN,NaN,-0.4055232296433171,-2.7427824348720686,NaN,-0.056625322977746695,-0.09145065183248913,0.24332263706667734,0.0721239863039621,-0.07927479056050157,NaN,NaN,NaN,-0.1269658852080251,NaN,-0.23269893165247502,-0.6612855243507145,-0.10711002990308804,0.10526671087618222,NaN,-2.243118171418271,-0.07761549422765612,-0.3093773277580578,-2.291296717148322,-0.2995205166885564,-0.25072788008331925,-0.030679163697226786,0.25705246005904325,NaN,NaN,NaN,NaN,NaN,NaN,NaN,-0.021811721275987406,0.05108238753007133,0.2556153538963438,-0.503947459853247,-1.680882865241398,NaN,NaN,NaN,NaN,NaN,0.45242635367234574,-20.747865704992414,NaN,-0.18168483935403978,-0.6085057027833185,-0.13681030474428302,-0.6116370627053986,-0.09466188607752768,-0.6600655157103086,0.11648751959538317,0.03570170453473631,0.008007816478298846,0.030954733146123736,0.1208642840468781,0.21658767012896962,0.007937954040986739,-0.11322446980074852,-0.04704821694205785,-0.011304087583139832,-0.032170498305227335,-0.08393661518554585,-0.13968456534448337,-0.09016457635561292,NaN,NaN,NaN,NaN,0.35315311425494367,-0.10902739740541856,-0.012728284313632487,0.2185593019210812,NaN,-0.03177429378182439,NaN,-0.17608628161080264,NaN,NaN,-0.4300418877704899,NaN,-0.3040621674592876,NaN,-0.558359626895131,0.03324122863314538,0.01638026803118131,-0.1967145995579076,-0.09184090421335411,-0.39839695004102693,0.00256200756618441,-0.015140786540133178,-0.07564826645426792,-0.06738818936026414,-0.22091065606096927,-0.106231229747906,NaN,-0.27529465033320966,NaN,NaN,NaN,NaN,NaN,NaN,-0.027820425802569604,NaN,NaN,NaN,-0.7064603479721046,NaN,0.3669306057316575,-0.07894237707968577,-0.11592239521040737,-0.20809026117846874,NaN,NaN,-0.36349589779009306,-3.562742345484544,NaN,NaN,NaN,-1.1675649203096006,0.18404296505937545,0.14456806086708018,NaN,NaN,NaN,-0.5429585558262819,-1.1754486451471653,-2.510667100264466,-1.3724976092419543,-23.496184936476382,-0.572121835275736,-0.19278720997418008,0.43845561624130913,0.41589564335625595,0.23934556222230585,0.24806514844569405,-0.1934031436958028,-0.5095003632851349,0.07627159473334766,NaN,NaN,-0.02265432467081019,-0.4374936004447447,0.017160607932449223,-0.05742535151620243,NaN,NaN
ForVel,G3,-0.014572987114310765,NaN,NaN,NaN,-1.3426006672613142,-1.6601254762384614,-0.6707444799634863,-2.1132025111259356,-0.5923072444245145,-3.364332782915345,-0.13970610801871985,NaN,NaN,NaN,NaN,NaN,NaN,NaN,NaN,-1.445876029826473,-1.0069286474700458,-0.01849719641979375,0.37816863772990694,NaN,NaN,NaN,NaN,NaN,-0.3338398122769819,-3.058201129527709,NaN,-0.12384076345762618,-0.16161104404436544,-0.0717291733485741,-0.19528996904396467,-0.09560797011653177,NaN,NaN,NaN,0.10763594120016895,NaN,-0.09152362789471757,-0.5308752315190108,-0.10413720976723972,-0.14686878762340183,NaN,-2.097378962439643,-0.06925004614689456,-0.3050829590619384,-3.1534144713505077,-0.6181234908858371,-0.22991623287071272,0.0036020000779972694,-0.01173791943787128,NaN,NaN,NaN,NaN,NaN,NaN,NaN,0.2976104372428984,0.05025743629164292,0.24570135875207277,-0.7079188424201206,-6.864136670972115,NaN,NaN,NaN,NaN,NaN,-0.07682333790978824,-19.42459370130894,NaN,-0.31195753981716057,-0.6816380805684092,-0.3941437000865333,-0.6837484874724296,-0.028275468930776926,-0.706407996276682,-0.06777431263432843,-0.09175717514494086,-0.02507047204421342,0.10925737357035781,0.39307013005661895,0.052886066248087116,0.3757779400204987,-0.225627752765323,-0.041402337155696856,0.03958988508719952,-0.0018552875626167697,-0.029098076613297996,-0.1925684655005202,-0.1573281776508173,NaN,NaN,NaN,NaN,-0.06653028080014667,-0.2090289725734864,-0.5186542730250199,-0.16910029353893297,NaN,-0.11021665864634778,NaN,-0.23282577314201935,NaN,NaN,-0.479085672382503,NaN,-0.23185086321090775,NaN,-0.5747436439900926,-0.13512422113405398,0.08939048789990778,-0.2536236530580671,-0.24052937345296366,-0.4150357616339073,-0.15577798788387764,0.08142996932786795,0.07575655160382355,0.17094077299434174,-0.19688628117158724,-0.011514422000216351,NaN,-0.04804785896264674,NaN,NaN,NaN,NaN,NaN,NaN,-0.007159232015256478,NaN,NaN,NaN,-0.40259139561789636,NaN,0.0697101920822546,0.19673827664675603,-0.032066996157968264,-0.07874212136849223,NaN,NaN,-0.40473770506926376,-5.044606971292976,NaN,NaN,NaN,-1.2565825746618051,0.18191266633111491,0.14478286351514047,NaN,NaN,NaN,-0.5094699536484932,-1.0900090490076333,-2.0266068106095223,-1.543057529858301,-26.76179251302503,-0.8456451264626983,-0.35468624542206695,-0.06966020498048886,-0.06521856027086326,0.16957036799890846,0.17637309624872188,0.024936049132038396,0.009698053658106498,-0.15717751318056594,NaN,NaN,0.16491274551776314,-0.27952456763370215,0.03423351504132477,-0.078146309483063,NaN,NaN
ForVel,G4,0.017307017684025983,NaN,NaN,NaN,-1.2801544571475132,-1.675734873927233,-0.6076616485393764,-2.0518341182527875,-0.9271650244560661,-5.685481574900165,-0.3046423245252563,NaN,NaN,NaN,NaN,NaN,NaN,NaN,NaN,-1.6315487422379737,0.1305260251813002,0.5233693606222463,0.5959453481854833,NaN,NaN,NaN,NaN,NaN,-0.1378998944914771,-1.8606741208139659,NaN,-0.050936994793010504,-0.17081307684839508,-0.1330387455416615,-0.05281892733684379,-0.13011045193048854,NaN,NaN,NaN,-0.014297625293697491,NaN,-0.11794862336705703,-0.5740977439169321,0.1519058939022807,0.5100727626040686,NaN,-2.655006817567832,0.04341775300154038,-0.34881196738377573,-3.007655131969978,-0.5912222207087574,-0.06682809858931793,0.31886704300604485,0.22292965348088023,NaN,NaN,NaN,NaN,NaN,NaN,NaN,-0.04347344588814517,-0.12796210746653247,0.29704952828608866,-0.8243919238121824,-1.6794480100825,NaN,NaN,NaN,NaN,NaN,0.3727244490545314,-24.030521655487075,NaN,-0.17318674608141627,0.0939333057304037,0.30648891235026,0.31477831517436317,0.45608609321995486,0.21141999761089814,0.15621876339202623,0.02283145229553607,-0.023927447400315938,0.024119490098602037,0.2524145796087647,0.18136914055393094,0.012328565083219889,-0.10440242553838153,0.2640036641248146,-0.03480947812100177,-0.09903862192980761,0.02302349730497366,-0.13011564867373338,-0.02522760741571739,NaN,NaN,NaN,NaN,0.06215569347403904,-0.01594735688536897,0.004191397367237948,0.306480074662831,NaN,-0.11957693234017808,NaN,-0.13245764500643342,NaN,NaN,-0.41153724794867763,NaN,-0.2119113325905566,NaN,-0.35530175999948566,0.009669313480122566,0.01018027883679784,0.19917007813693632,0.11782887344005089,0.3494984749777523,0.05683955006067265,-0.07653451217233442,-0.21479642157098233,-0.29946764189416775,-0.4347063831487352,-0.05956552088229583,NaN,-0.2557378335301903,NaN,NaN,NaN,NaN,NaN,NaN,0.01843835824237361,NaN,NaN,NaN,-1.2094045044647732,NaN,0.2912506844405742,0.34034800473793025,0.15349947004104547,-0.13948714272074425,NaN,NaN,-0.44578989012392967,-8.242435990149758,NaN,NaN,NaN,-1.5293504957003705,-0.010554506714474998,0.014501141942935947,NaN,NaN,NaN,-0.5919410297932026,-1.2026133306381244,-1.73075799485181,-1.2273159026956466,-21.42417569258765,-0.38629189594924473,-0.08884282345377903,0.25526105500760143,0.3666291724342794,0.22467573608521285,-0.24294320335514263,-0.15946968042509413,-0.5279900356749128,0.24630007939019416,NaN,NaN,-0.097895454080974,-0.27214504718383226,0.4015022992551954,-0.13270004477934183,NaN,NaN
ForVel,G5,-0.0073742084405372665,NaN,NaN,NaN,-1.4833841437063513,-1.6235450060462586,-0.6867495257182454,-1.8498413200085588,-0.9006923122609831,-3.9972075422982325,-0.2911988024761867,NaN,NaN,NaN,NaN,NaN,NaN,NaN,NaN,-2.4532386057934694,-0.31247595311010823,0.13190359367522841,0.3765248661102021,NaN,NaN,NaN,NaN,NaN,-0.28726480132628907,-2.370281101406566,NaN,-0.09059151157219292,-0.14120684470101486,0.06814770241116064,0.07463842373204577,-0.09637645510044868,NaN,NaN,NaN,0.0356993519890042,NaN,-0.24074952795844706,-0.6857393131362162,-0.014143555258405938,0.25558652385735925,NaN,-1.8571864463427774,0.23168175503333455,-0.3373144891630242,-3.103379707048793,-0.4652879151842164,-0.0619796518389617,0.030207949616292362,0.11508996566042062,NaN,NaN,NaN,NaN,NaN,NaN,NaN,0.05928537217155494,-0.06290166323332347,0.38723582008748303,-0.4830959457656374,-5.107120478633923,NaN,NaN,NaN,NaN,NaN,0.562976244987748,-22.546285254827374,NaN,-0.37734822241347254,-0.7288726351376844,-0.19407017071413302,-0.40553882956076204,-0.06698740475722342,-0.34456235867927076,-0.02940083503076485,-0.04613235836924234,0.0337765221995141,0.1889641414275015,0.2005282668572831,0.158418440467343,0.06812997565924217,0.30763032400294643,0.3023487139827582,0.07924906337775228,0.09508008970322801,-0.021074924405458217,-0.1713654411315173,0.12869307104489802,NaN,NaN,NaN,NaN,0.08731164844271366,-0.12747610582109958,-0.34620230872279656,0.09174413570608819,NaN,0.16286507647757686,NaN,-0.17629767976707567,NaN,NaN,-0.3199012601592983,NaN,-0.012706881464018549,NaN,-0.36110780012634525,0.041123522654050615,0.27472701642599595,0.11985392530504135,0.08633724174326862,0.5330311535592793,0.06488422580907471,0.453382439956148,-0.112072639461551,-0.33987909368508284,-0.1732104553831364,-0.06332954919401779,NaN,0.16195527184981684,NaN,NaN,NaN,NaN,NaN,NaN,-0.04378271380326937,NaN,NaN,NaN,-0.3551816188844832,NaN,-0.0378497852737083,-0.1266260626531539,-0.007842986887541592,-0.20422590099719207,NaN,NaN,-0.47121302434131307,-8.299379098914509,NaN,NaN,NaN,-1.6288765088142334,0.020266586961362743,-0.004584434553871253,NaN,NaN,NaN,-0.6338701208825945,-1.164683256869834,-1.9870568405305402,-0.9522436110585144,-24.020400416124048,-0.9851867908854401,-0.321547897508363,-0.0016797221866313716,0.2606567083246406,-0.050046611939438046,-0.7279140975183911,-0.12091455296126274,0.18506672984094108,0.14244431431183735,NaN,NaN,0.27476193693532247,-0.3763892436401006,0.16159365317819963,-0.1457499761105998,NaN,NaN
AngVel,G2,-0.16156886395642167,NaN,NaN,NaN,-1.2205424062929326,-2.195147226116027,-1.0091936368375167,-2.015541510983897,-0.6627303728254219,-4.792062482070903,-0.38159834886675226,NaN,NaN,NaN,NaN,NaN,NaN,NaN,NaN,-3.497281122155483,-0.1715703517751126,-0.42892078189171534,-0.019068020128408802,NaN,NaN,NaN,NaN,NaN,-0.4371661680710761,-3.1931184946911353,NaN,-0.11116302140201895,-0.16547607749682958,0.07089529516285642,-0.24817301119959856,-0.17035909416426565,NaN,NaN,NaN,-0.14335950741664116,NaN,-0.4096847598530635,-0.5536106903617792,-0.10795381101789281,-0.07256125458302387,NaN,-2.6880242492461304,-0.026499960776415366,-0.29399824580594136,-3.3706277305102654,-0.687619171574799,-0.36709582070621827,-0.21395172145419483,-0.16478276620102283,NaN,NaN,NaN,NaN,NaN,NaN,NaN,-0.05950990623521868,-0.03235114490089552,-0.07106193263231964,-0.4837155767255794,-4.3574548297224585,NaN,NaN,NaN,NaN,NaN,-0.1478178917463664,-25.46311153291539,NaN,-0.5247854959560299,-0.9124620991796195,-0.3526679281227698,-0.6393470858335117,-0.2624769844065111,-0.6949942780254208,-0.005035518837071429,-0.0783052238399804,-0.14490403174462108,-0.07483401525475464,-0.06278651367387078,0.11232497407048703,-0.08567655925429718,-0.2744832677458464,-0.10700021540831628,-0.1610093486087032,-0.09804649500444862,-0.08801908476081644,-0.1863608157479646,-0.11891565520424341,NaN,NaN,NaN,NaN,-0.10229804006550136,-0.5286220364641623,-0.7247099676808351,-0.07866517388783989,NaN,-0.1877674749337619,NaN,-0.18770956996667576,NaN,NaN,-0.49185887196259115,NaN,-0.22847855221377555,NaN,-0.8161451939835744,-0.13043885850057668,-0.13673806986032777,-0.20337026143291914,-0.1094670482143758,-0.32886574018222525,-0.22234447708992056,-0.09302483635312253,-0.16059178472496893,-0.1530185583371202,-0.5314402758576728,-0.07064945957915736,NaN,-0.3866449406185479,NaN,NaN,NaN,NaN,NaN,NaN,-0.02576174355272376,NaN,NaN,NaN,-1.0247997877999175,NaN,-0.03892397354584709,-0.20445151556924945,-0.1927134570126543,-0.19677952374850616,NaN,NaN,-0.4488472174924443,-4.220139594826842,NaN,NaN,NaN,-1.759061078087636,-0.10396342399467073,-0.12530012772909438,NaN,NaN,NaN,-0.5832311800158374,-1.046298197760275,-2.842569063024153,-1.9347238908083586,-32.1342297700029,-1.0581055244977593,-0.3477936052563664,-0.08110136804714241,-0.03178498063914148,-0.06355025659480096,-0.9236416835984949,-0.4521264692084628,-0.7240309181073954,-0.3371297373420461,NaN,NaN,-0.05618662407546271,-0.48415743109550213,0.05010522931865102,-0.1616692934858781,NaN,NaN
AngVel,G3,-0.13013446222736835,NaN,NaN,NaN,-1.5256455507303395,-1.7908060320651074,-0.868642127173302,-2.313609503221622,-0.939156837716709,-3.560721888009203,-0.37360381473268967,NaN,NaN,NaN,NaN,NaN,NaN,NaN,NaN,-3.0208226144505765,-0.8706423557918297,-0.3677531681755781,-0.05995505275867363,NaN,NaN,NaN,NaN,NaN,-0.40052244680400184,-2.872648740437311,NaN,-0.13159542371157396,-0.14165017991122753,0.09728506014437566,-0.2249686551823964,-0.1642601097988634,NaN,NaN,NaN,-0.01470314120899463,NaN,-0.31185711468944466,-0.5854053739830338,-0.02592038147861553,-0.14389506763767357,NaN,-2.1270550428093116,-0.12569419160113782,-0.36789663171283227,-2.7899451287521546,-0.770686755949044,-0.37593159018631206,-0.22377380074028275,-0.1056803596736291,NaN,NaN,NaN,NaN,NaN,NaN,NaN,-0.056133686086921264,-0.09060215004048167,-0.013468579639664968,-0.6641312910090706,-7.191491723725065,NaN,NaN,NaN,NaN,NaN,0.018178822249700688,-17.19682739691622,NaN,-0.4683963276977732,-0.8282606703788891,-0.3580181290413953,-0.42324192465669586,-0.33058231919970016,-0.6806611233847253,0.060568783890557976,-0.14139249633572692,-0.1454396566265641,0.008299153565726303,-0.09409452876055746,-0.024947141944252627,-0.020079643390030988,-0.33809213003237426,0.03586030045434452,-0.08116955718953722,-0.08963479813093511,-0.11764403114620303,-0.11415731563253195,-0.10524822840211856,NaN,NaN,NaN,NaN,-0.1460364376447476,-0.47899799660169395,-0.6082596790529342,-0.1545775339228781,NaN,-0.16183176650216025,NaN,-0.191241449711276,NaN,NaN,-0.5014829890883992,NaN,-0.2165440882841434,NaN,-0.48249904767142904,-0.19526291145300156,-0.11013435826688545,-0.21723490107320198,-0.05603790509333062,-0.4781113503230223,-0.27986301410915404,-0.050472577501587956,0.11930199001544728,0.11944042778740471,-0.3087350116443881,0.08587865559052787,NaN,-0.29259830692711564,NaN,NaN,NaN,NaN,NaN,NaN,-0.1500201471179523,NaN,NaN,NaN,-0.21421102486288923,NaN,-0.09828464072292364,-0.16276948686586867,-0.15978244615687998,-0.030952389500561006,NaN,NaN,-0.5071364444444535,-4.861236646559992,NaN,NaN,NaN,-1.5441396627089579,-0.04369978828854815,-0.15317903078062933,NaN,NaN,NaN,-0.6184876567581932,-0.5794486493956548,-2.000558475712485,-1.0186976166022816,-33.649135120954675,-0.6870842051280972,-0.33717717002574554,-0.07807669656748573,-0.09135645339482901,-0.016322620557124523,-0.8837560033514305,-0.34719509000006066,-0.8361960867033871,0.17090296081577427,NaN,NaN,-0.03287714467296099,-0.44972651503779204,-0.017646959782852578,-0.1637154108652168,NaN,NaN
AngVel,G4,-0.17209453166813393,NaN,NaN,NaN,-1.1073857326374563,-2.0470398614306036,-0.8802372475090945,-2.189928010725415,-1.0352690354476972,-2.9232633585832906,-0.44196713387701103,NaN,NaN,NaN,NaN,NaN,NaN,NaN,NaN,-3.666552016598235,-0.5711655022454651,-0.3728326008679703,0.08906082526974746,NaN,NaN,NaN,NaN,NaN,-0.6710645939813062,-2.334981829611036,NaN,-0.11587807371264569,-0.15897961070505362,-0.04488933572431142,-0.18962952895214502,-0.14856435658196276,NaN,NaN,NaN,-0.15758969913927823,NaN,-0.3911883418795308,-0.7067972918363015,-0.16177158462755536,0.09694843642981399,NaN,-2.2993275291519013,-0.01820860211436326,-0.3600009384164631,-2.6344229976750824,-0.7185572038600458,-0.37447022432124477,-0.037858624107650174,-0.15800692060635857,NaN,NaN,NaN,NaN,NaN,NaN,NaN,-0.1147376515614611,0.022506820747587697,-0.04332033081475117,-0.5792469144303223,-6.58778583164047,NaN,NaN,NaN,NaN,NaN,-0.11905917569102664,-21.2478928489197,NaN,-0.5776882816039741,-1.0022687857617933,-0.3513770535124401,-0.40340377074115974,-0.24009463416766774,-0.7015440466988248,0.11269343235958673,-0.1347026991453204,-0.0887951023776754,-0.017799333180292143,-0.1153891051586986,0.0037560323271802476,-0.041458604029420476,-0.17572276604325165,-0.04064505595500223,-0.12407678735082062,-0.06959991172411573,-0.07588114043119298,-0.22680675786689597,-0.12954133992707195,NaN,NaN,NaN,NaN,-0.15500628706224973,-0.36389459296586124,-0.5213848061800812,-0.04047057765519457,NaN,-0.14823293929885994,NaN,-0.22825702429252104,NaN,NaN,-0.5218240964628467,NaN,-0.27456611952243604,NaN,-0.4689646300865973,-0.1541561896170307,-0.08829725674988698,-0.2391558574413193,-0.06591143061731031,-0.34197573011767535,-0.2423541460393941,-0.012759114170009855,-0.11871858989218831,-0.3966030439918584,-0.3944370694435517,-0.0929505961209145,NaN,-0.17443972553289244,NaN,NaN,NaN,NaN,NaN,NaN,-0.06971559326624832,NaN,NaN,NaN,-1.1760630104815415,NaN,-0.0842002881801347,-0.191304981338134,-0.1393525327122047,-0.2283181708365829,NaN,NaN,-0.4527605400882033,-7.3787778761664615,NaN,NaN,NaN,-1.16034996962523,-0.14067180160547577,-0.08178324064730225,NaN,NaN,NaN,-0.2820902380498842,-1.2082888642465943,-2.7675125200808943,-1.9932030468090822,-29.275800499236134,-0.9812861306710097,-0.348029341389003,-0.013619445148514986,-0.036871816071486485,0.02740327566695,-0.8005572022509231,-0.4455002978120213,-0.6989751445318555,-0.32185808461844023,NaN,NaN,0.08239452322731822,-0.40217874286229516,0.21481330176164426,-0.11281189991335916,NaN,NaN
AngVel,G5,-0.1419666186996702,NaN,NaN,NaN,-1.4070507237139553,-2.385549429013687,-0.9702518709345014,-1.7605155580562948,-1.2300939368887223,-3.9228659171675586,-0.3964621681210867,NaN,NaN,NaN,NaN,NaN,NaN,NaN,NaN,-3.1588208931178388,-0.8875775084672213,-0.43653839173211706,0.009706510130206736,NaN,NaN,NaN,NaN,NaN,-0.6612657341318242,-2.849604083004223,NaN,-0.13005431695660086,-0.16008853465987505,0.17490296904282898,-0.21264847833826694,-0.22640941183305818,NaN,NaN,NaN,-0.15532242318318734,NaN,-0.1702860960512671,-0.7208676516560535,-0.18145574519491414,-0.1055090611677516,NaN,-2.7936288267590355,-0.18722493909554916,-0.40113638539483176,-2.652046748979949,-0.8833061549129337,-0.28081831310368677,-0.2101670902046564,-0.1491531348691768,NaN,NaN,NaN,NaN,NaN,NaN,NaN,-0.14104855796409232,-0.07098209367769948,-0.06604565357608072,-0.642371797600914,-5.110185277039071,NaN,NaN,NaN,NaN,NaN,-0.1439635332278697,-17.241325753718787,NaN,-0.5894864369687911,-0.9398060191270303,-0.3791176705813013,-0.4054250282426126,-0.2679635587839371,-0.6995217199102213,0.2017791046312678,-0.12706894486086084,-0.16859100447472541,-0.07836304631911051,-0.08536999298172931,0.011179485608009188,-0.0518276942880167,0.04224013259984116,-0.00718751340059165,-0.0553538411692962,-0.1012768028520814,-0.09705519353924941,-0.22021684407893538,-0.12468633334066626,NaN,NaN,NaN,NaN,-0.15692891533941067,-0.5678926507550726,-0.6392871867648564,0.21312450751659962,NaN,-0.1575866457874675,NaN,-0.18876241336358435,NaN,NaN,-0.36444617691751224,NaN,-0.2790741067007201,NaN,-0.7140494944049118,-0.10347803998418925,-0.13131995385411033,-0.2690567484891371,-0.2583815543229879,-0.3374883390095038,-0.31474154146999767,-0.16830959572286108,0.07106013331116612,-0.3694761683234695,-0.1263847820821733,-0.07855469998934517,NaN,-0.05225191862502321,NaN,NaN,NaN,NaN,NaN,NaN,-0.06947927796211828,NaN,NaN,NaN,-0.14005457755156403,NaN,-0.1007202778231231,-0.23413802234457148,-0.1668790764570558,-0.22419657102311552,NaN,NaN,-0.6023226810306954,-7.031555737298422,NaN,NaN,NaN,-1.6877314974276931,-0.05115212698675964,-0.15970805668675925,NaN,NaN,NaN,-0.47995546176488113,-1.0882023424437528,-3.139571155619893,-2.170926063787827,-36.25566023877473,-0.9315566093037648,-0.2847342954352383,-0.014820661342770158,-0.031187896224815992,0.022532077182761512,-0.8135293943157655,-0.4528520492643471,-0.8189808296493266,-0.34060791591869966,NaN,NaN,-0.0921644983498664,-0.32174672416932126,0.17938963621155146,-0.15543293086140264,NaN,NaN
AbsAngVel,G2,-0.13684141171656128,NaN,NaN,NaN,-0.7233486982438313,-1.6962560757324492,-0.6695537264607105,-1.2764653629267455,-0.8688521015871933,-4.445746660694609,-0.30096059196306446,NaN,NaN,NaN,NaN,NaN,NaN,NaN,NaN,-2.5501274203443822,-0.5894405552889388,-0.10881829290861211,-0.04193852187762159,NaN,NaN,NaN,NaN,NaN,-0.3778028466768084,-2.9830935245987207,NaN,-0.06390673094042754,-0.08785186814275958,0.07704110136328579,-0.14927381861034306,-0.16466208018575346,NaN,NaN,NaN,-0.027742575538416192,NaN,-0.37030145555060057,-0.4443469120083001,0.03919674429942632,-0.06940710029116492,NaN,-2.5096254459776053,-0.02005902919982705,-0.2730276509376235,-3.058753165166194,-0.5409357313003329,-0.274584766723323,-0.12245952088519929,-0.13226235381746942,NaN,NaN,NaN,NaN,NaN,NaN,NaN,-0.080431828335225,-0.0823403845706876,-0.09010632352025372,-0.4606812604532693,-3.5617032799131723,NaN,NaN,NaN,NaN,NaN,0.0317459912864787,-17.00017333448885,NaN,-0.41193121685342926,-0.6390685161959668,-0.39053774178927037,-0.6367873376167328,-0.15402330221166216,-0.5249329517645684,0.03561328817483833,0.025756401783908145,0.004460997203841188,-0.07620719922877628,0.1398144048372536,0.12113503001869175,-0.07045272145674142,-0.20430627955106195,-0.08815276828604235,-0.1633621759520718,-0.10304378378183143,0.0022538886175047512,-0.1467693929619811,0.021877123734701076,NaN,NaN,NaN,NaN,-0.14231007143387542,-0.4492893853392872,-0.47752769167164333,-0.06288964106978101,NaN,-0.1411383733970739,NaN,-0.17363153677874021,NaN,NaN,-0.4058109148770641,NaN,-0.11455133127225348,NaN,-0.5092927926890625,-0.08398296051239829,0.06023769100058829,-0.12622041841599674,-0.27430788494137626,-0.31047864842695905,-0.1170496122726783,-0.10310503799271609,-0.1261511485246003,-0.19718789788707758,-0.18452815504964182,-0.0826228828680764,NaN,-0.25724929982772116,NaN,NaN,NaN,NaN,NaN,NaN,-0.08587410074341784,NaN,NaN,NaN,-0.949771423147441,NaN,-0.0569645335101312,-0.17969611040978584,-0.05259777243405095,-0.21415710986687153,NaN,NaN,-0.4682778903847691,-5.607715146186476,NaN,NaN,NaN,-1.5227658131178914,-0.005514525021327987,-0.09488746979164753,NaN,NaN,NaN,-0.2329903197419132,-1.1428838938356392,-2.7743710137771527,-1.8922375643435472,-30.2394740456505,-0.8882799582827263,-0.2536502478859124,-0.027746515171932273,0.0673662823230996,0.11775988418597294,0.06220598120912135,-0.4169782635893615,-0.8673110456211113,-0.4907777661206214,NaN,NaN,-0.04531375749554911,-0.4893357201529773,0.008504937169750093,-0.16467752262014468,NaN,NaN
AbsAngVel,G3,-0.023866371983787493,NaN,NaN,NaN,-0.8109554340937535,-1.5073981371167027,-0.5671324307667351,-2.143285464531707,-0.4693526215320274,-2.051278980718869,-0.10268657266143988,NaN,NaN,NaN,NaN,NaN,NaN,NaN,NaN,-2.4439521982217456,-0.9976303809502769,-0.3807063605297629,-0.12900603186597914,NaN,NaN,NaN,NaN,NaN,0.23031620197681246,-2.4429981179914457,NaN,-0.07789298541100931,-0.08798977865068869,0.07198275415696531,-0.11479923200661646,0.010143772884376068,NaN,NaN,NaN,0.26425256236476824,NaN,-0.21899295953991715,-0.27362800756369543,0.19063556284527405,-0.02479128562802324,NaN,-1.9484621529245314,-0.12621046590115714,-0.4071902176871707,-3.415414539888606,-0.8513764943951887,-0.33443758081537767,-0.10056256435768818,-0.12324372576802745,NaN,NaN,NaN,NaN,NaN,NaN,NaN,0.14698602189120014,0.03934969461922111,-0.023860127852218804,-0.5643951713453674,-7.121060477775009,NaN,NaN,NaN,NaN,NaN,-0.14245410307524353,-14.610566895204856,NaN,-0.35425596185038977,-0.6376822759692493,-0.39087846637102186,-0.5699568277212919,-0.16593960631645932,-0.3676665451637009,-0.09817371969960553,-0.017997334951904698,-0.02188233294874009,0.158753687228413,0.21073002407545338,-0.0753347111855256,0.10898326961197657,-0.28958564833813005,-0.0022131917461218897,-0.1337430518966669,-0.07023336659155666,0.25362483170559824,0.004517496484485961,0.19259247536242463,NaN,NaN,NaN,NaN,-0.15376140545695094,-0.382161844785633,-0.8064742439090986,-0.1447820377059148,NaN,-0.007834468986290366,NaN,-0.12528701126550335,NaN,NaN,-0.3749313426268266,NaN,-0.07624243860700819,NaN,-0.7104341011857356,-0.1475164515844647,0.055393641893635936,-0.14386979533558564,-0.29310740541398084,-0.34938346423752487,-0.23136490672303212,-0.04763588464439694,0.17239741539383324,0.09342259898485261,-0.0602687504770365,0.1275866661405488,NaN,-0.13010471838690174,NaN,NaN,NaN,NaN,NaN,NaN,-0.010758165223999638,NaN,NaN,NaN,-0.12799171337865745,NaN,-0.12241755571671131,0.1926732387430613,0.09730724750439923,-0.07889944190145859,NaN,NaN,-0.4002512143462742,-3.6208297057718344,NaN,NaN,NaN,-1.4242895381713776,0.015881855728681282,-0.05933241760656194,NaN,NaN,NaN,-0.426961552112469,-1.0829963306521453,-2.7330541067909526,-2.0762077359848607,-33.9393692187011,-1.0676931723336067,-0.1008842692382701,-0.13149244392083315,-0.017560680575266163,0.08698650347472336,-0.04599804704384414,-0.42802796259787423,-0.5672336133655884,-0.41725196895335315,NaN,NaN,-0.015373228801109917,-0.36618815088902856,-0.050709559574000584,-0.13096436092235142,NaN,NaN
AbsAngVel,G4,-0.06099501519021522,NaN,NaN,NaN,-0.922056220771801,-2.0413082257466484,-0.6237802577830014,-2.224405589136425,-0.9854753081219603,-5.274648018646124,-0.3572309026156364,NaN,NaN,NaN,NaN,NaN,NaN,NaN,NaN,-2.525514131052698,-0.4940788277105479,-0.02714031296045749,0.16010214508356435,NaN,NaN,NaN,NaN,NaN,-0.5327585674321045,-2.5231769911840094,NaN,-0.04912340927998615,-0.1674920197234122,-0.16842418757766842,-0.18721061637578607,-0.2194946190815079,NaN,NaN,NaN,-0.1125861477072978,NaN,-0.3469933939064682,-0.5880670415165667,-0.1557363731112018,-0.17394970448231417,NaN,-1.9245666885150605,-0.23716649683197488,-0.27938247840907326,-3.1010829788435643,-0.5953390473006221,-0.39920407536769864,0.04633574968864884,-0.04116330971048998,NaN,NaN,NaN,NaN,NaN,NaN,NaN,-0.10079261223359515,-0.10893915737453819,-0.13220746058201538,-0.4352364417333918,-5.060679924954049,NaN,NaN,NaN,NaN,NaN,-0.08626984726735487,-14.827379061840707,NaN,-0.44193997339459545,-0.7681971605534832,-0.08714900646505241,-0.5029250061713337,-0.20718846493496912,-0.6211739747078846,-0.058185297964640004,0.02822024077905494,0.003606065009716164,0.05915609372852615,0.13248234618817445,0.03505075004691738,-0.04208703570072059,-0.14279542706424553,0.03493708317235522,-0.08542564482595139,-0.11405594567688704,0.011247279807151345,-0.15544978205246696,-0.11935394895831664,NaN,NaN,NaN,NaN,-0.14471302746247083,-0.15791320287482558,-0.36642177541655463,-0.01509922293063326,NaN,-0.09984584054282353,NaN,-0.15822514046710512,NaN,NaN,-0.45881581258639526,NaN,-0.23532673878264498,NaN,-0.8380833557724763,-0.1502114323619288,0.028623373005600694,-0.08823956019696322,-0.2758855608343711,-0.43616400613307227,-0.19986034738965697,-0.10711981110502977,-0.13133263884950752,-0.26560035441967833,-0.49742265485128123,-0.06560965067263758,NaN,-0.2665839903306526,NaN,NaN,NaN,NaN,NaN,NaN,-0.11505000626071982,NaN,NaN,NaN,-1.1917383227277636,NaN,0.007529833034588207,0.012736124572085283,-0.053377923493190815,-0.25787788074191353,NaN,NaN,-0.5903271875321447,-7.318829143111573,NaN,NaN,NaN,-2.0872677024869843,0.009261487646515687,-0.07845665428914406,NaN,NaN,NaN,-0.4408108455100468,-0.8257743608672456,-2.9275637697244226,-1.0391255419138332,-26.06872729532044,-0.8177045900625688,-0.2436879995456387,0.03158744372414879,0.029226979394501584,-0.06101459609368276,-0.3018737681085928,-0.35429394113418344,-0.8237175402700765,-0.37052971358808207,NaN,NaN,0.08806699462625567,-0.20563373115005112,0.178059112892196,-0.0868480544913357,NaN,NaN
AbsAngVel,G5,-0.12878047936042947,NaN,NaN,NaN,-1.2484742751806848,-2.431831162567331,-0.8790016449654825,-2.4957909519708767,-1.0685648377316306,-4.146865057680901,-0.37297516011464227,NaN,NaN,NaN,NaN,NaN,NaN,NaN,NaN,-3.415620506734041,-0.5131583815218075,-0.24864653603235265,0.030508991849793943,NaN,NaN,NaN,NaN,NaN,-0.4132682885740473,-3.223954077593307,NaN,0.03088417628554352,-0.11597909401640805,0.04339676453868302,-0.17709009198558712,-0.17958931039391413,NaN,NaN,NaN,-0.1655711776533917,NaN,-0.3082809634070658,-0.49935328109297594,-0.19256778684345321,-0.16920143387998898,NaN,-1.9089087939963592,-0.09371834836746196,-0.40107819630486485,-3.4669865884377105,-0.7697451861683118,-0.24274157436833033,0.00828420090421933,-0.10291393098675994,NaN,NaN,NaN,NaN,NaN,NaN,NaN,-0.09603834939306766,-0.14654079363646,-0.13733759733535478,-0.2476623511438052,-5.667117424487594,NaN,NaN,NaN,NaN,NaN,-0.19106068812455645,-18.93429360265672,NaN,-0.37318989728691365,-0.9640910145140222,-0.1692677104589173,-0.6365964380392537,-0.2892858102512583,-0.7239241486334282,-0.16586607906416573,-0.13086027146253465,-0.13954760921272547,0.0016099253099087774,0.18017376253927764,0.005516815918986895,0.022595989020075757,-0.12848482457610988,-0.03617160247442319,-0.10922822306460933,-0.09644837089560876,-0.056280306204741004,-0.1398240614809685,-0.15422912114688736,NaN,NaN,NaN,NaN,-0.19251574074137578,-0.4930984044240885,-0.6528029262543777,0.12990385064390741,NaN,-0.060559574519481574,NaN,-0.19166137841859454,NaN,NaN,-0.4513434119591224,NaN,-0.20274895053807618,NaN,-0.929385316178881,-0.16280834543439804,-0.07294326337810797,-0.05209199654950658,-0.21981585744653853,-0.45699380212191554,-0.16868681391025486,0.024875872342336014,0.08385634490622651,-0.22610146961138478,-0.608846441537257,0.1031602243298102,NaN,-0.3897405292022389,NaN,NaN,NaN,NaN,NaN,NaN,-0.08765441330992574,NaN,NaN,NaN,-0.1157163099552816,NaN,0.1529678509714929,-0.19190464899014037,0.007062304628945859,-0.2725797917645447,NaN,NaN,-0.5341587110118615,-8.388412988882829,NaN,NaN,NaN,-2.004088710818491,-0.07068832164756134,-0.18957895973991734,NaN,NaN,NaN,-0.5126721490786523,-0.9549570735551454,-2.3845991937900815,-1.4036568565868093,-30.899921102388262,-0.6052079715963237,-0.391995721470767,-0.05750768461422373,-0.014986235634650624,-0.05125215342091738,-0.7494149807665529,-0.46962971231653006,-0.893759300388862,-0.4409116528543915,NaN,NaN,-0.0835445280977265,-0.12665062633852187,0.24160826352801612,-0.15342589894728986,NaN,NaN
Heading,G2,-0.16113722524773344,NaN,NaN,NaN,-1.4964749721490658,-2.029670183801942,-0.8578850458969165,-2.7097161313786753,-0.9024803378881991,-4.450508916389717,-0.36107968162377,NaN,NaN,NaN,NaN,NaN,NaN,NaN,NaN,-3.0450842685770283,-0.9306879651320092,-0.3031010475925455,-0.15838592672259,NaN,NaN,NaN,NaN,NaN,-0.688679685616715,-3.0717045006125634,NaN,-0.11812832659702543,-0.1474777695448939,-0.21227823024312054,-0.12728566341356506,-0.15754029570015637,NaN,NaN,NaN,-0.27070160057332493,NaN,-0.27740990411857824,-0.31532802414730265,-0.08694954070486105,-0.1517481816382149,NaN,-2.39081801602678,-0.27796587188671507,-0.41196901987770573,-2.8641507773597272,-0.7381699210210781,-0.3288028543229393,-0.17822465179707492,-0.12889281726949942,NaN,NaN,NaN,NaN,NaN,NaN,NaN,-0.07049415840671491,-0.1279711780033752,-0.14672202982023275,-0.5064130374744391,-6.793154232596105,NaN,NaN,NaN,NaN,NaN,0.056246818525761966,-19.823193127935586,NaN,-0.3904765544068134,-0.887575807864293,-0.3091903491348247,-0.33447690250332585,-0.32829693054361075,-0.7585272540163879,-0.1379067032589063,-0.14955482759416738,-0.15442219969925497,-0.07613096624824367,-0.09636128160997548,-0.1298886896712359,-0.09884896498476325,-0.2604807293056608,-0.12297492861576576,-0.1444286569455948,-0.13396602060945706,-0.13465700114718526,-0.1863039792244754,-0.186407813528761,NaN,NaN,NaN,NaN,-0.23148589134978415,-0.5188549942294161,-0.7626897047827652,-0.1657746708171508,NaN,-0.16732881722900705,NaN,-0.25075796660451144,NaN,NaN,-0.5651179743476495,NaN,-0.3512807224303376,NaN,-0.7057652340021479,-0.15426225184335607,-0.12463013456422933,-0.2534085989153161,-0.2849347581898698,-0.4537055293146679,-0.32716123947105746,-0.1392639456736764,-0.32754203561201023,-0.43124123858275776,-0.5302711241901976,-0.11938702339579188,NaN,-0.34295860442156756,NaN,NaN,NaN,NaN,NaN,NaN,-0.13816382525828685,NaN,NaN,NaN,-1.5871384923767957,NaN,-0.12212527298452347,-0.17655929262446435,-0.108486847469488,-0.29658072111210454,NaN,NaN,-0.5206979544561232,-5.636945590280663,NaN,NaN,NaN,-2.134830835793192,-0.13368653362190241,-0.18577854191155474,NaN,NaN,NaN,-0.3023670478761369,-1.14842410698938,-3.081465778559129,-2.1238256633724064,-23.894053874420223,-0.8718505556894152,-0.39523285362783755,-0.11414148650640743,-0.13495093096119026,-0.1271033886669377,-0.6416861682963477,-0.5016790773299689,-0.8388076328909873,-0.36210761230458366,NaN,NaN,-0.12610783917991797,-0.3946642845065784,-0.1602610627066292,-0.15230705234399045,NaN,NaN
Heading,G3,-0.18169813351286157,NaN,NaN,NaN,-1.4472889107103777,-2.1351904332214033,-0.7607564547226044,-2.7418384863252268,-0.8628908327513078,-5.204977550301931,-0.316281539517725,NaN,NaN,NaN,NaN,NaN,NaN,NaN,NaN,-3.114052959730259,-0.572100600826202,-0.3950229183313061,-0.14343813372312209,NaN,NaN,NaN,NaN,NaN,-0.6548939647800531,-3.4045038533613106,NaN,-0.12495659695268913,-0.1443183965752799,-0.1834006842013336,-0.24201716121859662,-0.18286432941333897,NaN,NaN,NaN,-0.21203355191151108,NaN,-0.32942309935467673,-0.4799060084519431,-0.17011811947901778,-0.15943824917640437,NaN,-2.3708834870510147,-0.2098222749791392,-0.36414499999854777,-2.9902656220003014,-0.6595423785460444,-0.1820882618554216,-0.16406629259237948,-0.17804364826281183,NaN,NaN,NaN,NaN,NaN,NaN,NaN,-0.13548468341332875,-0.14597793539752146,-0.14488053458812788,-0.4909974395260628,-6.118457568145131,NaN,NaN,NaN,NaN,NaN,-0.17187046754453417,-25.079294869763434,NaN,-0.4601954396774428,-0.9335034875324393,-0.41829102512667626,-0.5304316592860829,-0.3288142886134511,-0.7363813393649166,-0.13357922620284657,-0.15966339879590663,-0.15362792662148905,-0.09126378054571394,-0.06692845230796474,-0.1241799702078441,-0.1274727531141051,-0.3126228778799198,-0.12826209258228238,-0.1763162919373067,-0.17563398835559263,-0.10025268163425971,-0.22109441312626643,-0.15918625690713362,NaN,NaN,NaN,NaN,-0.14317127030198828,-0.5237405091263285,-0.5069266457635115,-0.20859203170702156,NaN,-0.13410652727499883,NaN,-0.26193346474177615,NaN,NaN,-0.5717271636636387,NaN,-0.31586351663419965,NaN,-0.7981321342922638,-0.18505849941650343,-0.11610461906478986,-0.11637647206051938,-0.2606455847022142,-0.5297751554280188,-0.2988142809092411,-0.11146756814967129,-0.3054325133690219,-0.43884506417630864,-0.5456994981734573,-0.11265866252874535,NaN,-0.2771441671708472,NaN,NaN,NaN,NaN,NaN,NaN,-0.14568439188276994,NaN,NaN,NaN,-1.613745796222402,NaN,-0.07815431869174416,-0.15089503540488525,-0.15267787791949772,-0.26468310848491083,NaN,NaN,-0.5967282327594845,-7.593516875980024,NaN,NaN,NaN,-2.1446590446355924,-0.1273630094106093,-0.17390804928122883,NaN,NaN,NaN,-0.47184724687267554,-1.2287974269242836,-2.9583117190384716,-1.6262979049244994,-32.45301543178585,-1.1716052180488323,-0.3714623009293774,-0.13604837049916774,-0.1307413828977495,-0.14661484539507597,-0.9082718587432077,-0.4685337217111063,-0.61094094388831,-0.5408021286810087,NaN,NaN,-0.13540888382366134,-0.4763344524183344,-0.16963799747114416,-0.1792451195101059,NaN,NaN
Heading,G4,-0.1664992553590714,NaN,NaN,NaN,-1.0263058520966903,-2.2058678520070423,-1.004014872977537,-2.8315023058756053,-1.1481411047448535,-4.850267378783014,-0.4117995016505709,NaN,NaN,NaN,NaN,NaN,NaN,NaN,NaN,-3.318286390860542,-1.0139498112473606,-0.32447812325229997,-0.20986738378043257,NaN,NaN,NaN,NaN,NaN,-0.5877333661719433,-2.8367686517465494,NaN,-0.1022859042099602,-0.17770585477025058,-0.17894140560252292,-0.18366473149921325,-0.27156764969638436,NaN,NaN,NaN,-0.2529222181327839,NaN,-0.3295977401193684,-0.4225243944516057,-0.12259119978639332,-0.18228239899552,NaN,-2.592211279443768,-0.26944183596305527,-0.41657867163966955,-3.1040151578725617,-0.8285203221149022,-0.33732905975220606,-0.13696904473827076,-0.10260053061823515,NaN,NaN,NaN,NaN,NaN,NaN,NaN,-0.10391449948071707,-0.14449191851462162,-0.13251597093518996,-0.7030837820318145,-6.439675572654146,NaN,NaN,NaN,NaN,NaN,0.09066801010966219,-23.755824050671187,NaN,-0.5160853880262088,-1.0049551461961368,-0.4203718773385914,-0.619420016645426,-0.3346015774912572,-0.6697281731957956,-0.12824679050275956,-0.14983712377387848,-0.1663681622884441,-0.12089638873642872,-0.09340009202426502,-0.15251076185303436,-0.1250500104780028,-0.22462815158597738,-0.12190124961928062,-0.07652782536380931,-0.11500201041799851,-0.11480530850180148,-0.1989422396124203,-0.08599128603165695,NaN,NaN,NaN,NaN,-0.25598999827717894,-0.4725942187489116,-0.7317316568678587,-0.12949266026762674,NaN,-0.14887306167003644,NaN,-0.21726606447605512,NaN,NaN,-0.4903706916270161,NaN,-0.2906809196798439,NaN,-0.7667963633330921,-0.2174334080775937,-0.11930959594504831,-0.24195030573998544,-0.267065357893544,-0.4531758624811013,-0.29946553249061925,-0.17189626119373624,-0.30313946640725575,-0.13289008272425606,-0.47589476054262225,-0.11558034148503937,NaN,-0.2834116713688424,NaN,NaN,NaN,NaN,NaN,NaN,-0.1316681814369407,NaN,NaN,NaN,-1.5289436619243202,NaN,-0.11099343869218092,-0.2540828285361165,-0.16317943003794033,-0.28807087841407597,NaN,NaN,-0.44896568993066177,-5.265576012125784,NaN,NaN,NaN,-1.7939706713564019,-0.03576776831080197,-0.1975133727909415,NaN,NaN,NaN,-0.6397254913384072,-1.2234527128983363,-3.2130964270400657,-1.7721181055598358,-30.061756788463065,-0.857957450592709,-0.37081532296621567,-0.13170758041986397,-0.1303496612903412,-0.0967724810091648,-0.6671472845942537,-0.4021621442613943,-0.8480097682709631,-0.3430738389735055,NaN,NaN,-0.11338049164443365,-0.4769577227863957,-0.144286141091845,-0.11149396564475489,NaN,NaN
Heading,G5,-0.19329042060623403,NaN,NaN,NaN,-1.5824869685006835,-1.4480872070071458,-1.0023845676331917,-0.9084912207502771,-0.8557985941432529,-4.675148003432177,-0.3952828937100681,NaN,NaN,NaN,NaN,NaN,NaN,NaN,NaN,-2.7531291492308902,-0.9767498748685193,-0.35871181767030147,-0.2544353317041206,NaN,NaN,NaN,NaN,NaN,-0.3543726547093009,-3.0565973163525895,NaN,-0.13577130100740997,-0.17968520591720671,-0.17679055772661245,-0.23215373110848803,-0.2794445731659403,NaN,NaN,NaN,-0.22292513915906387,NaN,-0.3388225617117344,-0.720106200335384,-0.11126626300220188,-0.17596636894075957,NaN,-2.7324377485907405,-0.2181665600222764,-0.4425971697055118,-3.4631473265447665,-0.7704417059519859,-0.38890347932142544,-0.13709844071635846,-0.17897177044000712,NaN,NaN,NaN,NaN,NaN,NaN,NaN,-0.13489408555492077,-0.15214331600946207,-0.1469683899607277,-0.7219471239014046,-7.066914021104887,NaN,NaN,NaN,NaN,NaN,0.016593630638282564,-24.518493390129564,NaN,-0.3352069845967187,-0.7199455251018658,-0.3550136500475478,-0.6147169222277631,-0.2710469528951247,-0.6000142794742644,-0.13299718607895272,-0.15812187530348032,-0.11683905976837572,-0.09358416234830425,-0.11644118136138104,-0.13688532633695227,-0.1350559901592594,-0.3209573564144361,-0.12015406286496622,-0.16598668389027682,-0.11008509038357839,-0.0990842666065681,-0.17783520988693757,-0.12120317383197432,NaN,NaN,NaN,NaN,-0.23760252008026717,-0.28928966758369645,-0.8055234303329228,-0.1004440992103186,NaN,-0.2212060721651492,NaN,-0.25560964825392274,NaN,NaN,-0.47523210562998264,NaN,-0.3079429960222726,NaN,-0.7810156732763256,-0.18604429713050563,-0.0976026360624338,-0.2121884329665924,-0.26078165353505534,-0.46527453899613147,-0.32796408122484877,-0.13380705756949984,-0.3184498878013733,-0.24561805466638664,-0.48284337015547774,-0.12263490642502206,NaN,-0.3952020438449464,NaN,NaN,NaN,NaN,NaN,NaN,-0.14902219271990935,NaN,NaN,NaN,-1.4590014363284864,NaN,-0.15755309004346474,-0.18685735204281984,-0.048181622988229034,-0.24377055365840783,NaN,NaN,-0.459584404711064,-6.389106616116847,NaN,NaN,NaN,-1.899205900375212,-0.007317940404206746,-0.2054931993003415,NaN,NaN,NaN,-0.5913994929117559,-1.168243590246529,-3.0540073640768455,-2.1549957857797652,-25.902739541628833,-0.6878655051248592,-0.39883857567654224,-0.11625126878850267,-0.0799439543920255,-0.14630982375716628,-0.9426742036873377,-0.3850247990869944,-0.8833983814767388,-0.48801877491073786,NaN,NaN,-0.08121567135410412,-0.47164809938700736,-0.1392379178787344,-0.1358936808123561,NaN,NaN
AbsHeading,G2,-0.05551037127576719,NaN,NaN,NaN,-1.0764498036397305,-1.9674211929131515,-0.7174653781297862,-3.222275274084983,-0.9067718198678607,-5.0132188172422705,-0.40946422934306836,NaN,NaN,NaN,NaN,NaN,NaN,NaN,NaN,-3.3746094518263625,-0.7541884791857458,-0.4294040333505358,-0.18164428663700583,NaN,NaN,NaN,NaN,NaN,-0.6199934380687702,-3.1224346808519634,NaN,-0.05687946448403958,-0.17638147321883335,-0.17986402294116988,-0.2088736981119772,-0.14202097795302393,NaN,NaN,NaN,-0.24152939933591933,NaN,-0.34194746636189155,-0.493341815340822,-0.16370335995164687,-0.17144276099747047,NaN,-1.2744471536734072,-0.30326236827354824,-0.4615075699821427,-3.2111546569963396,-0.7069075640258726,-0.3776471371719159,-0.1490879173055124,-0.1741849407974818,NaN,NaN,NaN,NaN,NaN,NaN,NaN,-0.10076657789857713,-0.1281355394623731,-0.14348323111186834,-0.7290700036897908,-6.592198527147875,NaN,NaN,NaN,NaN,NaN,-0.18443656252334484,-23.63942128316478,NaN,-0.5825964908723102,-0.9448543723525249,-0.32665813379550523,-0.5365258899785841,-0.2714752160484464,-0.7665357282357488,-0.040979462631578256,-0.13548829226604497,-0.12083488307632861,-0.11474649342327226,-0.1230932504428659,-0.13228746070839792,-0.10784900199589376,-0.2580028487905508,-0.12494439202578533,-0.14936796001227126,-0.09145597543763517,-0.13793806337223868,-0.21424049945375434,-0.1564980403134768,NaN,NaN,NaN,NaN,-0.2669706236755114,-0.5720622583165123,-0.6887241317016539,-0.18620600455304515,NaN,-0.03174465081408795,NaN,-0.14324556890362916,NaN,NaN,-0.5145995695588286,NaN,-0.15012301917725246,NaN,-0.9099336060389085,-0.13641371161277283,-0.1361166110008858,-0.2254715454250258,-0.2333074799393855,-0.5398333637011898,-0.2947343721479869,-0.029693377709216096,-0.2806112723467826,-0.37374150197643874,-0.43516664001125815,-0.1129062561362375,NaN,-0.3532657783744988,NaN,NaN,NaN,NaN,NaN,NaN,-0.13368198666185926,NaN,NaN,NaN,-1.4671131556657047,NaN,-0.14963848363497423,-0.23145358285168305,-0.18454532988755812,-0.24212863460291834,NaN,NaN,-0.3902243396594123,-7.761824359256179,NaN,NaN,NaN,-1.2690876160419857,-0.13205670051206075,-0.17400507649337094,NaN,NaN,NaN,-0.6720097996364722,-1.164176517275863,-3.2985252058245624,-2.0451163455579198,-18.786236468570273,-0.7991941591526732,-0.33981565830111116,-0.12063391288458813,-0.0974456697935484,-0.13228383327388582,-0.8785091907541198,-0.39657728164680695,-0.9175954223789826,-0.37128060561262455,NaN,NaN,-0.13426772145710375,-0.37546172272766754,-0.12211584376840534,-0.16627784072130214,NaN,NaN
AbsHeading,G3,-0.0851181290789027,NaN,NaN,NaN,-1.4630316227216515,-2.015964872787516,-0.9536390320100971,-2.719975808525324,-0.986101766154531,-4.47450336662709,-0.3567899136264381,NaN,NaN,NaN,NaN,NaN,NaN,NaN,NaN,-3.2059382228864646,-0.801929784279332,-0.25067665194229916,-0.1432227540599087,NaN,NaN,NaN,NaN,NaN,-0.49952199426769317,-3.4192636038479423,NaN,-0.006667078407356586,-0.19870096998274378,-0.19037920496625138,-0.2104118344912167,-0.17617445861969272,NaN,NaN,NaN,-0.1575130084057048,NaN,-0.2977865078869333,-0.6244732417520158,-0.14419260757163865,-0.16663970034569475,NaN,-2.1487277894697754,-0.2831566830778176,-0.4822374590139684,-3.0168734001236146,-0.9124376831566794,-0.2948114324014055,-0.21656026177531884,-0.08446595825774939,NaN,NaN,NaN,NaN,NaN,NaN,NaN,-0.11099076014896858,-0.1416989819914818,-0.13068729296845705,-0.485075950592599,-5.662555251344634,NaN,NaN,NaN,NaN,NaN,-0.12080008842744094,-17.08598891973927,NaN,-0.4586603051097302,-0.8989322399783317,-0.39425198693395735,-0.6716318858278476,-0.27089778850984114,-0.7415662362404827,0.011464348821329629,-0.1517715519547871,-0.1202371260325601,-0.07860572405466959,-0.05649430897666141,-0.11941684823748466,-0.13183278691279776,-0.3340489243534306,-0.13342657269553726,-0.16651751848384677,-0.14272156428340965,-0.13918902087482943,-0.187192097497066,-0.1016602088532772,NaN,NaN,NaN,NaN,-0.18799640498588333,-0.5474862159535046,-0.7002807709144974,-0.17739213489064598,NaN,-0.05615732283409991,NaN,-0.1530518235893592,NaN,NaN,-0.5226584781626704,NaN,-0.3192421961284053,NaN,-0.9502576353052847,-0.10971982248303624,-0.127253036711376,-0.23391778506852345,-0.2766496464079726,-0.5244261683931308,-0.23703329039056031,-0.11139869307903405,-0.300292087912883,-0.4340189693845067,-0.44685425649622657,-0.1167040902377261,NaN,-0.37110210427531287,NaN,NaN,NaN,NaN,NaN,NaN,-0.1475116413256614,NaN,NaN,NaN,-1.7389339928310399,NaN,-0.15219407215307856,-0.18649081356897845,-0.17915091356857893,-0.28729016258190554,NaN,NaN,-0.44051172535680405,-7.806861521146786,NaN,NaN,NaN,-1.650705410315794,-0.10791019055319229,-0.12893012203851195,NaN,NaN,NaN,-0.6774430149473278,-1.1418882543833555,-3.263727764373945,-1.7978393972105828,-19.48978814043836,-1.2096811675816692,-0.2960251150172253,-0.13035961782679695,-0.1120235322723111,-0.14348046087530597,-0.5715508284676432,-0.42866220686078704,-0.9514645921034661,-0.5212341066659194,NaN,NaN,-0.1374992057646569,-0.4651723109042205,-0.15023244403639557,-0.1764127097242274,NaN,NaN
AbsHeading,G4,-0.017027452415987687,NaN,NaN,NaN,-1.2661327529233333,-2.196373378531802,-0.9353389231520814,-2.561836447218106,-1.0584771566983204,-5.4561005488552325,-0.4396446726419754,NaN,NaN,NaN,NaN,NaN,NaN,NaN,NaN,-3.488765690654228,-1.1028799119370616,-0.42202075996678134,-0.23798785459474847,NaN,NaN,NaN,NaN,NaN,-0.5444818660370259,-2.293207380922135,NaN,-0.09846361294489037,-0.17658658257372273,-0.21173426295625952,-0.2238215936866903,-0.28334395330615925,NaN,NaN,NaN,-0.25105698904625773,NaN,-0.3699952780388416,-0.574178405323662,-0.17248723434027702,-0.13038301030463328,NaN,-2.5935108517919256,-0.28640701650650935,-0.3928685339854958,-3.180996831413312,-0.6452192383843927,-0.2309555060627353,-0.15623733335992607,-0.10623594585901408,NaN,NaN,NaN,NaN,NaN,NaN,NaN,-0.10929339603240185,-0.13360039314546013,-0.14401956494982104,-0.7305635885559338,-6.389431463180913,NaN,NaN,NaN,NaN,NaN,-0.16117044644731826,-18.17134943612695,NaN,-0.46813659719408873,-0.947237274644229,-0.4313087206110553,-0.6412812858846209,-0.301124103338257,-0.6285047475406034,-0.08328848588854587,-0.14690091721648635,-0.17190570398591865,-0.12096871110365259,-0.11412878352794031,-0.14207672460862986,-0.11535747023744158,-0.2836119767983416,-0.13312168605190755,-0.14264921257998298,-0.06695337444811766,-0.12594479155145843,-0.17804798265155997,-0.1579083318472958,NaN,NaN,NaN,NaN,-0.16525233727864208,-0.4992107044083036,-0.10998831245842577,-0.2002467656730249,NaN,-0.10167650422573327,NaN,-0.20884515590672725,NaN,NaN,-0.5407530136612426,NaN,-0.2814150445952681,NaN,-0.9319145453621405,-0.117932739466579,-0.1254556479677953,-0.19724019532599368,-0.23667416789901097,-0.27926796263204445,-0.23730716610745328,-0.002791536647941184,-0.3115770971039087,-0.21431058987375895,-0.5985865294451658,-0.10984045242493123,NaN,-0.26625582799946357,NaN,NaN,NaN,NaN,NaN,NaN,-0.11101527412986645,NaN,NaN,NaN,-1.5712082819430488,NaN,-0.15219652462886923,-0.2361115810960308,-0.16907252125972283,-0.1876443416682867,NaN,NaN,-0.5692417012661026,-6.959114541656452,NaN,NaN,NaN,-2.115387034016959,-0.142085290326603,-0.1538307558888552,NaN,NaN,NaN,-0.5280148968324101,-1.0429833133619053,-3.397917439823318,-1.8842749582103315,-26.151177314057996,-1.0200267918653654,-0.37887237321991907,-0.1315577948685882,-0.08479279724984523,-0.10463770852897203,-0.8881125864354538,-0.48393215709785253,-0.9196316290550972,-0.2872600898226476,NaN,NaN,-0.13579508171790966,-0.48117985293473753,-0.16764350354470325,-0.18427290517474937,NaN,NaN
AbsHeading,G5,-0.004337983906479437,NaN,NaN,NaN,-1.5044022996442363,-2.2400315981445416,-1.009226325126734,-3.064778411621555,-1.056193101763963,-5.188764826679983,-0.45551280583682674,NaN,NaN,NaN,NaN,NaN,NaN,NaN,NaN,-3.6194007129797576,-0.8808415498885476,-0.4276716366631321,-0.2423016028210303,NaN,NaN,NaN,NaN,NaN,-0.5661993475960532,-3.0555741861710652,NaN,-0.08695412510440303,-0.1329009667055523,-0.19888147860015448,-0.19712837397666805,-0.2771720175329573,NaN,NaN,NaN,-0.27464431737225503,NaN,-0.361975205356291,-0.4774111175091331,-0.13520807455283634,-0.09926042530367063,NaN,-2.5087069319481357,-0.3143166345484296,-0.39538313918961965,-2.925508019828196,-0.9766875960389143,-0.22810441438277862,-0.1855134305557251,-0.11175007781767521,NaN,NaN,NaN,NaN,NaN,NaN,NaN,-0.1399069170843017,-0.11011563892689091,-0.147998269113637,-0.6905039743086352,-7.1817483736868315,NaN,NaN,NaN,NaN,NaN,-0.15263050450418802,-19.546894031142667,NaN,-0.44189480056010444,-0.82720856218757,-0.27577736562927146,-0.6377581717308134,-0.3098013516420215,-0.5373317363990984,-0.05301068541263443,-0.15483091223267142,-0.15431296435729736,-0.10605106062259528,-0.12373698386862819,-0.13816820641081273,-0.136428881206762,-0.35745512819131253,-0.10496293395773382,-0.164060808950242,-0.14891699398378577,-0.09004430723890544,-0.2205443586833875,-0.16146512441520833,NaN,NaN,NaN,NaN,-0.259275182272634,-0.4585343394407102,-0.5911849035666239,-0.1079805197242465,NaN,-0.1699821771241281,NaN,-0.22041493648347843,NaN,NaN,-0.46773443764995504,NaN,-0.21319147868161337,NaN,-0.9228681661910867,-0.17059817940376654,-0.11305566670986411,-0.23461550813230803,-0.254044575851764,-0.31074958144612874,-0.1296654074242245,-0.12093264210483468,-0.3453503594130416,-0.26748734256712914,-0.5757427238697539,-0.13116952830905926,NaN,-0.37548500958433983,NaN,NaN,NaN,NaN,NaN,NaN,-0.1273345347517605,NaN,NaN,NaN,-1.4882990509460527,NaN,-0.1701967968371665,-0.1991200215235629,-0.14203498263773406,-0.29914430462386554,NaN,NaN,-0.5736492123865369,-5.861040045182277,NaN,NaN,NaN,-1.5184897505458528,-0.0776859958403564,-0.17421873455250725,NaN,NaN,NaN,-0.5926254479951774,-0.9982036881788321,-3.242267769382706,-2.2542476809767655,-19.7456309351116,-1.040630706805925,-0.3856426779933948,-0.1136506145506353,-0.11627461399663686,-0.12905475173386138,-0.8914388826036768,-0.32947734524847316,-0.9765091524048359,-0.34500297338673036,NaN,NaN,-0.11551768573199972,-0.5087939542972633,-0.1616874117564686,-0.17749202654748553,NaN,NaN
