TRIAL,N,R2,R2_ADJ,-4.000000000000002,-3.900000000000002,-3.8000000000000025,-3.700000000000003,-3.600000000000003,-3.5000000000000036,-3.400000000000004,-3.3000000000000043,-3.2000000000000046,-3.100000000000005,-3.0000000000000053,-2.9000000000000057,-2.800000000000006,-2.7000000000000064,-2.6000000000000068,-2.500000000000007,-2.4000000000000075,-2.300000000000008,-2.200000000000008,-2.1000000000000085,-2.000000000000009,-1.9000000000000092,-1.8000000000000096,-1.70000000000001,-1.6000000000000103,-1.5000000000000107,-1.400000000000011,-1.3000000000000114,-1.2000000000000117,-1.100000000000012,-1.0000000000000124,-0.9000000000000128,-0.8000000000000131,-0.7000000000000135,-0.6000000000000139,-0.5000000000000142,-0.40000000000001457,-0.3000000000000149,-0.20000000000001528,-0.10000000000001563,-1.5987211554602254e-14,0.09999999999998366,0.1999999999999833,0.29999999999998295,0.3999999999999826,0.49999999999998224,0.5999999999999819,0.6999999999999815,0.7999999999999812,0.8999999999999808,0.9999999999999805,1.09999999999998,1.1999999999999797,1.2999999999999794,1.399999999999979,1.4999999999999787,1.5999999999999783,1.699999999999978,1.7999999999999776,1.8999999999999773,1.999999999999977,2.0999999999999766,2.199999999999976,2.299999999999976,2.3999999999999755,2.499999999999975,2.5999999999999748,2.6999999999999744,2.799999999999974,2.8999999999999737,2.9999999999999734,3.099999999999973,3.1999999999999726,3.2999999999999723,3.399999999999972,3.4999999999999716,3.5999999999999712,3.699999999999971,3.7999999999999705,3.89999999999997
20170821.Fly1.1,429.0,0.4297637491858026,-2.725051220593107,-0.03336990396606231,-0.03331983473627983,-0.03446895123712925,-0.037484402049505816,-0.04030716255437998,-0.03872430241850303,-0.03358813945157646,-0.0301706308455823,-0.02527939059507553,-0.019828506065416716,-0.016255396104279448,-0.017567015863375952,-0.022264922425794365,-0.024334018786822505,-0.023506343857102034,-0.02038568531823927,-0.014935329322866163,-0.005061912166396793,0.010686447448516927,0.025858194666719823,0.03321286550013797,0.03202955960275507,0.027765610512199293,0.029094062578967527,0.03752593685417691,0.043583169141087605,0.04007831276079078,0.03018139750401471,0.017770709511783056,0.006417984691062935,-0.0034495857222499927,-0.01162177166720762,-0.01524756312050323,-0.01420724486121002,-0.010929680162428372,-0.008560670125729846,-0.008967447753431928,-0.010225357495422707,-0.014154854563631395,-0.01829314101314457,-0.01994894589123086,-0.01862417256711562,-0.01949189981241074,-0.025185131308568268,-0.03089381006937889,-0.030822894427797343,-0.023374066734294704,-0.010501410836904947,0.002421650826505091,0.009077510536630768,0.004602890490336796,-0.0005404581283244704,0.0004491617238070017,0.0023819148656832436,0.0007239260598645223,-0.007011405597651196,-0.019254621014113956,-0.03326444803593547,-0.04580988739089782,-0.05239598879999017,-0.04733181820798795,-0.032337658189733366,-0.01484799199451136,-0.0036743913538476954,0.0005351354165456765,-0.0015539588730288773,-0.007571867597998065,-0.012197416623080859,-0.01682747324384563,-0.02151399697266692,-0.023356477123532417,-0.02188104233914052,-0.016272227393467453,-0.011398410150662728,-0.012253510621620143,-0.015424178685300676,-0.012607141224384435,0.0009469236719890685,0.018289587568214378,0.02802416606377876
20170822.Fly1.1,2198.0,0.1143823094177373,-0.05943390195708864,0.005076119293166958,0.0020511178574228236,-0.0046000341668052365,-0.010472064745221181,-0.00998655211806348,-0.008935990575762994,-0.009092332536489028,-0.004314124006451174,0.000582106315190745,0.001107846841815559,-0.0022858552865841755,-0.007796219572992912,-0.008417498722918816,-0.011382086102022107,-0.016075159726503873,-0.019167993958426922,-0.01310836927042124,-0.0027646503894098533,0.007019343760688217,0.012587061806312983,0.006860621727668334,-0.0021257226061952403,-0.008931719892841562,-0.012980188618979155,-0.010932784603652096,-0.003702522395225724,0.003318971511111172,0.004860681899421715,0.0027413798237257503,-0.0012452126787059182,-0.004929259012304467,-0.013550411617422854,-0.018815201978863695,-0.025477133020120894,-0.032401920174781926,-0.0335063547772229,-0.02111756711983757,-0.004331768849550117,0.0201757453013434,0.033346977868547956,0.02332531998364161,-0.007436450053721806,-0.028326388191813708,-0.02381891724957338,-0.016082000607090873,-0.018069001331017052,-0.024321812248941074,-0.025395727443751973,-0.016890732685014728,-0.007022711476782662,-0.006016980065038575,-0.008918390915162768,-0.009405608318983514,-0.003050620004174294,0.004338340012492835,0.002666861141699833,-0.005141019156272273,-0.005796851672769203,-0.00525468179758706,-0.0025373217330168342,-0.0017236719268319653,-0.005244993272892251,-0.008971522984950847,-0.009123684727779463,-0.001961122171259668,0.002027095572581738,0.003834676776248603,0.001825378996386788,0.0068179406140882115,0.009015402127390845,0.011365309417992658,0.006903012520675424,0.0002589191554292231,-0.005483079406727298,-0.011374541857895003,-0.012254216625869976,-0.009989491829612245,-0.0078026915503404265,-0.0040534752416524515,0.002605742763120666
20170826.Fly4.1,1188.0,0.24942380904637615,-0.07836598225204328,0.019219183357088346,0.009465616685588532,0.007517959013837368,0.011087434597125634,0.016005149240979386,0.010345759292524712,0.012129404372054406,0.020039145327962235,0.018290874186123473,0.009349552441549178,0.0013729114881613923,-0.0005573986996902815,0.004441481236027001,0.011058204958294371,0.014447270891806962,0.011839346380780835,0.006088781891842915,-0.0011464187400749082,-0.008220392097522655,-0.015426058101106171,-0.01778728714456544,-0.0002190215244405203,0.013460622104772115,0.01956943223675371,0.02488742138924782,0.014825075121749954,0.005340142447516746,0.0035717218080774547,0.001279797092649229,-0.0003336702402457284,0.002099290198845915,0.0018333058890464664,0.00655275609705722,-0.0013062517678127535,-0.01790049789269466,-0.027460349030666645,-0.0405726100356116,-0.028346963514076434,0.0005146885411364129,0.013838252928964213,0.008949283424522511,-0.01769356393328622,-0.04842278276677022,-0.07165131366992884,-0.07639981944498705,-0.06435302773924162,-0.036694268705085326,-0.010321369968206005,0.006949818865306952,0.012370588073743805,0.014539012435345548,0.013702903617223592,0.009722671829008595,0.014553795062167625,0.02561406286263821,0.03280354210208953,0.0225223386269014,0.010157964834431136,0.011850560560024717,0.024399880137522284,0.023642019743035685,0.008484133748352541,0.0075538328272351735,0.009913292066465093,0.010149688527225668,0.010430984597877604,0.013930501713957408,0.015956839962068075,0.010976466939612845,0.002080110599770233,0.0011258615752840842,0.007293785645042227,0.01418646717240098,0.0160017470112215,0.013243719729267942,0.013645074326577238,0.018098413303434886,0.020831923303552227,0.02297283147960442,0.01591712472632224
20170826.Fly7.2,1291.0,0.1680480102202374,-0.1546357432444223,-0.013274195397008444,0.001989622720930157,0.005028526149407528,-0.002591738528677367,-0.01484386897918032,-0.026359163659513952,-0.03393300078327925,-0.032023162925889456,-0.0187688635022655,-0.0010407956118607005,0.013156586977502115,0.02019823436732672,0.016942198342974432,0.012049062261465666,0.0053225377920889175,0.005061117716065895,0.009074180258718438,0.010066673635707362,0.005064865620904218,0.0008877067711259296,0.003128523051465705,0.006697385691040549,0.009945056139872286,0.01620806300268734,0.021959760162122036,0.023317456261381042,0.020185398937681055,0.018440373262197045,0.009834925343991096,0.01024497736460575,0.013306514172656344,0.02081410239380971,0.024361348580823818,0.016806442374811714,0.005173046627609127,-0.004867487079388596,-0.0034078632289781274,0.01603874734966081,0.045949973296112716,0.06860020152318203,0.05370492355668816,-0.0013068982350159177,-0.07378722467877709,-0.10938475518979174,-0.10208485705035318,-0.06628411248801479,-0.02627024544584718,0.0034450651162538266,0.02470907292234692,0.03248588721724538,0.021683963922125907,0.0090250010822266,0.006284869546630411,0.0007562860736716597,-0.00030632594933121724,0.002176559794261726,0.010295519925535068,0.02175770575269278,0.022375533441864413,0.016588892844664832,0.011472289478941815,0.004308619475985904,-0.0033561045460541177,-0.00030427838418795077,0.0028885638758565624,-0.00010140564731161967,-0.007794590804000045,-0.007261750161543578,0.002689390824834699,0.01430353675232975,0.016151616862542836,0.012755258960252598,0.00976525167556407,0.005243979729394023,-0.003680338657508624,-0.010075358173938995,-0.013820142045688428,-0.0071847934576153355,0.00906108649287366,0.024851581017821832
20170828.Fly2.2,2079.0,0.17297542276169486,-0.0006064378391907876,-0.02138263276742272,-0.013946198799037319,-0.0014165029670467212,0.006185685935091399,0.012294656640350135,0.009858868467435377,0.010153949894251803,0.011530794780380766,0.0038623580919632397,-0.00042931436964838214,0.004676338357116147,0.009099396175733902,0.013750044776702313,0.019580109576495627,0.01749725031246843,0.01695779774125076,0.010875649042860968,0.0024614991497281836,-0.0008149260926739548,0.0020385893915411935,0.0008769018952903528,0.0027997339307763705,-0.00016139092974468586,-0.006583829281430866,-0.011755515837445243,-0.009118334798749907,-0.007136213206618539,-0.008921850397949646,-0.006166812646456307,0.0024888462600089643,0.01487798676146126,0.016786073545344064,0.009102720167628585,0.006091621681617549,0.00424561193413394,-0.00233619334303089,-0.016880292653688848,-0.035501871327114215,-0.03938599218348352,-0.01216896529237265,0.016634753734729748,0.0347040572862219,0.04469379939512229,0.05593217012702992,0.060189695150437934,0.059982201928981335,0.05044883755432509,0.0387031745814717,0.025736408638638675,0.013545219374692713,0.008380259254379293,0.011103859078392208,0.019848554822753266,0.01870146401826078,0.016646913182095033,0.011418773388927396,0.00848124521209283,0.012501276030075807,0.01760265864754266,0.017647860918748638,0.018414082217372348,0.014062840862289785,0.007439883705264198,0.0018176606766961562,-0.0016339122770855357,-0.0022439613524498146,-0.004559604755432708,0.0012950720033222665,0.009615726585795558,0.016532635175661704,0.011051945793837071,-0.003889083392903679,-0.0069784525716295,0.004895636301949693,0.006336697712811977,0.0010649601763210723,-0.007950099819162932,-0.00904055036192943,0.0005331901746503976,0.00394541894992578
20170828.Fly2.6,0.0,NaN,NaN,NaN,NaN,NaN,NaN,NaN,NaN,NaN,NaN,NaN,NaN,NaN,NaN,NaN,NaN,NaN,NaN,NaN,NaN,NaN,NaN,NaN,NaN,NaN,NaN,NaN,NaN,NaN,NaN,NaN,NaN,NaN,NaN,NaN,NaN,NaN,NaN,NaN,NaN,NaN,NaN,NaN,NaN,NaN,NaN,NaN,NaN,NaN,NaN,NaN,NaN,NaN,NaN,NaN,NaN,NaN,NaN,NaN,NaN,NaN,NaN,NaN,NaN,NaN,NaN,NaN,NaN,NaN,NaN,NaN,NaN,NaN,NaN,NaN,NaN,NaN,NaN,NaN,NaN,NaN,NaN
20170828.Fly4.3,1407.0,0.08723381299317068,-0.2277830829727765,-0.015185517607306031,-0.010975351487322028,-0.007269825060141958,-0.008328534535250058,-0.0061369213644540625,0.012897868795034292,0.031465386205116144,0.02520097330088839,0.014389603344820113,0.010936637942439188,0.01686801835740469,0.014866478675316732,0.007712690344056694,0.005351124559654042,0.0031810976070679575,0.0032194791312941027,-0.0015966410594676417,-0.0014421853726542143,0.004466798782153851,2.8894918342279908e-05,-0.012365239286752911,-0.017143997162663502,-0.011172596643470306,-0.003961637443642962,-0.006334115770588643,-0.010648995422626067,-0.007842402975951119,-0.001021530130443754,0.008298342574695815,0.0064331323066083015,0.0036472452736931314,0.007770128945224191,0.011286408239126033,0.013947703582548442,0.02073604567963631,0.026896550705708195,0.029104717205826625,0.01732971366301675,0.0029808334703817487,0.003326538037578826,0.01709288561510956,0.026283525461760344,0.021008240530352596,0.01519468030950028,0.0106943374398111,0.001243237597710843,0.0059332074059319125,0.010757227327814995,0.0034835171830472035,-0.0011349494715785743,-0.006862573272399018,-0.012088182565661255,-0.015362084517755503,-0.02269353901714716,-0.013648215515633371,-0.004745188134943081,-0.0007520261492360711,-0.00027294002651141627,-0.013659312169301803,-0.02318659497140961,-0.013400827467653033,-0.001969678788542749,-0.005052384125346655,-0.006164614111791593,-0.005250264357493752,-0.002116336711212419,-0.005714025512504151,-0.017319761372859295,-0.008870465451923215,-0.00932579512823982,-0.02089859142580133,-0.020063950438529106,-0.013914047133498876,-0.010645511169697912,-0.013705574563436273,-0.026287498513436095,-0.033301867865357174,-0.03193312830919945,-0.03475627109555368,-0.03897443363264029
20180119.Fly10.1,1904.0,0.027790767604297776,-0.19942100268438767,-0.015258455064942236,-0.01346074269159678,-0.010558766225707436,-0.010949264464445555,-0.010743081123269362,-0.009160756379020743,-0.0022165088745489817,0.0006675275260654203,0.0024124423604970414,-0.0017266039760156678,-0.004691507346330655,-0.005108947146032229,-0.005250242231763066,-0.002351945116312588,0.00016251681695321997,-0.007512898038782208,-0.012763266610675459,-0.011211344398332301,-0.007825318036640716,-0.003927600076021436,-0.0045323619848438345,-0.006429819995655665,-0.0026533325266293213,-0.002500081701831431,-0.00012434520350250572,0.0006060912815048974,-0.006558598103300519,-0.008635722662656562,-0.004819196947857476,0.003416590039158582,0.006809532423529698,0.003500937105605064,-0.003409312612541303,-0.012072965483789184,-0.015025562960260365,-0.007963971920395815,0.001101266716660766,0.007508353930102103,0.004221157828880192,-0.0059939885778946414,-0.004287238958938085,0.005066035986506957,0.007392008412227321,-0.0006700408790653998,-0.0045508094708434635,-0.002197936438092578,-0.0028428904136345856,-0.000638134709446917,-0.002428616602937628,-0.002185776608281707,-0.00034757855385601994,-0.0006277919527464356,-0.0033342140429661053,-0.0016182927002642768,0.005179552175158022,0.005325426036808948,-0.0018996908332072212,-0.008693555670155636,-0.004261020305496628,0.004508551846527628,0.008844544346810233,0.004721537542346686,0.00036280260542129156,0.0008964065800104894,0.0027912317687787446,0.003988207227471163,0.0049517616302300884,0.007791925031605054,0.005638664288924279,-0.0017991666976195678,-0.005390219789898423,0.0015151768007905307,0.004961379735081593,-0.0016039498856911623,0.0002014617607993782,0.006240343713617339,0.00843648705321917,0.010430835561563101,0.011295890410290959,0.00556797013956079
20180119.Fly7.2,0.0,NaN,NaN,NaN,NaN,NaN,NaN,NaN,NaN,NaN,NaN,NaN,NaN,NaN,NaN,NaN,NaN,NaN,NaN,NaN,NaN,NaN,NaN,NaN,NaN,NaN,NaN,NaN,NaN,NaN,NaN,NaN,NaN,NaN,NaN,NaN,NaN,NaN,NaN,NaN,NaN,NaN,NaN,NaN,NaN,NaN,NaN,NaN,NaN,NaN,NaN,NaN,NaN,NaN,NaN,NaN,NaN,NaN,NaN,NaN,NaN,NaN,NaN,NaN,NaN,NaN,NaN,NaN,NaN,NaN,NaN,NaN,NaN,NaN,NaN,NaN,NaN,NaN,NaN,NaN,NaN,NaN,NaN
20180119.Fly9.2,341.0,0.11175916205983803,NaN,0.008309219832243744,0.00429663812275432,-0.0011026659405179251,-0.01002310141652482,-0.011500446773553346,-0.011103474975196197,-0.006394456431449141,-0.0019972397979495736,-9.127699802599743e-05,0.0015002814013792716,0.002718038802456228,0.0038953244676402763,0.002988143735544193,0.0017569680124551045,0.005070087584645299,0.01069199883913431,0.015218384629756596,0.01777474609413683,0.01645930862791317,0.015432335845734852,0.009157598767429786,0.000412266915882453,-0.007592258409762512,-0.016686051640420658,-0.02765600628309018,-0.033881549059111706,-0.03581133480966632,-0.030626447960185484,-0.022833632228115724,-0.009989908330508767,0.002493505988523759,0.013016371087777524,0.01603021159788363,0.009849607158200619,0.005377990174438745,0.0007672417587789484,8.775460541858126e-05,-0.009518103817840039,-0.02572706947081965,-0.04070268358935142,-0.04457484782865145,-0.03751531467270767,-0.026049910685005177,-0.014196594292738906,-0.0031111826081331685,0.0049428160612866095,0.007785369036346823,0.002242477584530198,-0.008838320317257491,-0.01811166502946925,-0.021779566623561012,-0.016109219097852037,-0.009961564835837171,-0.008630473062851226,-0.010718902856488573,-0.018967473405833987,-0.02552135272852624,-0.024917784189848514,-0.025467562063721083,-0.030233104154366718,-0.03237831197402358,-0.032002123183904496,-0.028896812531239338,-0.02088688209329348,-0.012790537267694019,0.00013751680831648258,0.013516357145290548,0.02071082262118199,0.022451510716186545,0.013160983487120756,-0.005038884502513968,-0.021896845596989522,-0.0316925677569593,-0.02597748041441704,-0.014127316866810461,-0.003994689480647991,0.0024879632003870634,0.006644513058310763,0.009011746832665623,0.011484554864442527
20180120.Fly1.1,1614.0,0.04544564478022328,-0.22944720092155557,-0.014602293805374792,-0.02084474965960472,-0.017336588052484246,-0.010549258214310088,-0.0042653504527634814,-0.0003995593744436997,0.001015086351884906,-0.0008205136431620829,-0.00584352182599491,-0.014142799242059393,-0.014447989369387893,-0.008989903076818408,-0.0030469083685627577,-0.00553569770415208,-0.012175527037421965,-0.016463452621851248,-0.01674389102819815,-0.01565647236054392,-0.010124806936699598,-0.001132401692807979,0.006225937488150104,0.010326054172361014,0.0055876342175972,0.0015496029723328036,-0.001864002148218878,-0.0018969675452472751,-0.001121388038169734,0.00014021839216990685,0.0034121541660759973,0.003124449083898704,-0.0023857010953695426,-0.014049018507957365,-0.022433627888284617,-0.023005318359815556,-0.014096243005241737,-0.0024174455321286127,0.00020127996790955105,-0.0070721162496932164,-0.013160365810398124,-0.017577592834045922,-0.013398655857411693,-0.009280041764077433,-0.0034976733080483258,0.004631466887691787,0.008870485480376354,0.00313759139380293,-0.011068174631304849,-0.022142880001059257,-0.019427702294870737,-0.007552347733388528,-7.978040661233866e-05,0.003395436619041694,0.001441279572344311,0.003748722492701006,0.012026014350156131,0.013575687182617736,0.011025590437436771,0.010155726026304277,0.009955745087090002,0.012537442015768636,0.008599732564518544,0.0069464560278701855,0.006032042025159598,0.008661559825070981,0.012786176288751757,0.011549050776771508,0.008373148181915922,0.002267263908684956,0.005057466581958577,0.018655933532028532,0.026734830759593528,0.02237115721057763,0.009512791785799895,-0.007827929921259372,-0.011076977976908202,-0.007386499094073524,-0.0008561896037521078,0.004304263740217771,0.007594108628427811,0.005576803191689147
20180120.Fly1.2,1038.0,0.13490681382744574,-0.3271067605576492,-0.000359260468995125,-0.00026047463768963337,-0.007456742340891532,-0.016068702187904665,-0.016604893350921083,-0.0070799901503346835,0.0029923689361493985,0.008613133913484823,0.008730444754651462,0.005085333632213386,-0.0019896879721292625,-0.007068144515166608,-0.010809603427102712,-0.013297661820388962,-0.011905167226115185,-0.007725137342001418,0.0006645607517203974,0.008842543641556799,0.012220906082597746,0.013462648177857512,0.007740451432234979,-0.002988848654103132,-0.016309443025576357,-0.023792522518714762,-0.024192483523541922,-0.01933127417805041,-0.018426285610264843,-0.021196363866943995,-0.02304705495297475,-0.02118227875174856,-0.016644393213296558,-0.015849078253397937,-0.015917721077255843,-0.02173692590939431,-0.029891480745631856,-0.03512463065372747,-0.03532947375787201,-0.029310385984087608,-0.020829383865591293,-0.01801977392182233,-0.02105025633762391,-0.025736389956275547,-0.02232735604743364,-0.013301182213869552,-0.002945440641977129,-0.0013760718929751792,-0.009659742807710078,-0.015011306752888571,-0.010496473667539252,-0.002762014031046786,0.0018230017239516917,0.005617296749986634,0.0016611756667760953,0.00272648589074446,0.007363056792821821,0.007172043791809735,0.005846849423368505,0.00159509629976949,-0.003426746454131657,-0.006635770142315606,-0.004067679489221547,0.0010369807528371204,0.007401989472916252,0.013972421325967932,0.014628556135543407,0.007292797567339136,-0.0024000598637350747,-0.008450924758379993,-0.012009972292209575,-0.008992895332087596,-0.0033235071821976735,-0.0031649961167277436,-0.007525396977985898,-0.010357634329971757,-0.008514474302129982,-0.0065277219029974505,-0.009882049660130385,-0.014069246806665598,-0.016929527893855115,-0.014796566983369015
20180120.Fly1.3,591.0,0.3175903866058387,-0.7634390316488961,-0.005572370699767443,-0.017748930301751183,-0.019860393790222287,-0.012426290912473392,-0.004150443309319335,-0.008328626768651773,-0.01935291529109909,-0.033587809026263495,-0.043464164878367316,-0.049827007108522225,-0.05096208844896245,-0.04646122255862173,-0.04173153117895833,-0.037622139057917295,-0.03698796362745837,-0.03511321299853106,-0.02975537120601103,-0.021931302641317138,-0.01640657828074149,-0.016016669589115497,-0.021927679977615463,-0.030542296925966626,-0.035078563441512674,-0.03567836004655777,-0.03521886547851889,-0.03528870260879371,-0.029602428272353078,-0.023759358883891225,-0.019422175579397054,-0.02085674268188681,-0.027001978859638176,-0.03581301476939763,-0.041762282031073426,-0.037218305577372546,-0.027511901337202774,-0.018939108687192684,-0.01805996033085756,-0.024184700538897007,-0.03331447787519046,-0.04342751721207241,-0.050822857879426746,-0.05258123418165669,-0.05224821201054122,-0.04689272000244475,-0.03838081137492937,-0.02578886241966158,-0.01641631804458848,-0.014835932061482211,-0.02140588837321046,-0.029024846550651393,-0.03208010010991788,-0.030770794291662882,-0.0270990257278821,-0.019772546349995097,-0.011675234125502676,-0.005628245360741473,-0.00233963567423094,-0.005918362125135185,-0.006826724692464839,-0.003013800064141252,-0.0011150087162075375,-0.0028635574014706194,-0.003501712628648245,0.0013142187991713019,0.006370845387842961,0.0062651573102505366,-0.0010630448401531783,-0.0071749251778611784,-0.008192764134261418,-0.007713639427464732,-0.00585675506782288,-0.0031256749287279055,-0.0030322675092894495,-0.004860598763240621,-0.008854656405917163,-0.013712210769663618,-0.01546443240268056,-0.010790882559401147,-0.00390756233998584,-0.004062451370427881
20180124.Fly4.2,1104.0,0.08343645464408411,-0.36224960533961315,-0.01317655757253548,-0.007210134823454189,0.006947879868238909,0.013984286137092178,0.010379004874633113,0.009062169685959118,0.009345981410014612,0.009367332094218474,0.0053079268307678635,0.007569715457822614,0.017446954668041543,0.025703216794765518,0.019303120494230844,0.006378360078800332,0.0021242274945514903,0.008472101530824647,0.017942849439770557,0.022309228615479057,0.020813984500527953,0.012784798883930946,0.0037322735533197875,0.0008638166800485793,0.0028937909513211163,0.0050326114153897514,0.00596512686920458,0.005982315405515097,0.006428389515732536,0.010687354961768205,0.010087068950083081,0.0050918190077077615,0.0006315262350519341,0.0015898254147628575,0.0030760033584681067,0.00065756585081824,-0.001967969454013395,-0.003975545737937074,-0.004818181517690686,-0.002237967240245605,0.0042588893978271584,0.005935583044699332,-0.000981824051229019,-0.01213884163464325,-0.01815258167925518,-0.02022111163460283,-0.015182581793310414,-0.006672388799294183,0.003453705348440175,0.018067611678245256,0.027797086779006958,0.02739272988614635,0.02135643821058959,0.019919187456738364,0.021067794560110157,0.02548624770284335,0.031374395892595504,0.03173833850407719,0.023516231615725126,0.018352162099735513,0.015859887426288292,0.019809436242432883,0.02445401472304154,0.023102470365443876,0.020579467063753215,0.016395058858003877,0.014947444025871023,0.015388619455144588,0.01638612696267363,0.013844576039558411,0.009647541674405787,0.007965766932839177,0.012306451488611326,0.015721203509904795,0.014140308313151467,0.007485392270497469,0.0006646834839977861,0.0030707025650759602,0.01603472477673293,0.029781306922489537,0.03260076032599508,0.01513503031806792
20180124.Fly4.3,830.0,0.08325458698223198,-0.6246586751830856,-0.010407901239573521,-0.005050684146361282,0.0059362760491652585,0.009708430477958586,0.00880810984165383,0.005777416129701807,0.006499127210630871,0.002889324435383912,0.0001285516481069881,0.004259390507031333,0.01058955965457774,0.017639010698377634,0.02308257562032374,0.02244038600747634,0.017103851234124293,0.013325356314605826,0.013391035113625552,0.017385056196882836,0.01980576956621734,0.018480513135015333,0.013200544125516949,0.00833069695091777,0.004251537339811507,0.005062476794337441,0.005566422289353286,0.001646823355449811,0.0016209304261471254,0.007312996584819615,0.014436787005043625,0.020244036893307664,0.025802389193770144,0.027858691551559824,0.026885005231250536,0.020370503401020448,0.012954403798245173,0.008569068029667443,0.00748816983639536,0.01673687028550647,0.033332704466119516,0.0429813538225202,0.03547339789090166,0.015194933330611487,-0.002222641263572524,-0.018829385347528625,-0.026680486156179097,-0.01817052518613406,-0.0071480255157358955,-0.0019758271025810716,0.0022942448145008773,0.009693138019216627,0.015373018396675223,0.013885441922746818,0.0005884627129215535,-0.013570218372497,-0.01742015584739849,-0.01830250365404806,-0.01937525218928639,-0.0165663485260557,-0.012061907329417032,-0.009513854274325521,-0.010650056392305098,-0.011929852055983632,-0.0067680071117140915,-0.0032043244621952137,-0.0034869445158359834,-0.004505811708544408,-0.00815767614421966,-0.009921152948688864,-0.010443898197943495,-0.005921608297683697,5.972765435707167e-05,0.0027216446219301286,0.008221779967464647,0.011318398191101834,0.005938214386815085,0.0027310517228001734,0.008243950176617424,0.01880181587129715,0.021939727733017965,0.014468121750008691
20180125.Fly3.3,1476.0,0.14510776133558345,-0.1315820617982597,-0.006789227377614525,-0.011507981443181482,-0.014624024904131753,-0.015525600552155664,-0.013017491096590011,-0.008283973786340684,-0.0045991281819986575,-0.004458286788176136,-0.00966524557702635,-0.016007621596373166,-0.01569579210592848,-0.013697013020534504,-0.01496133181398954,-0.01495414679396931,-0.01159992671779898,-0.010059605661442431,-0.016220926632250207,-0.017957158224903465,-0.021581247637417016,-0.026820194961666793,-0.027509613273879654,-0.02762167905907022,-0.030874310300362705,-0.029844660481468038,-0.025435006333460256,-0.021501243601339884,-0.019050338599547637,-0.017021877129760995,-0.014126605432286209,-0.006636602033005074,-0.007088264751642885,-0.019880342402008304,-0.03551753308819775,-0.05239993249684284,-0.056309633707635365,-0.04485824646842635,-0.02279410289510941,-0.0005167016586124367,0.01423063322832581,0.00989345794213278,-0.004252266595051499,-0.020825698258971362,-0.020218418356088036,-0.007981636906270653,-0.001612839892065534,-0.0031225550287363865,-0.006412859687968277,-0.011134949581296898,-0.02801562898062658,-0.0455014531967406,-0.05672803080593447,-0.055364900315476785,-0.04187443289572027,-0.026416429753956666,-0.011351436806237916,-0.01159353328572856,-0.026561999477963002,-0.035326759169694265,-0.029030434852821974,-0.013491802243951747,-0.005315587603442126,-0.007964706672516857,-0.014008659270965302,-0.015184605322114807,-0.01754241787342777,-0.011937894635555711,-0.0047954261175961795,-0.001192877372358668,-0.006229026148812161,-0.015905150649889274,-0.023101691138429498,-0.026620424580620215,-0.024998703641299143,-0.01580013845845424,-0.00821970145219315,0.00044067421408149635,-0.00010109690648584346,-0.009214523929786314,-0.019480689456823404,-0.025755086066776046
20180125.Fly3.4,1008.0,0.1675366112010691,-0.29767250045897153,-0.004766440822729651,-0.0005555598781410075,0.00824850001790972,0.01584169355573129,0.02039465402981061,0.019054072782034866,0.021465304302775927,0.02682084636709396,0.027743287101046975,0.022650116888936037,0.011777440247799009,0.007237083644653551,0.011931401837538177,0.023367922861338784,0.03323433135089429,0.036649502351416716,0.03519365790758111,0.028984925807384862,0.023418853217897884,0.01844663391297877,0.018868933356701763,0.024805796217378107,0.030240267334026807,0.030112977588024482,0.018390601105202072,0.0015271391816247312,-0.014630252203500161,-0.025025568757666497,-0.0257724952124689,-0.020739195047075536,-0.01734908707722624,-0.01826832856759525,-0.02285803322673393,-0.025807939975025736,-0.02238979953219426,-0.012459054878534307,0.0009569862239428192,0.014378324275651777,0.023144250869390412,0.017747352646235514,0.0064866423279616925,0.002191854537998357,0.013683365246180032,0.03289432076033776,0.04886928818538087,0.05029906478041066,0.03671367686458006,0.01750214377958317,-0.005140690378391708,-0.019494361209479477,-0.02200547714949027,-0.015934395749092292,-0.01050677266209842,-0.008331993050742508,-0.009141195652830019,-0.013533657814513355,-0.01857936089995211,-0.017251891765644595,-0.011955180255082952,-0.010322234632163156,-0.009568438623060812,-0.008727256654621936,-0.009268407595021929,-0.009053845348887339,-0.006050346522172769,-0.005527967337006738,-0.006302669294543921,-0.009846689432185033,-0.014661965014586244,-0.014835584272812959,-0.007211208033050267,0.0008297878987868479,0.00470752383213403,0.003867599083999757,-0.003439203624892262,-0.011461352995336637,-0.018207621715560486,-0.020666925116217896,-0.01967364546478086,-0.018621942732467225
20180125.Fly6.1,1775.0,0.020709389209811135,-0.22912160741481324,-0.004140409811537988,-0.005856654956905231,-0.002123298984510902,0.005549586487331891,0.01371888348748806,0.016385851071063624,0.01038847828202309,0.0034039596433542894,0.0007601096352711064,0.001394903890867467,0.004938734140746364,-0.00020101732756244698,-0.00745264278122045,-0.014895903927017597,-0.018552485975766392,-0.014879091003760565,-0.007107674179586565,0.0018018567019428913,0.009324254996199868,0.008964896081849178,-0.004076040372899255,-0.02018400501901265,-0.028676155611004478,-0.01645331919782632,-0.0007818087300457023,0.0018857459517921476,-0.008165828611218602,-0.01863917691007711,-0.02362540495358706,-0.015078057975327921,-0.0005378693967951252,0.007264406075985398,0.007743626542696567,0.0006895454128644163,-0.0009622626941540041,-0.003969050582736655,-0.0137263889183514,-0.01782750482553788,-0.005692687459964291,0.008590278334174547,0.01691303994506188,0.020074468326528667,0.010439528137173432,0.004200549732489018,0.009687757102705846,0.00965110926237087,0.002718815215223098,-0.005252654358412967,-0.014800848567868173,-0.014910132226826214,-0.007868311930617124,-0.0043690326937696035,-0.0011186458897446366,0.0034225639436433132,0.009005515257494701,0.009968667861854786,0.009069208899748105,0.005926123007642283,-0.000506784504542951,-0.0038835794545148275,-0.004003597898055019,-0.006217443098962984,-0.0072330304729979105,-0.0050807128614865915,0.00375853203039376,0.011833527801098573,0.009509296734003829,0.004422892845763502,0.0014480214875346984,0.003562720721353125,0.0011535581767287868,-0.0037880885956578484,-0.003733377335872007,0.0008668428705381848,0.006852356603376614,0.007808093484050466,0.0040891544611906736,-0.001465849968457429,-0.006645929452969447,-0.001717537651471909
20180131.Fly1.2,1118.0,0.16908359199303347,-0.2275242775091233,0.012108260994827435,0.0027954812639294337,-0.0024691323654574228,-0.002206149487460336,-0.011232072665593005,-0.015966272178528126,-0.015629632571225023,-0.011809393671958749,-0.008672126368310244,-0.008802266457760685,-0.01340013958849142,-0.012279863362968473,0.0037377146780993836,0.019752865094625635,0.016027351321662654,0.001278873358810647,-0.00808241164470587,-0.0028952767521810683,0.008293358162914119,-0.0002709530776900766,-0.021135994873935183,-0.03255544148017436,-0.030440553673463905,-0.027318947170434066,-0.02650610562156271,-0.02763232041406708,-0.02243824077071885,-0.012816000837296507,-0.002847859716585734,0.0011575875042065954,-0.0042892930901757146,-0.006162183407062761,-0.014203773756515882,-0.02674087746986292,-0.03537553869817466,-0.04154043943490449,-0.0317215965069755,-0.005627977473828927,0.02465506182523821,0.03389925415139171,0.011070230877635631,-0.01338143650670055,-0.023541719633461508,-0.02888460677066699,-0.0416667426569663,-0.05195334078317749,-0.05404697474966359,-0.045227759109451385,-0.024270305868658706,-0.004218437507990075,0.0009331035678596327,-0.002116320404357983,-0.005698778689224736,-0.0106103682232716,-0.015319753068610388,-0.016922740517720893,-0.014527055450356341,-0.010025155510845443,-0.009159942692789948,-0.007970280965428497,-0.010408119233464392,-0.011531710441811964,-0.0165644021362459,-0.023060486261278438,-0.02521023757721245,-0.025664548828105618,-0.013565277780665241,0.008557041070602074,0.030177122191151342,0.038169267158662715,0.030296654287474613,0.013294239047599314,-0.0001965510568088317,-0.001267122661998582,0.00807812624036765,0.016075614626206925,0.01736309839381443,0.01181711308323133,0.0012178771431475873,-0.00841371538506779
20180131.Fly1.3,141.0,0.5146968603372201,NaN,-0.04995582028900972,-0.0469402659257106,-0.03325464267526549,-0.011715115422352929,0.006018898608092209,0.018401566003140742,0.01990096590829072,0.018331976784733788,0.016812044089550213,0.01368160191276457,0.012228514428923051,0.012134082608365652,0.015558488435817062,0.019454392494928315,0.022600862131990175,0.02427421662866621,0.025051846418875673,0.020910255715466963,0.010463198180892953,0.0007033059598004062,-0.0052733453015420114,-0.01212667268847911,-0.026418049492130186,-0.03969233209513292,-0.04947659766247547,-0.04928033272200347,-0.04316745916033502,-0.03901839031168351,-0.03027613343031063,-0.021205940653190564,-0.012232629085951175,-0.007683586996516183,-0.004535595515783216,-0.002092837417108679,0.0017328376583251807,0.005286618826233433,0.007822442456809535,0.018342408063503405,0.029791478118667024,0.034840877870552504,0.02978369787960018,0.016075838093804487,0.0009123278009622342,-0.009647959693905922,-0.022119955932505486,-0.039424186123930165,-0.04740363419957239,-0.04233870929190183,-0.030371505973494473,-0.019018764545856714,-0.012872062679942698,-0.01265218121554125,-0.013681816666510709,-0.020830142408739195,-0.026815286318839962,-0.025818262559597727,-0.01506415596320827,0.007467985763798458,0.02744742350958777,0.036788865209233655,0.034343253331577415,0.03137276171890428,0.03308826733636605,0.04211986339451748,0.05448564591061327,0.06157477426101804,0.06121416714116116,0.055305237610043925,0.04850798956746733,0.03675970497041801,0.021516433697611453,0.007605270373896278,-0.004578000126568115,-0.016618785990956897,-0.027137324367927568,-0.026947385321900788,-0.02195261610712139,-0.009673544020357673,-0.004227597875527685,-0.006776452626855989
20180131.Fly4.2,1454.0,0.1010452938541979,-0.1957752645261126,-0.0021773408642865527,-0.010028798680139372,-0.018781973624489603,-0.031114318253178844,-0.03760053915591498,-0.027084901529985134,-0.010554734037134052,0.007583665116795701,0.024222219766732524,0.027794189630113635,0.018742158599672407,0.00938062709646461,0.0050305196158948705,0.011035398744944558,0.015337804819972208,0.011207375174613763,0.008579926228732207,0.010830026895325398,0.005226429735245156,0.0016695314316649925,0.008954684046015647,0.014665345918265703,0.013883850472242826,0.011378305873701023,0.004588737786731997,0.004806049927729719,0.010839782258790676,0.01654688940667264,0.012364080133366971,0.0015247865884312965,-0.008689663250131251,-0.01827410858102086,-0.022664293387763792,-0.017981302859718884,-0.00462862635067829,0.008765875172864725,0.018713231289828196,0.01752560872247906,-0.003043430732149736,-0.030727178998484133,-0.05107561142316014,-0.045254595115591614,-0.026971956164120535,-0.022205239370863307,-0.03276059303676877,-0.037956311738946716,-0.037856106793454816,-0.027313440001716004,-0.002599696724129541,0.019159580633267392,0.024671442948878332,0.014775658944749793,0.0056427071191803456,0.006287361390062666,0.009082514991812559,0.004212265452469252,0.0014852814368207328,0.0028596816998754672,0.007790300946598416,0.009956189124895844,0.008830396705954684,0.009257099953767617,0.006274398379432889,0.0017655108538261431,-0.00967860399815146,-0.02210817338026839,-0.026813972089404812,-0.03558744187735602,-0.03967969600340048,-0.030279070487771086,-0.007890976076661685,0.01234799970240283,0.01692078921300268,0.009907359680076163,-0.009198513365114042,-0.028429382269935154,-0.03257467403346871,-0.02046226092869734,-0.00774307657519976,-0.001581031316304196
20180131.Fly4.3,1287.0,0.15563661088492398,-0.17359092630938777,0.013196045358595018,0.020578640735571755,0.022693894718391613,0.014080927510440903,-5.450702836854491e-06,-0.011247166849002795,-0.015778543174910814,-0.021718079089264316,-0.012659999462080485,0.003236140158087103,0.01176287849777515,0.007512860506849292,-0.00620585065730363,-0.019172368144597697,-0.022252527964136695,-0.009469673636124354,0.0037902028684666774,0.007612004738459314,0.0010472194057750573,-0.0060000196328870515,-0.00915495161624955,-0.00047103802664463025,0.013730895859841809,0.02019194409584144,0.007991705293222658,0.0015706499171925681,-0.01002494624715229,-0.02284113044716224,-0.03597758844942602,-0.04342419153794436,-0.035537675857991696,-0.020060863130890973,-0.012473609072382588,-0.008191329639753872,-0.010617205774210388,-0.007677950799469834,-0.00732307410795225,-0.015388200554525394,-0.026729544212295377,-0.044978943720249895,-0.050972222525273544,-0.043440959864120235,-0.03441231512812307,-0.03542078750175123,-0.040212490728115224,-0.045770500888681294,-0.03293554713769851,-0.014828137827079632,-0.006720154275787736,0.01198314234693971,0.03526039898294061,0.05385692699587401,0.057026164553356955,0.030433804318172875,0.007377498491989176,-0.0006805297383838084,0.0014654439063291013,0.002737378568483962,0.005082268100992578,-0.008656176603537992,-0.0234695566809683,-0.015037011605020524,-0.007355525251119597,0.0013529072140811577,0.005812302055068608,0.0054641275695402015,0.010167785829678058,0.006223923135120249,-0.0006304231355464779,-0.004075112567694898,-0.007600043809654744,-0.007348545738261725,0.0025611636382697495,0.010375715468961794,0.014819293838233055,0.028431839460800613,0.041911911951889425,0.0359779648867126,0.012615288567700205,-0.007458926964415815
20180131.Fly7.2,1507.0,0.02740812037279483,-0.27878188148506955,0.00024560714125642757,-0.0030373467268288465,-0.0069396475886154396,-0.010789397143337202,-0.01725607113762288,-0.016371552031217734,-0.011676313977541361,0.007417183263178239,0.0227721382954645,0.02284583885585402,0.012638929436450392,0.00177827438230583,-0.008246161606548771,-0.020133902814578625,-0.01893601508791539,-0.012797834790418607,-0.011723871133598504,-0.008753938173855214,-0.0011347923800167272,0.006598336470274036,0.015454844248122266,0.01976971277266898,0.02178388590493002,0.011657261852561895,-0.006563651815130571,-0.00808748312871978,-0.007685046781287697,-0.006161195756986044,-0.002959638245711569,-0.00579815857827321,-0.011936115420210806,-0.00982534686678238,0.0004571727564590998,0.0023040055445776126,-0.0015942367097905163,0.005770828498826548,0.012109155151057182,0.02958687995459567,0.0460772212150831,0.03120524845746668,-0.00040190116558495214,-0.02319976969159646,-0.030392792780820792,-0.03290387524327718,-0.018263958638109763,0.0027917874529661962,0.014437479569718045,0.02073689557846149,0.027947156537174177,0.02215309984060529,0.018876148378644878,0.019514554963613758,0.02135366584678496,0.015503682601043586,-0.001432554570213783,-0.01080308745326363,-0.009516605426359164,-0.0007149576511235828,0.003478512219447702,0.004923724073271273,0.0009983420033952215,-0.002453226315868394,-0.009241370410611944,-0.010304511407130783,-0.00033018816453507234,0.010753464494545275,0.00860146086973541,0.0077479825424372015,0.011233007221515868,0.010130303468327105,0.00403016736817853,0.0013773381174405316,-0.00020342213762690123,-0.005816369738903205,-0.0030777152272586385,0.0024696452847844616,0.001991950968336893,-0.0008627082329839896,0.0035645737254313297,-0.00305716086091116
20180131.Fly7.3,1245.0,0.18012044222935109,-0.15482267054798626,0.009804296301563067,0.003022171538614264,-0.00485463455789822,-0.017361750168495085,-0.025710459201682176,-0.0292368362966845,-0.027758923043886635,-0.025345676325552683,-0.014108031244776604,-0.011004177681210255,-0.009854697879171509,-0.013909715560722855,-0.020381039092718788,-0.011999159492096125,-0.008408112736501102,-0.015750469862172697,-0.019272645517943655,-0.01753321789584612,-0.014021544458050629,-0.012368339088426538,-0.01350551981084456,-0.015385570992430556,-0.010986337714114223,-0.0007888004837249245,0.007489619644305098,0.0025346399414573114,-0.007350633926758041,-0.01899580804781815,-0.026521541545109793,-0.027290664241156594,-0.02610240382268548,-0.026718061428002104,-0.029595482146792904,-0.03100709944735992,-0.03268415708390762,-0.02397897353073865,-0.004127568460421751,0.017656598962562223,0.03776442232374563,0.042428097033072314,0.031062912034023928,0.009426585738682314,-0.012079564632627129,-0.025456390664601997,-0.02893167035636878,-0.02425636321148599,-0.01320964934232468,0.001878972421630524,0.017972494091282713,0.024608388265071536,0.01990931955727591,0.004931481582768643,-0.01197611000794403,-0.01273611239541732,0.0010782077160417485,0.010196181159599511,0.011243517923284367,0.009554455430234048,0.004669134181799307,0.0020535004249932686,-0.0023618557439911434,-0.010872758066386696,-0.019592002842260897,-0.020819276301603545,-0.021957640167894487,-0.021041095292098584,-0.015191574669047333,-0.013872221903708177,-0.014540516300994748,0.0006457114477940631,0.015191826676644808,0.01765248539217188,0.012906814881901842,0.007383754611778137,0.0047538116786965305,-0.0036913987311972284,-0.0033224791089771885,0.0047477251693334955,0.011475451355196488,0.0177826834551906
20180131.Fly8.1,1290.0,0.07035366500723295,-0.2909891958472335,0.012558948601480152,0.01574649451612961,0.014499089441333287,0.010977399113110367,0.007616551141520315,0.01300330716238289,0.02028998717931541,0.024469677490056116,0.024981424464144704,0.017529866360957057,0.012933581714439738,0.00965941031512921,0.005860312532397408,0.0033283711393845574,0.0007743264929169808,0.003981028565668591,0.004775873250945309,0.0035401140054653166,-0.0014382800307635054,-0.01718790385184313,-0.023732815254617075,-0.017866435135970908,-0.005859531472311534,0.004689962677065463,0.004310726033180824,0.0013468485248948178,-0.001933240931393091,-0.003371671308112654,-0.008001075192547155,-0.014153141752193038,-0.013995372446791346,-0.013246600943926282,-0.008283879066841516,-0.005701686822650231,-0.010650203786933425,-0.011626966344496361,-0.006181930136613204,0.0034866411698356854,0.013415287365916554,0.01823707367522568,0.01843841756225546,0.01171594371077018,-0.0021772474289677786,-0.013519098363690089,-0.019609801803996234,-0.015345200615149617,-0.003004842730960947,0.003939161602766671,0.01671057558916765,0.02490587318748289,0.02560834416634369,0.02183688496800106,0.015509948250221296,0.012572575801922042,0.009943150817992694,0.01249694484952095,0.018435830205267564,0.012501724720591122,0.0038658456508586353,-0.005932965411241476,-0.003110790801083871,0.005416039800347364,0.009649485950510248,0.010402032969778168,0.0014211018429838179,-0.0005395924176581989,0.002694765081702753,0.009848136410072256,0.008183513375530043,0.0034745730757059787,0.005991688934041917,0.010806712811546245,0.011734622077163383,0.007958191539869132,0.0028111099056537534,0.0065085469958722645,0.0110007372179826,0.0032968329464373803,-0.011121132629364707,-0.02546289757738348
20180131.Fly8.2,1016.0,0.14590034888284242,-0.32561442935259444,0.02075940934917915,0.032432584326764755,0.0361653615695154,0.03569485037643316,0.03293594976421513,0.034266417202342955,0.03520980299064796,0.031774665558390605,0.027021776510665802,0.02627100257434828,0.02426225021459923,0.02069214940601475,0.019030086194380527,0.018034944706265748,0.015785104178321737,0.009129725995307031,-0.0008185032277211281,-0.007228555971676645,-0.006249336941143473,0.0016343742302238537,0.011447949383587985,0.016316448704173047,0.019051890390643277,0.019962941288089134,0.011832703298271597,-0.003741754533424169,-0.01371434703358742,-0.016117751309677283,-0.012213827346103283,-0.005934077919342506,-0.005568632503560775,-0.009364149107501668,-0.01208607533186927,-0.0128383943365946,-0.012208539683133665,-0.015427940672951694,-0.017124677875420057,-0.0182158649506814,-0.017414626346779444,-0.010594044678320836,-0.0014107920020305623,0.00390465044901625,0.0006718948156675938,-0.006844258477927365,-0.009587558888991815,-0.01408614766453156,-0.013197280460354998,-0.011859151348346506,-0.008256106745083966,-0.009925711050248585,-0.014751907429417701,-0.02038734668087052,-0.02171069568233141,-0.022798136540277892,-0.018512101103862727,-0.012396391897991282,-0.007462040092109179,-0.007991662409546896,-0.010187898664976595,-0.011504067344138245,-0.010338075888027282,-0.00863552701445925,-0.008128945320796735,-0.003177320556326078,0.002884909156329049,0.009410641898656825,0.015325931038085045,0.02084858728106788,0.022054865459955584,0.018737358012949307,0.010919205007610618,0.00988481502367442,0.009950102938247175,0.010614668112347084,0.007539408116324338,0.005236154585288378,0.007140032178799857,0.011576736406399356,0.007883181097323735,0.005231839231762089
20180131.Fly8.3,638.0,0.09032249088891431,-1.1047200965398085,-0.032096688566649455,-0.02604921490192359,-0.014135426792454057,-0.010734435919894366,-0.017234106491127738,-0.024273775459614497,-0.01656270659375265,-0.001754825821009937,0.00869937029236207,0.009598611700352654,0.0018067873069549261,-0.00638146623652918,-0.004158667769465273,-0.003131834557253129,-0.0031097001103523795,-0.0007162553692354603,0.002882657616261824,0.004557442412776396,0.004747016176450411,0.005488826782138485,0.0031105846587612127,-0.007242782741771785,-0.018882472711509602,-0.0322463459880469,-0.04009859369750089,-0.03803836272956336,-0.03013314707080908,-0.02003898712743587,-0.014388811039344498,-0.006914076109955937,-0.0005526527159761363,-0.003388600959541778,-0.010831840720818189,-0.013644987302009082,-0.010365291177743643,-0.011814948086100563,-0.013431036786586381,-0.015414640751349651,-0.008112376623832056,0.00810268274204248,0.024806585861395357,0.03393474233949298,0.023293571802715834,0.00793919283613231,-0.0005190415643028794,-0.006749018716584428,-0.01063837818587298,-0.013892690185658453,-0.012094833963379919,-0.003691008313521228,0.004926280086988364,0.009422048415317382,0.010032989602725034,0.011485370620952416,0.013163772981832623,0.0073260389088507195,3.747185857577409e-05,-0.006344239075328538,-0.00482929835458978,0.004682270449152712,0.00918559516341201,0.007883417890021225,0.0056111514115421805,0.006091436352748425,0.010160597196300972,0.007972948261209404,0.006025626293364429,0.007183809761457653,0.0055800666902896204,0.0022510673567463233,0.0009972116110791788,0.0007979749178982415,5.758421378748315e-05,-0.0015192667153454526,-0.004710078430931804,-0.008005070032186751,-0.004396118767472803,-0.001883198443332604,-0.0043335229230663805,-0.0034190363891239187
20180131.Fly8.4,1285.0,0.21816932713097315,-0.08733649242071428,0.01145146407000815,0.013224330073762232,0.012630726983806894,0.00969008247189588,0.006890396943193515,0.004660319963020917,-0.0037041403750496505,-0.0041936586625424405,0.0013780548990425727,0.0016479088155697571,-5.14689664225545e-05,-0.01411082230558765,-0.023539616401247777,-0.021708662520760723,-0.016939218963452726,-0.010379293610606606,-0.013308102704137341,-0.013525051455161053,-0.012764713511952583,-0.014634550911985811,-0.015213459000807322,-0.019490583520061108,-0.016194721546292503,-0.011393543289882525,-0.010978558080828833,-0.008973850262009133,-0.01535214569760872,-0.019677607779726186,-0.021078884784197328,-0.021073413208810843,-0.006970847595187635,-0.0016036321653893266,-0.005121843489733128,-0.014116810105290296,-0.030301405515456754,-0.040482137471616705,-0.04653677619033508,-0.039120972847407426,-0.02721783279499665,-0.014594944223815725,0.0028710721774937724,0.019580302820905872,0.02836729403568945,0.018420899212924835,0.004919580186580133,-0.0012017722308439562,-0.0037559096197708934,-0.005682584737187111,-0.009676253246858784,-0.004389411752866855,0.00863436044333629,0.01817101346371472,0.015674590707717453,-0.0017691835689652774,-0.007529174231206654,-0.0009792743582207658,0.011681289523787426,0.014793543029050957,0.008851263553349534,0.009771941193828978,0.013425083222049623,0.011802993971143321,0.008581026225502043,0.00795662817624835,0.01453483716874958,0.021452807555889644,0.02085717165382503,0.020743371832285497,0.011766128324936013,0.010412576056778053,0.01649268530052547,0.018615118301703888,0.01176644389435854,-0.009346464138672564,-0.02031933615648133,-0.011652216195863112,-0.00020945749358859924,0.007280779915440456,0.006151079489499027,0.005650895416761637
20180131.Fly9.3,1965.0,0.1636759505829828,-0.024363254584557792,-0.014606515459719503,-0.015552735029835306,-0.009906121096323004,-0.004836372077786561,-0.011294337900073016,-0.020726178329942706,-0.014017304297068796,0.003922175354311623,0.01227396247267231,0.004058337342377288,-0.0046738275470025025,-0.0006477208079288358,0.010141276349158759,0.00836439682003905,-0.0019800474975896504,-0.019477718264631058,-0.020604775026647135,-0.011162808311238328,-0.0027532094466280205,0.0020774356195848833,-8.098866068335189e-05,0.0006625545595181856,-0.0005607766598803624,-0.0018135582412082245,-0.0032520273657458375,-0.005016087051927923,-0.001552207965012461,-0.0027893323067193295,-0.006164627958510431,-0.004931603317225928,-0.00864012820522985,-0.01325750363948062,-0.012903460449768448,-0.008080845265614,0.0005415162559548347,0.007605186951131046,0.00844370828951186,0.003180957418417179,-0.0010221144741827828,0.012077809799118983,0.03402748457556077,0.04850863433036418,0.05297282735609719,0.04694008058657655,0.03679176120675955,0.023703519004272252,0.005801260934557825,-0.004333346545991662,-0.004093990047587845,0.0037566258758243098,0.016590517067920918,0.02212571100478168,0.01900596244117119,0.009893898904639044,-0.0015025889712166043,-0.008783780168843477,-0.006291918899018107,0.004677332426413515,0.017974786919646542,0.023647796897185845,0.017693756036305706,0.010061621116165518,0.009417045147267485,0.009552829410488994,0.014248138944228005,0.017957346581071464,0.02363114714368862,0.024799847069147278,0.017245350023991152,0.008246608487576421,-0.00011658925740556403,-0.007272331847115446,-0.013958492585780158,-0.016618013485833645,-0.011438957429917554,-0.003407295584127388,0.005609504167395309,0.012211084382701997,0.008871090314968147,0.007217722881013556
20180201.Fly3.2,1513.0,0.04851149562709678,-0.24956572681685074,-0.019439463017171116,-0.02411946900499429,-0.018030352843388078,-0.014630902491857683,-0.009422852721000652,-0.007792467809179898,-0.0073680750819921795,-0.004575167295230283,-0.0026672145973969425,0.0012849966727918282,0.0016803703153117201,0.0016851330685261176,0.002769590833470533,0.0014553638652774284,-0.0012739873865829508,-0.005615085655434913,-0.010292597648853815,-0.009548879676195235,-0.0031500044830076535,0.004223250143365272,0.004854218588825957,0.007044917205061656,0.003814030875581372,0.000318205183930204,0.0013132095475396062,0.0008417482766076409,-0.00038082724702814157,-0.004849193732714696,-0.00425673835306438,0.0016137340485141674,0.002777888787234972,-0.0006056533581045447,-0.005537325895588389,-0.010298711549198574,-0.016229172766002383,-0.017104167389064815,-0.005559963504689896,0.004466840570103758,0.010424443638895983,0.008692256814150558,-0.006432257984448361,-0.02686828867579545,-0.04129234689862134,-0.03913649021435673,-0.022364950277639493,-0.004465244513370813,0.005417518039743813,0.012673339596006092,0.020388868511956582,0.02438936886710644,0.023026345716550493,0.017653410596543045,0.010256962024278173,0.0006851202018666674,-0.006164935111337698,-0.009055135093621077,-0.0046291069042061145,0.00290630696006382,0.00986615338966531,0.013787195228064614,0.007837244407600617,-0.004146086339431893,-0.013844150281590688,-0.008892898620915793,0.004611812382613096,0.013372390097348273,0.010836868602094575,0.006079608001741123,0.0018842634483773521,0.001744502316554206,0.004157978492667435,0.0097488372048248,0.015560058685203746,0.014155422996870044,0.008771737243566132,0.0016070254183606224,-0.0037635786488896704,-0.004141711077586039,-0.0002591720033703003,0.0030722680075971386
20180201.Fly3.4,636.0,0.17356461719475047,-0.9184961118567676,0.021095989431870858,0.02555189005923297,0.014798837652151934,-0.0015827480722771738,-0.018762643266257956,-0.030187720150759007,-0.03244708413924026,-0.033605990184297614,-0.03996545380446801,-0.04663974774398875,-0.04696057807576292,-0.041172579987566245,-0.030767440560238325,-0.01677953274203946,-0.003915293284128571,0.002653295404967472,0.0027321229671069215,-0.0009779498572390242,-0.0008266784513477861,0.0022480328361687407,0.003140756430830287,-0.002825270382624468,-0.008315614221918916,-0.010110361983243282,-0.007987412920295592,-0.00557652471724634,-0.0056038227784090035,-0.008184006747102386,-0.007551410184105408,-0.002789349209138404,-0.002231788966385401,-0.007452261446030459,-0.0204948952446617,-0.03231342078522201,-0.03831628694317193,-0.032530909283750784,-0.015532185087895898,0.01094559705585633,0.03382906283160617,0.03808783694992768,0.02735556119337251,0.008580215793042835,-0.0076157162815088265,-0.011336138387603981,-0.0020372209392126184,0.018805181689416944,0.03483323837696684,0.038325081640425925,0.029547613812719028,0.012374022501588764,-0.0034835165488756627,-0.008449892500302213,-0.004158856475825205,0.00337924804603806,0.002866316411970088,-0.001700505412000341,-0.004133063586694781,-0.0011306714200202124,0.007222656225385914,0.017122261877435235,0.020476976968339892,0.017293925777693602,0.011387325650790883,0.006931893535976107,0.0036026004085960898,0.0008766224515018068,-0.0037953899000464724,-0.009118083285221784,-0.010592809721795477,-0.002803853196600285,0.01237685318231569,0.02560545281471263,0.026292730741569563,0.011601389872487008,-0.006583671596562745,-0.018533523749095282,-0.022087333767897947,-0.017188725125356408,-0.011841292793801719,-0.010232862103017564
20180530.Fly1.1,995.0,0.21460552256258425,-0.23338826978203753,-0.0083198133486225,-0.010830402050591907,-0.011878680619925029,-0.01321570968805618,-0.010843014765519106,-0.006067194248107655,-0.006678082295560896,-0.012325795614964967,-0.013675616070729665,-0.010109936380347153,-0.0004372084270540212,0.011367068953964778,0.016624558759803173,0.009708600034108138,-0.0011486926154121182,-0.007887781385894238,-0.008692581602464557,-0.004741801340693107,0.004117914121032591,0.012877408129356147,0.01798922919246292,0.024382657030185596,0.0323704321501427,0.03397962536506692,0.02839819709974779,0.021105390240831776,0.014818743333668486,0.01229295529934784,0.017660267272977245,0.028198228446231776,0.03406277805576528,0.030035197088502278,0.02539535193467965,0.027681167463384143,0.03190244402556295,0.034346887875064964,0.03422215214074221,0.03235909649533793,0.023090644397664013,0.010865906350566057,0.005627697301585154,0.007636522111559118,0.008386984967900317,0.005188843994584813,-0.0009460083013116536,-0.003101409925062632,0.0029969209690091075,0.010241803785775397,0.013163268121328614,0.012827775639476308,0.013539143652371051,0.009584062906158267,0.0028719491631526155,0.0008093986516966268,0.006117192901464017,0.010933289213094693,0.007973315599273802,0.0007004937475831659,-0.006028001181346802,-0.013891609270685163,-0.02108629568863428,-0.018685338341952754,-0.007788706349216685,0.002932612720839184,0.0091528831147425,0.005017565907678881,-0.008893707995323814,-0.024090507128643728,-0.030446614321866742,-0.026299740903101505,-0.02003826626604578,-0.01718987281958291,-0.01576905923761033,-0.012688525729446698,-0.007062080992919363,-0.007582747325968328,-0.009745160336526053,-0.004927662973403597,0.0033228890363112763,0.00750761238536723
20180530.Fly1.2,655.0,0.1489678782129521,-0.9035766050698295,-0.0032135406616272235,0.0006901045464321943,0.013307575909741512,0.023107938048804677,0.021261148165073743,0.01217564762828087,0.0030461926257504693,-0.001260919147813082,0.0022836017400278182,0.008859699807844785,0.006818786062011508,-0.0017455439901411759,-0.006288414955215897,-0.006971807129088704,-0.005758655882452566,-0.003723086474760199,-0.0036588644539975223,-0.0057468974867759615,-0.007629761730647362,-0.0052335560397328024,0.0024334617001462925,0.013186668012906261,0.019549713529997268,0.017075121395575685,0.008899423330399546,0.0039604246589880505,0.0060087930182671535,0.011796607457898144,0.017399461347736667,0.02214031013576326,0.023459064949024857,0.01781571594077798,0.011791208403413474,0.012381200809511774,0.019620574406322273,0.02782164426254693,0.029967960047009967,0.02322120831472136,0.007234354676896611,-0.005998582691047815,-0.0026858108495714183,0.013728386276692012,0.029549722326268138,0.0370803945699529,0.03582663164060914,0.02832116671173298,0.014979035145766914,-0.002553442013181253,-0.016727890855477635,-0.02105019494591157,-0.018816450735484814,-0.015558987966158531,-0.013437632800067054,-0.007752858186667077,0.002813931340928534,0.007749394758706653,0.0016509057109020113,-0.008567830525246086,-0.014410757984122266,-0.01699762832834335,-0.019509906515108033,-0.0217439793775053,-0.023336057671019827,-0.02200911177562646,-0.015781563648590145,-0.006515430243771726,0.0023721637297589187,0.008293040175385874,0.00880548620004916,0.008114511210625426,0.008997794364635105,0.011372367639989143,0.01198854201546864,0.008939484109206912,0.005117783500392662,0.0013937239546903274,-0.003450003271342905,-0.005426140766238391,-0.0025315519570043824,0.0015375947562793636
20180530.Fly1.3,0.0,NaN,NaN,NaN,NaN,NaN,NaN,NaN,NaN,NaN,NaN,NaN,NaN,NaN,NaN,NaN,NaN,NaN,NaN,NaN,NaN,NaN,NaN,NaN,NaN,NaN,NaN,NaN,NaN,NaN,NaN,NaN,NaN,NaN,NaN,NaN,NaN,NaN,NaN,NaN,NaN,NaN,NaN,NaN,NaN,NaN,NaN,NaN,NaN,NaN,NaN,NaN,NaN,NaN,NaN,NaN,NaN,NaN,NaN,NaN,NaN,NaN,NaN,NaN,NaN,NaN,NaN,NaN,NaN,NaN,NaN,NaN,NaN,NaN,NaN,NaN,NaN,NaN,NaN,NaN,NaN,NaN,NaN
20180530.Fly3.1,0.0,NaN,NaN,NaN,NaN,NaN,NaN,NaN,NaN,NaN,NaN,NaN,NaN,NaN,NaN,NaN,NaN,NaN,NaN,NaN,NaN,NaN,NaN,NaN,NaN,NaN,NaN,NaN,NaN,NaN,NaN,NaN,NaN,NaN,NaN,NaN,NaN,NaN,NaN,NaN,NaN,NaN,NaN,NaN,NaN,NaN,NaN,NaN,NaN,NaN,NaN,NaN,NaN,NaN,NaN,NaN,NaN,NaN,NaN,NaN,NaN,NaN,NaN,NaN,NaN,NaN,NaN,NaN,NaN,NaN,NaN,NaN,NaN,NaN,NaN,NaN,NaN,NaN,NaN,NaN,NaN,NaN,NaN
20180530.Fly5.1,1265.0,0.1810078816972266,-0.14616257732607463,0.02179510602920969,0.013083007081288536,0.009651900083934828,0.011326112290160497,0.013524518594420644,0.011113176330841289,0.006537194201496416,0.0034126692224911324,0.005371442682061508,0.010593045929142128,0.011688471863037817,0.011221755434176925,0.017722477193270626,0.022983999633864632,0.023421228058595363,0.016504202466762874,0.006372776651338502,0.0007128773046287102,0.0035408366955310988,0.008955493599710648,0.013505768205226776,0.015059277107079619,0.01122532227946748,0.005622716481290889,0.0038002663934685447,0.0031502632965564525,0.005931478907345955,0.016852858138431077,0.02795203269079529,0.030224335567447667,0.02184547707937402,0.007883713999655971,-0.007674913318616489,-0.012587455257091252,-0.0018569444616336737,0.01722659925694361,0.03687432439134739,0.05296534246967702,0.052742174878617404,0.035926023142236724,0.011524204172840625,-0.011247980858292884,-0.021141603431881546,-0.014560506288191954,-0.0012422979007130123,0.009567392420337599,0.012165333565339083,0.009819093417643785,0.006612852686591525,0.006097228494708368,0.007327310479276933,0.0067850008099558075,0.013621349894900617,0.02622731524000248,0.02963436146016805,0.018895162870910705,0.0036336415301301502,-0.004695625381562969,-0.0006224690186100217,0.0064921138245483375,0.012983653885878655,0.015679952895529526,0.007212788770553471,-0.007609175578874786,-0.015998537325075262,-0.014346050221869864,-0.005865158587998001,0.003544334223061751,0.012260867552871188,0.017010858547890736,0.010814447107584026,-0.003004621537588123,-0.010532289073772256,-0.0038866368197185246,0.0054549324670328655,0.007816678337922158,0.004657769417652809,-0.002073804308975192,-0.00850252294391837,-0.012391645077538888
20180530.Fly5.2,1597.0,0.09423863052411341,-0.1701987900897599,0.007591438119148494,0.009880383654762275,0.00921696968618616,0.0032760689296066907,-0.0038193317211175945,-0.0036555232993100307,0.0014652399137626356,0.010060184241454185,0.01870438960663224,0.02124894710247747,0.014542283056670609,0.006368937402763135,0.0019672413224341902,-0.0001496725083999554,0.0009494408137444142,0.0030112124882265387,0.005778473330690079,0.010766225469343698,0.01164557349446929,0.008908548537577797,0.002328096797989053,0.004735214797361367,0.01344458371647879,0.018826937034360607,0.017332691885983794,0.01329546489563619,0.008666824678620415,0.005583020565303688,0.0022748584527662826,-0.0045518756234749005,-0.006299348228148043,-0.00216452603977124,0.004165016882846851,0.007971794932645231,0.01264480186276815,0.023740667556426415,0.03399405150888374,0.03171396902365547,0.020206946887559103,0.006256616562617384,-0.001477683908922393,-0.00020292975116127752,7.826758724077637e-05,0.0006701551272751421,0.005467391050662802,0.01686349828252211,0.027124794066278345,0.026906669889489428,0.023404746710908187,0.022031128861543247,0.019001366598513612,0.01697277744664661,0.018130341306935374,0.01924102216471133,0.016071259298953738,0.006993918004781054,-0.003980065386275591,-0.009040844454230087,-0.010287369438565909,-0.00807537325644204,-0.0051942123699025775,-0.0020452443749786526,0.0028920641541922178,0.015566313801640795,0.024082192930004173,0.01655188161337678,0.0035890329259533754,-0.004276297252163943,-0.004881635072072426,0.0022073086393422925,0.011129805175121188,0.017793760116838624,0.018311024676146054,0.009608600807230475,0.00021361155467429144,0.0010892789410150922,0.013195203187897369,0.026927419035417597,0.027611714404815378,0.015480489024648261
20180530.Fly5.3,2444.0,0.023343583050296712,-0.14568847202813529,-0.007062410646042593,-0.0015541095771563467,-0.0033515921314146665,-0.005307549586313052,-0.005870444522244843,-0.0046110316004013,-0.0024251474468770105,-0.002373489590214034,0.002426833800593223,0.006297085718180948,0.005491654797784086,0.0027842227962090265,-0.00185438170926055,-0.0016061627310297968,0.0013175823386201108,0.005461436744836716,0.003335509696398767,-0.0028198258648897425,-0.005723682579031254,-0.0036205181128628624,0.001975056673821548,0.0029433612261874622,0.0014313424287663787,-0.00038513505021350864,0.006690085215199528,0.010232906438258384,0.001969981725256133,-0.007779026204025516,-0.011877150063825523,-0.0013260100517353923,0.003018862438666756,0.001503159359791465,-0.006806954447331113,-0.006752833484617889,0.006321745033475333,0.014179282195252895,0.01672062423573449,0.012489809957720692,0.008008215656988067,0.0025976220482373763,-0.007162454764036535,-0.01059390793539157,-0.00800822956055671,0.0010655545705379604,0.013246602069000258,0.009667052590710315,0.00898684165595365,0.00842749670592253,0.007572637629466041,0.010879442297881431,0.01815255278516981,0.019639259881226435,0.015300720240193211,0.012632407505312037,0.007715839069865427,0.011337659373638575,0.014709659452881534,0.008169402492874877,0.0015237152413094667,-0.003332581869514127,-0.005179731452564589,-0.004045410285552417,-0.0010769650656646435,0.0015725569971659355,-0.0008022263932921792,-0.002578846260483708,-0.003975011102488381,0.0024535831703662663,0.010660650286984987,0.014320811074508964,0.010041216285286158,0.004140332989501065,0.008338588127399939,0.012673954570475716,0.017401736878380293,0.015279264040316801,0.008857928498527382,0.006451974223321934,0.0063297695006924,0.004356106789319049
20180530.Fly5.4,1455.0,0.06795955138957732,-0.23951869296000372,-0.0354939085381544,-0.025725418037083746,-0.015427674883881325,-0.013210398554676143,-0.015617747994416306,-0.010704076634390717,-0.009181061039711122,-0.012329841656052354,-0.008338168064880722,-0.002474929878107773,-0.004847348585160335,-0.0073691679684823284,-0.00573069270843281,-0.005419060141895928,-0.006377504658915147,-0.003175632367480366,-0.00745880448818326,-0.01471359925091042,-0.008358930936837287,-0.005813390971767198,-0.007763799624230054,-0.01070657641468174,-0.016524400207503603,-0.020849356068878156,-0.01856744677992994,-0.00806515795457197,0.0015631128413257378,-0.004151526975143158,-0.00907853776578051,-0.006305768292006706,-0.009032847938699079,-0.015212885695568208,-0.016120229363277283,-0.015554980309547125,-0.018501327605157936,-0.017594178965870517,-0.0206150270120273,-0.03137984958825502,-0.04109719786865571,-0.03020265836367728,-0.025629915174563873,-0.035383130152416724,-0.042344618828389066,-0.031456743950437197,-0.021776383881609216,-0.013100405945299484,-0.008340970035704245,-0.015256029872385054,-0.016435271838085925,-0.01488597658662506,-0.009278353373227402,-0.006535833388379441,-0.010475391114422241,-0.015532079301162582,-0.01528063275256457,-0.013519982165328615,-0.013336289517851431,-0.010658586525048572,-0.016624503447259083,-0.025435458585962075,-0.02540809200888236,-0.018037794241720553,-0.013660856174976964,-0.018123283852931396,-0.023324421299650767,-0.01799029308324236,-0.011546683084123446,-0.004448669340928231,4.8238294979906754e-05,-0.001692907934836217,-0.007689650884159525,-0.015005894581568322,-0.015920630313680996,-0.010707676196760937,-0.0005310020883205175,-0.0033409054915621746,-0.013654427699180524,-0.02078304270629049,-0.018308184315502386,-0.01054305051421636
20180530.Fly5.5,1549.0,0.0641851671401612,-0.22005843312653806,-0.0017313248501804445,0.0016360590813227405,0.005286160619989045,0.00498102761421059,5.4070616132898996e-05,-0.002613829935677907,0.0015206113775158355,0.005176251046255922,0.008492935584084607,0.01186176714868288,0.014812848719302314,0.018638033198600152,0.016478024829177845,0.005096005721410329,-0.005795898895954508,-0.005688650951168731,0.000751944394178229,0.005344274757834776,0.0032132943723678586,-0.0024093305075644986,-0.010095121070484688,-0.016474224526479314,-0.014681183700732866,-0.004494041640839369,0.007885546781105108,0.016082559740171216,0.018297683859925234,0.01730838500820332,0.01314641458510225,0.004336698197374881,-0.0027338227016123944,-0.004978875541369697,-0.006322634074332637,-0.008081753334365682,-0.010703836974763622,-0.013203666105466619,-0.01592437667858015,-0.02093649336765372,-0.02063317959651709,-0.018072315629892872,-0.01953014720077247,-0.027351133683235475,-0.03413909836665656,-0.03319199669635476,-0.023336868570633405,-0.012807811127215149,-0.01013045495722203,-0.014674895513374099,-0.022064661159019956,-0.02547908530183486,-0.02061579523132433,-0.007882840360722797,0.0078055091780845805,0.018658235318426215,0.014649817293438287,0.0014049909763295709,-0.006095477556349542,-0.004694310537582434,3.3945829667860965e-05,-0.003039554209988965,-0.010370598652215093,-0.01501044380676756,-0.016217192788681254,-0.012375966987049493,-0.005604435536732851,-0.003248408191912343,-0.005868498165121528,-0.006725972991336925,-0.0036915171028088544,0.002885320864667295,0.006020634355617178,0.0036283126981981684,-0.0015029680192001486,-0.004334327015082969,-0.003006720707270095,2.798419242238537e-05,0.003330155097666205,0.00831439223748498,0.011785220425810199,0.009938459248749736
20180531.Fly2.5,0.0,NaN,NaN,NaN,NaN,NaN,NaN,NaN,NaN,NaN,NaN,NaN,NaN,NaN,NaN,NaN,NaN,NaN,NaN,NaN,NaN,NaN,NaN,NaN,NaN,NaN,NaN,NaN,NaN,NaN,NaN,NaN,NaN,NaN,NaN,NaN,NaN,NaN,NaN,NaN,NaN,NaN,NaN,NaN,NaN,NaN,NaN,NaN,NaN,NaN,NaN,NaN,NaN,NaN,NaN,NaN,NaN,NaN,NaN,NaN,NaN,NaN,NaN,NaN,NaN,NaN,NaN,NaN,NaN,NaN,NaN,NaN,NaN,NaN,NaN,NaN,NaN,NaN,NaN,NaN,NaN,NaN,NaN
20180531.Fly3.3,686.0,0.1608012214607315,-0.7767932543081513,-0.03184175335713438,-0.024761887257522142,-0.009542058877402145,0.007363030161789396,0.021462910268406694,0.026023877513926014,0.022078793247050796,0.01226711825653233,-0.0005221364501095902,-0.01381652332706252,-0.02326876867829588,-0.019664193031889137,-0.002822011226605085,0.01615128958705695,0.026784423915037756,0.03367923629295101,0.03580536439941755,0.03515438953429113,0.03506344567737661,0.03468387780090666,0.029741033080398757,0.026608039048787897,0.02451146208287689,0.01936144685409815,0.01358231751540892,0.010687484560723944,0.00654192716418308,0.0006387081131489754,-0.00966826835386445,-0.02155169968306583,-0.029233061674988774,-0.03092629322513845,-0.029105513368371583,-0.029893655324074873,-0.03393626860440183,-0.03761084837713349,-0.03441244264188335,-0.025514935609296067,-0.011458869657925277,0.007498992547117811,0.027993985820811015,0.04188375651885666,0.04352950802478816,0.035034780256507636,0.02360976094737029,0.013945962885871944,0.008814555694558707,0.01279723278090666,0.025320381084839222,0.03900955159622237,0.04190392580791529,0.033674516754784216,0.01738407447053266,0.0003992010420981401,-0.009606511836943147,-0.011130750074333185,-0.007260275620444386,0.0014769279560784996,0.011065067235117531,0.017659983302868443,0.018707278653908543,0.012503649315293176,0.0038682200072081,-0.001229785283196788,-0.003967427569826165,-0.008336099723352622,-0.009862117307855769,-0.0027323761710148723,0.008384486896754221,0.017299380338235467,0.023925992718890402,0.02463086720132277,0.01667418423305811,0.0012208283381451967,-0.012442894308333341,-0.016619701908745486,-0.013277559290555931,-0.009437962263470333,-0.008030272167602909,-0.007600700122164431
20180604.Fly3.1,1155.0,0.039275273298313707,-0.3978991302744954,0.01095312444840245,0.013780974339061888,0.017094736673187328,0.020089962634722208,0.016444695939554214,0.005588608313368769,-0.007141634130552907,-0.015897631170195253,-0.020987724585053567,-0.020515301775819138,-0.014916962029585661,-0.00578593040039853,0.005452886002002698,0.01247582058547143,0.013477534804706853,0.009929210269914434,0.006850586437040244,0.0026367578474307844,-0.001256463658167696,-0.004201490216895043,-0.009331581277062634,-0.014128718462932753,-0.010933915970678344,-0.0009866838729554082,0.0074515553972908325,0.011925338669384387,0.007116111046701167,0.00023946294626675621,-0.002323082392245861,-0.004957196711936861,-0.007662298065893284,-0.007655094174018641,-0.010574779676673203,-0.014947540287230719,-0.015501805431533868,-0.012480150782839271,-0.013288356638599353,-0.021943612141106933,-0.02368542314105043,-0.012242395858226217,0.005214893435324281,0.019068198852479117,0.02695316893497589,0.026340977214013333,0.02116650183882182,0.011706959632764854,0.007587860303607071,0.012188234530203445,0.017497216071973912,0.012811837595877564,-0.0007486664522114756,-0.012462155479124907,-0.01743309384164541,-0.013543717395501169,-0.001134788412388316,0.007950985172413903,0.0013144009038903984,-0.011242590690019372,-0.015287607358561698,-0.010736693757902828,-0.004918431805594278,-0.008293850707813258,-0.014599242721670663,-0.01305829353997222,-0.004048922712146842,0.010685050781347153,0.019882472250703095,0.009944249145227672,-0.0024533127622340858,-0.008157607557885955,-0.01414635993468396,-0.020997258187837358,-0.030187913738950613,-0.03304628609744522,-0.028153255229660463,-0.016940344536272127,-0.00711013365914186,-0.005257287096476689,-0.0055297437029481105,-0.000303334160094751
20180604.Fly3.2,967.0,0.0339744484996064,-0.5427140594078663,-0.003131869164530489,-0.004846831452659831,-0.009154788726091224,-0.01272192719292811,-0.012237711022795666,-0.004358849722363784,0.0016879247764569434,0.008239155157683864,0.02142936396122571,0.029637007764234575,0.02252746088142281,0.013700888715857904,0.007190856553018318,-0.0010383947020480067,-0.00732025869310056,-0.0012328489726755132,0.01252936576913209,0.017692617014955107,0.008960884875928986,-0.009387413677619616,-0.022147699978982464,-0.023939577037315446,-0.022986012048255133,-0.018278288677750824,-0.014112826113736082,-0.01055008267298231,-0.0054376441165948615,-0.0036722201576011057,-0.005074500751979374,-0.00694431456377107,-0.012806902437836293,-0.01152353780485735,-0.0043576430582535075,-0.0015284762410903217,0.000523938783320573,-0.0018463458469137961,-0.010787265118306645,-0.016762221468343382,-0.015952370805967418,-0.006007209419240228,0.007682150323113051,0.013773778750036207,0.009585577842687812,0.004552472106881604,0.006656975337774483,0.01020236534818301,0.008242741205249225,0.00698027944075301,0.011207948148280673,0.01395321767120788,0.00901788825224855,0.0021070518567701435,-0.0012311328460428443,-0.005601525035666845,-0.0074712398606833754,-0.004799588685454013,-0.0019339800805497078,-0.004413015086045991,-0.011945720763908792,-0.013105673850467325,-0.008693447515716607,-0.002763450373411101,0.0008874858457214882,-0.004190103617856117,-0.014337487127792266,-0.015953561018304748,-0.011143978770759276,-0.009918171490483586,-0.01020074831621119,-0.010417895668227324,-0.012626407559796871,-0.006108949371344482,0.002860459928554394,0.0035365546709125125,0.001653553405941093,-0.0016279162991291076,-0.002534417183808524,-0.0026894426733150884,-0.0023665089040849794,0.004332778288047552
20180604.Fly3.3,1025.0,0.1590707840692147,-0.2988414029654689,0.006932571322059334,0.007377821611549109,0.004874121798144355,0.002298597803124888,0.0039304807149982525,0.010408722608370313,0.01648621129932635,0.02172241581014607,0.02374899426017251,0.017851320855854457,0.008372210237921208,0.0004248350747879779,0.0004522137394438341,0.003828949154542699,0.004843268416956609,0.0024187924492888122,-0.0021293567722497847,-0.004234499040706569,-0.0033987711754288087,-0.004176502653711228,-0.005622498398798106,-0.001240803815888427,0.009845248120870202,0.021849998270259772,0.02992173027964875,0.0352713633109821,0.03596882825720738,0.032188517221051996,0.02542783079966428,0.015210494435505734,0.004753314326798562,0.002997264163398905,0.011655247322171911,0.018606616186517225,0.022406115307235467,0.024723317921393262,0.02308360867316178,0.017379452666405865,0.007320325582428522,-0.005970398712181867,-0.021432967593879696,-0.03279304986866328,-0.03163778451777075,-0.022018758494641678,-0.017992365579958047,-0.019584663561041882,-0.018200970257710794,-0.016270571066430203,-0.015574329890168917,-0.01662750080593927,-0.021341002728085316,-0.027205407216843013,-0.027431896642432313,-0.02375123687072046,-0.021212884296547278,-0.017317906966686464,-0.00999998609333581,-0.005969605858177111,-0.007557410245354737,-0.007917151230456885,-0.00780215564626553,-0.008955006553518847,-0.007092064563005515,-0.005435191136688019,-0.006388968706314639,-0.0008993240442306985,0.009148418573265744,0.013384329201132368,0.016323889493382458,0.016965549224977387,0.00777425486315617,-0.006678303063835904,-0.017765509948069965,-0.02543794121389058,-0.026323924842349886,-0.020604781748603446,-0.012043038368138867,-0.0050173613678700475,0.0013862524532965018,0.005821262088081177
20180604.Fly3.4,1541.0,0.08693652900229698,-0.19228979583410677,-0.020225203780127262,-0.02136401705547741,-0.020160678034447585,-0.014571319743688632,-0.008732337349360339,-0.004300655356894493,0.0019300218291754129,0.009665844694488094,0.018470161549119273,0.023037489272326288,0.017666370018825275,0.008403106031917906,0.00045217777018034355,-0.005961399098660066,-0.008751737860379203,-0.008322544977208553,-0.0043189451315319375,0.0009473090098213708,0.0047379156704509436,0.0075377667396638705,0.010811895505141665,0.012957140024967865,0.011762232066639542,0.004803984832326888,-0.005353574657956931,-0.011998600376207383,-0.010979330175485297,-0.00591023811962296,-0.0015648579822366794,0.0014051810944391886,0.0039480800423962,0.004380426143493995,0.0033117493633839736,0.0027552037861268666,0.002960075426697656,0.0041234154586512126,0.0038114216342752458,0.005644575276724847,0.010130643129416562,0.014276024447016563,0.02229854240530519,0.032806767543851686,0.037832084782019555,0.036852787272627335,0.030541058945339802,0.016463890036164424,-0.003310556626951286,-0.021964806186789494,-0.032912267740875606,-0.03416714368002869,-0.030163328727896378,-0.026365077631689843,-0.02580212469819023,-0.02804346994829128,-0.029299704237017807,-0.026829215322533084,-0.020406130000927166,-0.011055576163292906,-0.0005496317399311475,0.007970282901542815,0.009336769822312213,0.0018687735755720796,-0.010376297994784503,-0.018592732173009184,-0.018267563431378104,-0.014924414269620889,-0.015714273333997317,-0.01567896273984211,-0.01322333305659649,-0.01245062580826946,-0.014805678686484074,-0.01882890241630143,-0.019176248407792054,-0.014552082171803475,-0.012419775319656,-0.012562768837481277,-0.013782370188040337,-0.01643533192188125,-0.017378513408925354,-0.017356240283208885
20180604.Fly8.2,256.0,0.3792110068032344,NaN,0.027840244153155464,0.03080189065221851,0.03891658752717006,0.046993509297108035,0.04907264197104785,0.04518327637204326,0.037116372806187084,0.02682374937371728,0.02033598691268694,0.02135905232087111,0.0210363983147564,0.01491699261416856,0.010774240418906225,0.008481486934472485,0.004794761368906331,0.0007693697544468838,-0.005388105638666912,-0.013509257933460942,-0.01901132710210662,-0.020015231864242106,-0.016765929807956253,-0.010835710407260028,-0.004161005679837718,0.0011723424526299644,0.005533615172124312,0.005328854963453143,-0.00039818360351401234,-0.00932402706572913,-0.01777625401861665,-0.023815039676751585,-0.02682086442954409,-0.029833343973920044,-0.030131417693769563,-0.023825245923600594,-0.011696471540723907,0.002239385021375901,0.012029707275178641,0.014092146825186325,0.00531662111698577,-0.008564377661025458,-0.021621479280281214,-0.03409950667302396,-0.04421718781002748,-0.045363584409562084,-0.03658264054243341,-0.023973225457769715,-0.012243577555868147,-0.0057724163639595325,-0.0030393010925398064,-0.002456677410758115,-0.0030079417487070444,-0.0039662982453573395,-0.0020699170769063677,0.005143924657503785,0.017813150702500478,0.03042967856153389,0.03813528998408213,0.03948150509575434,0.03846181807933529,0.035402005979174,0.02948281475969396,0.021000116938808027,0.011778499402440063,0.00746286482168559,0.011839207381223458,0.02211855250386979,0.03249468042167629,0.0410583293775141,0.042228725675676954,0.03131261761286861,0.010579103649382091,-0.009948475458290931,-0.02390975791563508,-0.029838209284914267,-0.027512897838758106,-0.019216052710871925,-0.011459737591714253,-0.005408604308825508,-0.0004815784757567083,0.001282320690895246
20180604.Fly8.3,434.0,0.18765719024841765,-3.98877940157987,-0.008935707914446289,-0.01572056747200878,-0.018123031855987844,-0.01711856567107242,-0.012292752939728875,-0.003804564689915914,0.005898712499342381,0.013452677286162467,0.015422081136514748,0.01167416439872063,0.005725887669654107,0.0007181928763231396,-0.0028500293944489948,-0.006011930581293851,-0.010879430043460456,-0.015101367766176012,-0.016036519254321414,-0.012108952790587246,-0.0077714611943797175,-0.006066842955524989,-0.005814478745024856,-0.0048092609380279245,-0.002993129112087042,0.0016500852367783974,0.007186807249960528,0.006679957142939427,1.6880287317294496e-05,-0.008176381257622553,-0.012758242365041464,-0.01316124089069346,-0.009016848496445256,-0.003894976553025736,0.0024439799768607583,0.009778171591769266,0.015299197541540913,0.016770417320997832,0.013982642792311527,0.007495927491990717,0.0007689896738631631,-0.0054428998522010035,-0.011509400980938925,-0.012419929052756027,-0.008677142930006756,0.001821641083420902,0.0165281915349074,0.03007943839317343,0.03742662602572368,0.03856119224119603,0.03361267509728937,0.02595930248721775,0.019564714236659814,0.016260688905463644,0.01604333616669521,0.017030037359154652,0.018010642021900863,0.017635688639751314,0.01788916194551644,0.018514328875328633,0.0177402809278702,0.015381814128695511,0.014350003786092747,0.013446119615630334,0.009805480411556274,0.006562340413286209,0.006374981354721357,0.009585824988985527,0.012142684672848545,0.011771957887876326,0.0064007301273566524,0.0008769072740101929,-0.0031140275122249557,-0.00528628964763039,-0.0008761161381447697,0.009694715495057444,0.021656015166402566,0.03057934969811371,0.03499307897415342,0.0329567607245644,0.026216060364209103,0.019833509009394946
