BEHAV,DAN,20151230.Fly1.1,20151230.Fly1.2,20151230.Fly1.3,20160118.Fly1.2,20160118.Fly1.3,20160118.Fly1.4,20160118.Fly1.6,20160118.Fly1.7,20160118.Fly1.8,20160118.Fly2.1,20160118.Fly2.2,20160118.Fly2.3,20160118.Fly2.4,20160118.Fly2.5,20160118.Fly2.6,20160118.Fly4.1,20160118.Fly4.2,20160118.Fly4.3,20160118.Fly4.4,20160118.Fly4.5,20160118.Fly4.6,20160118.Fly4.7,20160118.Fly4.8,20160119.Fly1.1,20160119.Fly1.2,20160119.Fly1.3,20160119.Fly1.4,20160119.Fly3.1,20160119.Fly3.2,20160119.Fly3.3,20160119.Fly3.4,20160119.Fly3.5,20160130.Fly3.1,20160130.Fly3.2,20160130.Fly3.3,20160130.Fly3.4,20160130.Fly3.5,20160130.Fly3.6,20160130.Fly3.7,20160201.Fly2.1,20160201.Fly2.3,20160201.Fly2.4,20160201.Fly2.5,20160201.Fly2.6,20160201.Fly2.7,20160202.Fly1.1,20160202.Fly1.2,20160202.Fly1.3,20160202.Fly1.4,20160203.Fly4.1,20160203.Fly4.2,20160203.Fly4.3,20160203.Fly4.4,20160203.Fly4.5,20160203.Fly8.1,20160203.Fly8.2,20160203.Fly8.3,20160203.Fly8.4,20160203.Fly8.6,20160205.Fly1.1,20160205.Fly1.2,20160205.Fly1.3,20160205.Fly1.4,20160205.Fly1.5,20160205.Fly1.6,20160205.Fly3.1,20160205.Fly6.1,20160205.Fly7.1,20160205.Fly7.2,20160205.Fly7.3,20160205.Fly7.4,20160205.Fly8.1,20160210.Fly1.1,20160210.Fly1.2,20160210.Fly1.3,20160210.Fly1.4,20160210.Fly2.2,20160210.Fly2.3,20160210.Fly3.1,20160210.Fly3.2,20160210.Fly3.3,20160210.Fly3.4,20160211.Fly1.1,20160211.Fly1.2,20160211.Fly2.1,20160211.Fly3.1,20160211.Fly3.2,20160211.Fly3.3,20160211.Fly3.4,20160211.Fly4.1,20160211.Fly4.2,20160211.Fly5.1,20160211.Fly5.2,20160524.Fly1.1,20160524.Fly2.1,20160524.Fly2.2,20160524.Fly2.3,20160524.Fly3.1,20160524.Fly4.1,20160525.Fly1.1,20160525.Fly1.2,20160525.Fly1.3,20160525.Fly2.1,20160525.Fly2.2,20160525.Fly3.1,20160525.Fly3.2,20160525.Fly4.1,20160525.Fly4.2,20160525.Fly5.1,20160525.Fly5.2,20160525.Fly5.3,20160525.Fly6.1,20160525.Fly6.2,20160526.Fly1.1,20160526.Fly2.1,20160531.Fly2.1,20160531.Fly2.2,20160531.Fly2.3,20160601.Fly1.2,20160601.Fly2.1,20160601.Fly4.1,20160614.Fly1.1,20160614.Fly1.2,20160614.Fly1.3,20160614.Fly1.4,20160614.Fly2.1,20160614.Fly2.2,20160614.Fly2.3,20160614.Fly3.1,20160614.Fly3.2,20160614.Fly3.4,20160614.Fly4.1,20160614.Fly4.2,20160628.Fly1.1,20160628.Fly1.2,20160628.Fly1.3,20160628.Fly1.4,20160628.Fly2.1,20160628.Fly2.2,20160628.Fly2.3,20160628.Fly2.4,20160628.Fly3.1,20160628.Fly3.2,20160628.Fly4.1,20160628.Fly4.2,20160628.Fly4.3,20160628.Fly5.1,20160628.Fly5.2,20160628.Fly5.3,20180208.2.3,20180220.3.3,20180303.1.3,20180305.1.1,20180305.1.2,20180305.2.3,20180305.4.3,20180306.1.4,20180307.3.2,20180313.Fly2.2,20180313.Fly3.1,20180313.Fly3.2,20180313.Fly4.1,20180328.Fly5.2,20180402.Fly1.3,20180402.Fly2.1,20180403.Fly2.2,20180403.Fly5.2,20180413.Fly10.1,20180413.Fly5.1,20180413.Fly9.2,20180418.Fly3.1,20180418.Fly5.2,20180420.Fly1.1,20180420.Fly4.1,20180420.Fly5.2,20180420.Fly6.1,20180420.Fly7.2
Motion,G2,NaN,NaN,NaN,NaN,-2.116769360007721,-0.9853092774876071,-0.7586311572078983,-1.0201718228973178,-1.6641739798994135,NaN,-0.12992750342398596,-0.20866243013689356,-0.0378566767403421,-0.04470709259630734,-0.05613171178129539,NaN,NaN,NaN,NaN,NaN,-0.5461723365251632,-0.30845676247027276,-0.2030323421836171,-0.5704925518910346,-0.3894014061389719,-0.11536009289468385,0.012969112406405414,-0.5430064918050321,NaN,NaN,NaN,NaN,-3.0170252136760496,NaN,NaN,NaN,NaN,NaN,-0.4679544372903437,NaN,NaN,NaN,NaN,NaN,NaN,-0.01846462345082145,-0.03100868232478038,-0.07174150267171475,-0.046806196751846496,-0.20018261217429645,-0.6295131557547577,-0.8067638672727895,-0.5424095765917458,-0.1495800991326397,0.04639736856487631,-0.28609406122809444,-2.5436158527198023,-2.253359877597255,-0.82452019051267,NaN,NaN,NaN,NaN,NaN,NaN,-0.09708050364744492,0.14545518661488321,NaN,-1.0288393545772059,-0.2599713172308835,-0.23116020224354505,NaN,NaN,NaN,NaN,NaN,-2.347828506504672,NaN,-0.1587384775984182,-1.8949229294829522,-0.8755458920747476,-27.795229354714976,NaN,NaN,NaN,NaN,NaN,NaN,NaN,0.1402213455958632,-0.4729925711645402,NaN,NaN,-0.06293790034724656,-0.0725965900139749,-0.0851864214905158,-0.15113267405014996,NaN,NaN,-0.18822103517426236,-3.33958766110422,-1.2334581742593742,-0.01732158178467147,-0.20798421219333108,0.04516075198117753,0.16610932256284894,NaN,NaN,-2.224862104891189,NaN,-0.25039805054187103,-4.864824284313391,-0.19916513844514538,NaN,-0.09502954044094447,NaN,NaN,NaN,-0.055425431435444095,-0.09983034595943274,-0.05919347743325787,-0.12269515830748623,0.1994714023738101,-0.06053565324230625,-0.07184730814784013,-0.05761536793785438,-0.12440242341652508,-0.08971560627187669,0.19403704374972897,-0.08566367687343623,-0.06252657887648438,-0.13195791151923553,NaN,NaN,NaN,NaN,NaN,-0.2782879338908806,-0.47614934623764316,-0.26798443589007803,-0.2520799474156148,-20.712528325928144,NaN,0.26836226715191336,0.07050776902167977,0.11246559410389545,-0.30968225679667016,0.06591647934136047,0.008756992120925844,NaN,-0.05135815027951196,-0.23237472197413211,-0.1796957410122082,-0.8768785474268328,-0.13461318232726582,-0.38271579934341626,-4.943777554182156,-0.27364330023838623,NaN,NaN,NaN,-0.13491545325217857,-0.08737037739528697,NaN,-0.13363173245333915,-0.16237881584176472,-0.11827420434534153,-0.24755797486296793,-0.13559054361775758,-0.17976950700940408,0.09080673010433005,-0.048484508635068035,-0.42180859325013587,-0.7803320301616288,-2.1806378878135253,-0.26211244119924926,NaN
Motion,G3,NaN,NaN,NaN,NaN,-1.8589180876952804,-1.002191888317784,-0.6049086850804459,-0.44670653042431274,-1.33485418339531,NaN,0.0005395585253277213,0.12740200555605008,0.2707389105054734,0.3213767202231167,0.1428310798497222,NaN,NaN,NaN,NaN,NaN,-0.41522554664155065,-0.19806611845569555,-0.22735612819862894,-0.6432407221100933,-0.37503452134612947,-0.2025680682668174,-0.08158441017964391,-0.13781496734761056,NaN,NaN,NaN,NaN,-4.979849944168566,NaN,NaN,NaN,NaN,NaN,-0.3766921006159407,NaN,NaN,NaN,NaN,NaN,NaN,-0.044591845213855175,-0.05144639175168719,-0.11874822222384473,-0.08304695334904255,-0.41417015232543175,-0.482207505413786,-0.557996533711216,-0.6211245513644261,-0.15228798848527436,0.08001371746090835,-0.3092353028674719,-3.167970563960832,-1.7607143040276867,-0.8164787659454702,NaN,NaN,NaN,NaN,NaN,NaN,-0.016721956651456482,0.20987741306252805,NaN,-0.6874460967832545,-0.011055863566534763,0.009845107546241905,NaN,NaN,NaN,NaN,NaN,-2.5603770353802604,NaN,-0.3176768066277653,-1.1523639776877217,-1.1425715193858301,-28.401679897854372,NaN,NaN,NaN,NaN,NaN,NaN,NaN,0.017471755161644564,-0.3539166594517853,NaN,NaN,-0.3439358397847663,-0.0366156861970206,-0.11182691744638285,-0.1120272556319073,NaN,NaN,-0.313010886929181,-2.9812853954268883,-1.2264499689404817,0.14456915371180667,-0.036606593173009294,0.015331715664463008,0.028224031761126644,NaN,NaN,-3.0000454391716573,NaN,0.30091837626322526,-1.1540882716569167,-0.0960385423711081,NaN,-0.1380173700090901,NaN,NaN,NaN,0.06380332010241885,-0.08497475182254877,-0.10964484250110473,-0.1361727549838807,0.057456896762171805,-0.1764067138331642,-0.013397592789481827,-0.22213158831403734,-0.33745303276586136,-0.04718678273937238,0.3199776910610804,0.021003915139511276,0.05723018414856129,-0.1633194307450152,NaN,NaN,NaN,NaN,NaN,-0.27957067420299664,-0.2406615351162007,-0.2582160224824581,-0.08890308443463546,-15.595097766381063,NaN,0.45341859078012514,-0.11382840375282344,0.04945717551033002,0.21921021561811815,0.22628553543735586,-0.04593071574596741,NaN,-0.12488130466760783,-0.07935079219694008,-0.37837076594330066,-0.668363454747948,-0.11306127011557465,-0.3971324758946828,-6.958753847924375,-0.2173870983095385,NaN,NaN,NaN,-0.12491558125403768,-0.13575667661033908,NaN,-0.05169303720586993,-0.22826687736667362,-0.14106706080642728,0.07671346917776134,-0.09666157894093796,-0.1739360006916122,-0.13602966853371878,0.09853108608480043,-0.37251510872395976,-0.814423836679959,-1.7697468494087745,-0.35970496337071367,NaN
Motion,G4,NaN,NaN,NaN,NaN,-2.4530402547022088,-1.197619967294627,-0.6190910683894626,-1.1785000342858267,-2.006795664142689,NaN,-0.48954548516537155,-0.20291673136817479,-0.17807788687850556,-0.3142521773087601,-0.0730516682596527,NaN,NaN,NaN,NaN,NaN,-0.47507491015274494,-0.23259094918615308,-0.18209290798999245,-0.2747929777163127,-0.46478228374117014,0.020911621687184745,0.02955441158309491,-1.0768138628692965,NaN,NaN,NaN,NaN,-7.600834387063854,NaN,NaN,NaN,NaN,NaN,-0.48748518259777396,NaN,NaN,NaN,NaN,NaN,NaN,-0.03323668844871919,-0.10670266543589446,-0.0421467986912214,-0.08314363187140827,-0.035063015663197694,0.024685691075361782,-0.1928763107646767,0.03941302335506025,0.3031769071546404,-0.030446783008885037,-0.3590822598707195,-2.789747636540922,-2.6023240105844327,-0.7279348551960512,NaN,NaN,NaN,NaN,NaN,NaN,0.10427649791273119,-0.0900658673504835,NaN,-1.0104237511232972,-0.04507840682086095,-0.018940775231020224,NaN,NaN,NaN,NaN,NaN,-2.683524726520173,NaN,-0.2292739512355868,-1.9414256246390296,-0.9242398975384463,-31.837796842879854,NaN,NaN,NaN,NaN,NaN,NaN,NaN,0.49387997785713333,-0.41221286402709656,NaN,NaN,-0.6163482990785218,0.12706350520034948,-0.10703494204887676,-0.14929509555164233,NaN,NaN,-0.5165090138992163,-3.3978116215140277,-1.0027095579043213,-0.164376266522273,-0.19399274639241582,-0.0696355631527068,0.028663082617308544,NaN,NaN,-2.2556184361885716,NaN,-0.4803395631367515,-5.194376510144799,-0.33321866189514426,NaN,-0.08756743226910646,NaN,NaN,NaN,-0.06655027538836444,-0.007335943483174789,-0.0847964105228527,-0.1831439047815766,-0.13136047647083537,-0.11498277681923996,-0.15636990150443753,0.06728590220773689,-0.3386956989934353,0.07280796358254116,0.22894746951917033,-0.1335679466163755,-0.11696438321185743,-0.19625619698262642,NaN,NaN,NaN,NaN,NaN,-0.1828800652741287,-0.2218990386255868,-0.2918776365479252,-0.22405560119972145,-12.666365855593533,NaN,0.03879083445898335,0.05985206005813937,-0.003358606716389101,-0.33831716076883755,-0.08878607215432655,0.010499155693483586,NaN,-0.043618858437450614,-0.16812181141247318,-0.07465405957647464,-0.8701529565307564,-0.15612486395972547,-0.3761342307760456,-3.938436599864322,-0.17680577638476036,NaN,NaN,NaN,-0.12545078425882505,-0.16945878002971293,NaN,-0.09772331314615501,-0.2000751028360106,-0.09411839120265975,-0.10296122769915761,-0.1757262641131465,-0.2005321643186222,0.16929209542479629,0.020732398838558264,-0.5337570698883287,-0.6287800169397917,-1.7432540065717292,-0.28463418633396453,NaN
Motion,G5,NaN,NaN,NaN,NaN,-2.0639199590255544,-1.159044853068289,-0.7841219814991067,-0.9513630187750608,-1.742459984626605,NaN,-0.24406051829060438,0.061478937602731265,-0.06689551159224405,-0.40323896589468045,-0.0336738775072265,NaN,NaN,NaN,NaN,NaN,-0.3760277363901725,-0.08934978305223584,-0.1785710662846529,-0.34168452205409117,-0.34215492506638756,-0.18048245142566155,-0.07219862196468596,-0.19987865458326226,NaN,NaN,NaN,NaN,-8.335344229032467,NaN,NaN,NaN,NaN,NaN,-0.6053772228047776,NaN,NaN,NaN,NaN,NaN,NaN,-0.01058564194158107,-0.10925775610494748,-0.05761498087605044,-0.09371771470130219,-0.2629474427161096,-0.36571254133192665,-0.4134024468239268,-0.9147459305090191,-0.08679909215898363,0.2649641622929729,-0.33430708551592114,-2.831890187492718,-1.845317898150653,-0.8370918506794878,NaN,NaN,NaN,NaN,NaN,NaN,0.0007067143015137001,-0.015602507935027932,NaN,-1.058857456612119,-0.21852980420168833,-0.04675000805322971,NaN,NaN,NaN,NaN,NaN,-3.428403944477119,NaN,-0.3291551664469252,-1.9432378630531808,-0.9424597762385574,-31.946616039928834,NaN,NaN,NaN,NaN,NaN,NaN,NaN,0.3791928346583773,-0.46290956591394594,NaN,NaN,-0.561415947336015,0.09799584879535506,0.042798788203239124,0.016772885791401126,NaN,NaN,-0.49530589583022344,-3.520611422723377,-1.2068379363272936,-0.14867757841590623,-0.14863464628683354,-0.04406328373773749,-0.0610644583131561,NaN,NaN,-2.929598285980525,NaN,-0.3631946780446893,-3.6790653209967275,-0.227924041717944,NaN,-0.1406225780341428,NaN,NaN,NaN,-0.05013995589615372,-0.007778379401548907,-0.06286549592129576,-0.1710080063877446,0.17294400846391567,-0.138191891137609,-0.17046025575364832,0.0019416028477687863,-0.2578139911096631,-0.14583544963923178,0.30391827555614914,-0.14518459184889032,-0.10411780796291281,0.21719238581963085,NaN,NaN,NaN,NaN,NaN,-0.24725329247413486,-0.09738106570041571,-0.20448523379985506,-0.2940502918565133,-16.606261986502414,NaN,0.03257359352700151,-0.07984987194365512,0.020883562840057213,-0.46653802825477064,-0.03751531734030289,0.1761608441880087,NaN,-0.002448457001332782,-0.23022336631275842,-0.18395161094110457,-0.9074953388609008,-0.1564501794176254,-0.4235828568126492,-5.821556518519055,-0.31415900668751595,NaN,NaN,NaN,-0.1586180270716837,-0.1265950085001759,NaN,-0.14620143071003167,-0.0631215521272892,-0.09622823995168606,-0.20819480522352185,-0.18619834089846843,-0.04589669179465572,0.5302679926637448,-0.01658079419531,-0.5506954371335717,-0.9917640185314236,-2.221797770507689,-0.3483849352903703,NaN
ForVel,G2,NaN,NaN,NaN,NaN,-2.4191640257692346,-1.2026187729536235,-0.7717375142527596,-1.051244642301846,-1.8201184532019026,NaN,-0.22150591338620362,-0.27550038154866807,-0.07579116225741611,-0.06773174364776091,-0.10623869601753078,NaN,NaN,NaN,NaN,NaN,-0.4312880012492635,-0.3043068222456071,-0.1762429736925064,-0.014459769617898965,-0.11030455440634634,0.21846267390783525,0.35295160400680914,-0.7096859639549717,NaN,NaN,NaN,NaN,-3.6160763883757037,NaN,NaN,NaN,NaN,NaN,-0.3642074825710957,NaN,NaN,NaN,NaN,NaN,NaN,0.1208355495414487,0.007909638778620609,0.030933782670215182,0.21657142208390479,-0.13714707767807188,-0.6122908238019122,-0.6619573092255531,-0.6112972133507146,-0.09481149682648371,-0.07784362359653141,-0.30954091772840586,-2.2995329478084408,-2.249627677518746,-0.30173639893631177,NaN,NaN,NaN,NaN,NaN,NaN,-0.022671489042766835,-0.12706253087632402,NaN,-0.5159554264464234,0.027365436118960362,0.023213240594735063,NaN,NaN,NaN,NaN,NaN,-1.2364043759989154,NaN,-0.1930626058044178,-1.3775307713998601,-0.573934435084819,-23.638578975078154,NaN,NaN,NaN,NaN,NaN,NaN,NaN,0.01713142104440102,-0.4378298279509627,NaN,NaN,-0.5058810247642598,0.11637209189149877,0.03551125402995681,0.007840937888654365,NaN,NaN,-0.543395998854685,-2.514951609963883,-1.1767229440374174,-0.09018494923136844,-0.1397013697932199,0.18398388950999423,0.14428435938038586,NaN,NaN,-2.757114900553091,NaN,-0.4093787400203279,-4.292965445476304,-0.21324997607941998,NaN,-0.056670737423588635,NaN,NaN,NaN,0.016351044617037958,-0.047083784209756896,-0.08399759020483888,-0.09150957019861106,0.24320126356347405,0.0718739101805772,-0.07959219646075355,0.25691640898135004,-0.25097907686085064,-0.0306898318964961,0.2554813272250356,0.0508110987888194,-0.02219893607700607,-0.03191979113507859,NaN,NaN,NaN,NaN,NaN,0.002372456390771549,-0.39929940448748225,-0.09197190106079334,-0.19684011949033975,-20.842918643209515,NaN,0.23929236478258986,0.43843267033498334,0.4158830477638603,-0.66145165362761,-0.10712359079851752,0.10523713650465971,NaN,0.36686835212483204,-0.20831568928613287,0.07173526528654939,-0.5210757892551146,-0.05764297207647595,-0.18391178497319993,-1.7033264399492292,-0.23315639887695716,NaN,NaN,NaN,0.03311173236380538,-0.03231158003857093,NaN,-0.0278400044291498,-0.1136562859038126,-0.011393893856684434,-0.0790078674299537,-0.015175325556740393,-0.06786579000955828,0.4523752372179961,-0.11597712041624608,0.24550658842805406,-0.5596078849352797,-1.170563382580792,-0.1950987657896579,NaN
ForVel,G3,NaN,NaN,NaN,NaN,-2.127273725661903,-1.3489240254716992,-0.6733392828741838,-0.595812351313415,-1.6752196870184668,NaN,-0.1974728195287454,-0.04830607976504053,0.0756252639134608,0.17065595392264088,-0.011523348371064612,NaN,NaN,NaN,NaN,NaN,-0.48038720960488335,-0.23265471630909418,-0.23295831629074915,-0.5217151851783111,-0.20984862049774078,-0.16913913504290146,-0.06670390057870712,-0.4052514783529282,NaN,NaN,NaN,NaN,-5.091044042315179,NaN,NaN,NaN,NaN,NaN,-0.4053168379054566,NaN,NaN,NaN,NaN,NaN,NaN,0.39305832268549945,0.37575845700556076,0.10923383820753374,0.052834953748727265,-0.3943365055271739,-0.6841682889093001,-0.7079363556645264,-0.6849614997275235,-0.028509930321991783,-0.069440052939026,-0.3054567156389676,-3.1601295716066513,-2.1059232153077185,-0.6196360698104968,NaN,NaN,NaN,NaN,NaN,NaN,0.1648810997494925,0.10751136851375198,NaN,-1.0098361569331886,-0.01899444664943961,0.37799417580764116,NaN,NaN,NaN,NaN,NaN,-1.4644624123402687,NaN,-0.3549664616115886,-1.5465870638547519,-0.8472023821145067,-26.857066341686533,NaN,NaN,NaN,NaN,NaN,NaN,NaN,0.034188735602815545,-0.28013807149207115,NaN,NaN,-0.7099708486273655,-0.06786644035742118,-0.09193207186931174,-0.025408764826679198,NaN,NaN,-0.509744527643611,-2.032115948939746,-1.090950950589888,-0.15735096380448654,-0.1925911559608393,0.1818307962171689,0.14453468613483034,NaN,NaN,-3.074912829143674,NaN,-0.33614811905757946,-3.3815828810199697,-0.14022811989645545,NaN,-0.1238577219857353,NaN,NaN,NaN,0.08936354600696483,-0.041423366615622736,-0.029124492582458084,-0.16167614947542663,-0.07184327449791761,-0.19558711812017737,-0.0959695750018641,-0.01186244743143594,-0.2301114949591645,0.0035854671621613488,0.2455564298137406,0.05006095697439117,0.2974294057183072,-0.11033197323662214,NaN,NaN,NaN,NaN,NaN,-0.15596727892831952,-0.41618842900810415,-0.24063834865991485,-0.25369951794249457,-19.494290541435678,NaN,0.16954235662549422,-0.06967308646980674,-0.06523471482271681,-0.5312025955913717,-0.1041509809247978,-0.1468820263829156,NaN,0.0695055403447763,-0.07923341264476225,-0.15880659784064521,0.004264474544237062,-0.07847855952301197,-0.31672639106637424,-6.954578176321531,-0.0935218018489754,NaN,NaN,NaN,-0.13528969346162723,-0.0020965368999730227,NaN,-0.007192875101006635,-0.22592805207456323,0.039402351826103854,0.19662734442029417,0.08138387535324554,-0.01473566523171721,-0.07696437419725188,-0.032165192909585194,0.17319536883120112,-0.5766172982647155,-1.2611711371828367,0.02198742747992133,NaN
ForVel,G4,NaN,NaN,NaN,NaN,-2.0640431974706135,-1.284663861930189,-0.609343015034904,-0.9325201060252801,-1.683192139891874,NaN,-0.4351484413408606,-0.256027247378686,-0.21497476920350356,-0.2997490105944176,-0.0595706636681157,NaN,NaN,NaN,NaN,NaN,-0.4128237505300021,-0.21230336426799123,-0.13274778615209493,0.0028190032445833957,-0.01683644803908213,0.3064283737052308,0.06200720088279288,-1.2122397022379112,NaN,NaN,NaN,NaN,-8.304427876872765,NaN,NaN,NaN,NaN,NaN,-0.44624780537598974,NaN,NaN,NaN,NaN,NaN,NaN,0.25238348225527485,0.012317217725882679,0.024083814408620063,0.18134902768735306,0.3062437355172567,0.31398133848076415,0.21080927358379364,0.09295166593239723,0.45581489853201296,0.04317114963046165,-0.3491133232179213,-3.0146553322373357,-2.661518202729899,-0.5929854340011185,NaN,NaN,NaN,NaN,NaN,NaN,-0.09790950636538032,-0.01440773658021044,NaN,0.12914003393369478,0.5229987364427284,0.5957910487485012,NaN,NaN,NaN,NaN,NaN,-1.64326320254058,NaN,-0.08909187309292688,-1.230799871100725,-0.38802336267701243,-21.598132596279505,NaN,NaN,NaN,NaN,NaN,NaN,NaN,0.40147899684972266,-0.27260413058198396,NaN,NaN,-0.8261759360713234,0.15612479941072022,0.02270556516809108,-0.024074558465702278,NaN,NaN,-0.5921412518900815,-1.735286664806798,-1.2035164786823138,-0.025241299456697286,-0.1301255857220902,-0.010688496541364279,0.014209223565593843,NaN,NaN,-1.8726451174921777,NaN,-0.14000920666474803,-5.72112815715544,-0.30502434086348695,NaN,-0.05095829834707799,NaN,NaN,NaN,0.010168164718736494,0.2639831435533453,0.02297651112692367,-0.17085879086438194,-0.13321915312696908,-0.053247930124483256,-0.13049942169308304,0.22284027701025155,-0.06738301429905214,0.31885192143511487,0.29701029908286447,-0.1280496799949855,-0.043635827587503284,-0.11983557987126292,NaN,NaN,NaN,NaN,NaN,0.05663258772745561,0.34892191399417205,0.11768264687463814,0.19904213541183435,-24.078710107540108,NaN,0.22464258694561257,0.25524339833568777,0.36661623828593237,-0.574537470362483,0.15186274705342484,0.5100399954198367,NaN,0.29116480419849955,-0.13986292778174914,0.24433640905338205,-0.5313791588615844,-0.13290458734412636,-0.17431522808467026,-1.720384561362068,-0.11854335903428503,NaN,NaN,NaN,0.009605141733953215,-0.09907466883480964,NaN,0.018416473085462348,-0.10474248544131282,-0.03489348035543638,0.34029661269433265,-0.07657492172160896,0.017275499669187067,0.3726545206287779,0.15347229232567794,-0.24653421739772075,-0.3567612453429896,-1.5339836679654844,-0.16085780363223234,NaN
ForVel,G5,NaN,NaN,NaN,NaN,-1.8610113630405731,-1.4922186515903637,-0.6920353983646466,-0.9049998653516134,-1.6372710534756045,NaN,-0.17419765708316826,0.1616466955213316,-0.11226699696762665,-0.34023993447508505,-0.06334417813394477,NaN,NaN,NaN,NaN,NaN,-0.323106222335114,-0.013485570227184773,-0.17661495376789516,-0.35076845815928515,-0.12839260526173235,0.09165809938703395,0.08699478318176412,-0.35891682419006954,NaN,NaN,NaN,NaN,-8.367740073527239,NaN,NaN,NaN,NaN,NaN,-0.47167704652661246,NaN,NaN,NaN,NaN,NaN,NaN,0.20051800952311472,0.06811386746584502,0.18894855802280286,0.15839535679962546,-0.194204989523173,-0.40621707339937463,-0.3459287861729601,-0.7309389373328838,-0.0672595324532379,0.23157707174650388,-0.33749769198996704,-3.1165711972801526,-1.8655301785532101,-0.46721175858831154,NaN,NaN,NaN,NaN,NaN,NaN,0.2747482387910648,0.035598148644805816,NaN,-0.3181101431007911,0.13113459298723162,0.37628393187611486,NaN,NaN,NaN,NaN,NaN,-2.4800174325254267,NaN,-0.322036860411973,-0.9578759409962618,-0.9877853568294743,-24.138240185798832,NaN,NaN,NaN,NaN,NaN,NaN,NaN,0.1615509882248436,-0.3770361031046088,NaN,NaN,-0.48476883210035115,-0.02953613578440195,-0.04654123388987763,0.03342325574467764,NaN,NaN,-0.6343326521711394,-1.9907394145717974,-1.1663021673629368,0.12867736446470912,-0.17138790575579588,0.02015850407381936,-0.005014760238776006,NaN,NaN,-2.3981422189121178,NaN,-0.29343765330110894,-4.041824613885919,-0.2917904883752058,NaN,-0.09062255504190841,NaN,NaN,NaN,0.27470762015716654,0.3023085095242751,-0.021160735254151186,-0.1412591590229213,0.06793859981555184,0.07428194041275704,-0.0968022450597863,0.11499683153729323,-0.062327873055298966,0.030181048601326754,0.3871010101504697,-0.06298855405786075,0.05915686408536147,0.16269972442747294,NaN,NaN,NaN,NaN,NaN,0.06462796058660325,0.5320851159141176,0.08617681272752775,0.11958884583844054,-22.64160449574825,NaN,-0.05007040658115414,-0.0017009339911435717,0.2606428927528627,-0.6859361850587444,-0.014165706687228719,0.2555408209910073,NaN,-0.03823985065058877,-0.2047795954946099,0.13968705668849024,0.1794410022321028,-0.14672912700598628,-0.38735107139106795,-5.228734284826515,-0.24312004413587762,NaN,NaN,NaN,0.040772001152783455,0.09490496802206982,NaN,-0.04383935806813333,0.3070582649942324,0.07874198108036368,-0.1268596570157372,0.45332590885458546,-0.007788158287872271,0.5629007981245384,-0.007967423857462519,-0.7318619136507138,-0.3622150339677006,-1.6323072410917097,-0.1238132642946701,NaN
AngVel,G2,NaN,NaN,NaN,NaN,-2.045407905433132,-1.2280813198172194,-1.0120436715943688,-0.6718296203968981,-2.2165810052106747,NaN,-0.5318592418063097,-0.3868402876169905,-0.1607453325165249,-0.15444942596133737,-0.07066194165412232,NaN,NaN,NaN,NaN,NaN,-0.4923021254085298,-0.22858274669613143,-0.18775697368907274,-0.7277555133114411,-0.5295858254036392,-0.07870111349252795,-0.10238588624765566,-1.0269852551907999,NaN,NaN,NaN,NaN,-4.267886800336491,NaN,NaN,NaN,NaN,NaN,-0.4508424131945503,NaN,NaN,NaN,NaN,NaN,NaN,-0.06278821567054815,-0.08568198619049916,-0.0748529671368725,0.11228346458569916,-0.35340769988899723,-0.6403445647212995,-0.6980842357340842,-0.9151095963545404,-0.2630694030034064,-0.026773598659397324,-0.2952109385147681,-3.395023032260241,-2.7061889581624294,-0.6901254926304794,NaN,NaN,NaN,NaN,NaN,NaN,-0.05621695384581438,-0.14343582178465475,NaN,-0.17304306182413054,-0.4290337333371159,-0.01916539972634257,NaN,NaN,NaN,NaN,NaN,-3.5154025016782215,NaN,-0.3485716372553975,-1.9615870509455768,-1.061147080457193,-32.279954771488406,NaN,NaN,NaN,NaN,NaN,NaN,NaN,0.049995540889983814,-0.48433202967099387,NaN,NaN,-0.48654090096934266,-0.005101665115527565,-0.07833020469434837,-0.14493218921806217,NaN,NaN,-0.5849793661465441,-2.8606335743058753,-1.0529831510777177,-0.1189685398501732,-0.1864669336079674,-0.10399025975255505,-0.1253431159916285,NaN,NaN,-3.2065861269649263,NaN,-0.44207441545563975,-4.808858237892621,-0.3816797604601423,NaN,-0.11118141964443229,NaN,NaN,NaN,-0.1367447172728593,-0.107010999286141,-0.08802590136132804,-0.16551764863901175,0.07081370887312388,-0.24828853395133876,-0.1705908509341536,-0.1647934377040381,-0.3672187007308445,-0.21396375335175088,-0.0713972327920922,-0.03312796666320428,-0.05997840066587168,-0.18784861528327834,NaN,NaN,NaN,NaN,NaN,-0.22240663732020804,-0.329051022046031,-0.109565444050713,-0.20343357550972696,-25.749474325908558,NaN,-0.0635586998335178,-0.08110347340151813,-0.03179905896349289,-0.5539566302246093,-0.10796075038171171,-0.07256729398827,NaN,-0.03896921106094853,-0.19703232945838312,-0.3396361784994679,-0.7302853658830741,-0.16221542981706505,-0.5276904194643102,-4.37635145385047,-0.40981666547578444,NaN,NaN,NaN,-0.13051655660442996,-0.09809036806223692,NaN,-0.02578264386669904,-0.27456168759683974,-0.16102383392210462,-0.20446784981811605,-0.09304441901879335,-0.16170313128007474,-0.14784074294967775,-0.19272816950959704,-0.9254865856993697,-0.8164527787754121,-1.7642869760602702,-0.4524246615690728,NaN
AngVel,G3,NaN,NaN,NaN,NaN,-2.349917597465129,-1.5347788517375558,-0.8738396406292386,-0.9446061322838215,-1.8113001529917616,NaN,-0.309236483704568,-0.29280738473302725,0.1191419930612817,0.11846836558864238,0.08585640270125905,NaN,NaN,NaN,NaN,NaN,-0.5021116860727379,-0.21672700571434378,-0.1913562497899226,-0.6098874904254394,-0.480277449955419,-0.15461526103964673,-0.1461116908304867,-0.21880859805806874,NaN,NaN,NaN,NaN,-4.929504217202724,NaN,NaN,NaN,NaN,NaN,-0.5083968931070126,NaN,NaN,NaN,NaN,NaN,NaN,-0.09409609131603225,-0.020087973055725072,0.008285057777883131,-0.024959632013325184,-0.3586047676707027,-0.4240344387496351,-0.6855410230516272,-0.8299226870622964,-0.331112675647935,-0.12593427743754337,-0.36938609939736033,-2.8233658960612535,-2.1438394627878266,-0.772361248639557,NaN,NaN,NaN,NaN,NaN,NaN,-0.032893210509124415,-0.014768927592602399,NaN,-0.8720792875028993,-0.3678491564632633,-0.060005661203104355,NaN,NaN,NaN,NaN,NaN,-3.056615681805831,NaN,-0.3377770734816987,-1.0677658225008502,-0.6916606589831307,-33.723817405973804,NaN,NaN,NaN,NaN,NaN,NaN,NaN,-0.017752654505881038,-0.44984041918625106,NaN,NaN,-0.6672704981756221,0.060499683124144,-0.14141830133604394,-0.14549556374533923,NaN,NaN,-0.6195825681994704,-2.023042403889519,-0.5839668111575478,-0.10529870896382287,-0.11424184884874644,-0.043719462145867416,-0.15322249458871107,NaN,NaN,-2.8901669738774123,NaN,-0.40829826550618,-3.5766630132699238,-0.37367022349013546,NaN,-0.13160352052007385,NaN,NaN,NaN,-0.11014856990159672,0.035839750087177324,-0.11764689695042407,-0.1417237464055019,0.09712948084197692,-0.22521674856155882,-0.16465287628441772,-0.10569350752271611,-0.3760338316764542,-0.22378942889123477,-0.01372541474940392,-0.09125081890989084,-0.056396140228666125,-0.1618877689355087,NaN,NaN,NaN,NaN,NaN,-0.27991430476513823,-0.47831693015093624,-0.0561263085778021,-0.21729281993116656,-17.519548336456033,NaN,-0.016334134147417245,-0.0780800576273728,-0.09136631581536347,-0.5858388737268063,-0.025930612920660456,-0.14390107367901783,NaN,-0.09839736333520643,-0.03122635418681252,0.1690756363699154,-0.8384846222379041,-0.16424934303148597,-0.47051782264269626,-7.216239433783462,-0.3127134886279521,NaN,NaN,NaN,-0.19534426837564323,-0.08978773348499458,NaN,-0.15003204695725603,-0.33816372487412805,-0.08118793809356917,-0.16278984963630982,-0.0504953430059365,-0.13026964315871248,0.018144067026496402,-0.15981692652111645,-0.8858466391263984,-0.48301366964458303,-1.5498223073651305,-0.34773495081849815,NaN
AngVel,G4,NaN,NaN,NaN,NaN,-2.227331079223542,-1.1158467942321644,-0.8860390522445107,-1.0461918165297157,-2.067617663599897,NaN,-0.39512335991549885,-0.17488221728294406,-0.11906380271125694,-0.3971251878951767,-0.09295938774694879,NaN,NaN,NaN,NaN,NaN,-0.5221237070419695,-0.274788756953944,-0.22848203067568695,-0.5241768460978351,-0.3653994888037928,-0.04050902010339619,-0.1550679814504201,-1.1823216870615223,NaN,NaN,NaN,NaN,-7.434976780404744,NaN,NaN,NaN,NaN,NaN,-0.45439222962448755,NaN,NaN,NaN,NaN,NaN,NaN,-0.11539023232082601,-0.04146363050594637,-0.017807898950841228,0.0037269736095849604,-0.352070536538297,-0.4052262166156049,-0.7034333655978393,-1.004010909511715,-0.24036180840371757,-0.018653859422381736,-0.3611258816183125,-2.6645034430182966,-2.3423118905030633,-0.7199591570865234,NaN,NaN,NaN,NaN,NaN,NaN,0.08238528969714376,-0.1576127156477738,NaN,-0.5726265186233754,-0.3729741388466923,0.08896574662655332,NaN,NaN,NaN,NaN,NaN,-3.6837997798671385,NaN,-0.34862184293100795,-2.015773913148486,-0.9874959368339495,-29.366970457798043,NaN,NaN,NaN,NaN,NaN,NaN,NaN,0.21469210773380287,-0.4023169792953707,NaN,NaN,-0.5822615607762915,0.11263634285996849,-0.1347304454325169,-0.08882365189691188,NaN,NaN,-0.28294339957235626,-2.774531008079288,-1.2122040313548066,-0.1295753787060967,-0.22683191049319218,-0.1406938568437086,-0.08182695895021608,NaN,NaN,-2.408077941779236,NaN,-0.6732967071802194,-2.942001030551344,-0.442050090681537,NaN,-0.1158915742561053,NaN,NaN,NaN,-0.08831060059746876,-0.04066377308052149,-0.07588821245205057,-0.15900823602852787,-0.04496373490292971,-0.1899561263387517,-0.14895944190952815,-0.15801734296252357,-0.3745916883228264,-0.03787745955363908,-0.043605518765207796,0.022216322506381503,-0.11486615541234957,-0.1483330028874179,NaN,NaN,NaN,NaN,NaN,-0.24242099862432376,-0.34213597156103415,-0.0660014378171685,-0.23920927151081628,-21.611922591119946,NaN,0.027395459778789766,-0.01362232070209668,-0.036878491915419254,-0.7070869072639221,-0.1617771485318038,0.09693128892693914,NaN,-0.08423408912223751,-0.22854776978007552,-0.3223446687878162,-0.7028765028586679,-0.11328550822258454,-0.5791114500816552,-6.6033713059218755,-0.3913526221724297,NaN,NaN,NaN,-0.15419746502662468,-0.06964663437484009,NaN,-0.0697261291050022,-0.17583219512912107,-0.1240903191113687,-0.19132038788068728,-0.012770628187035227,-0.17213506395620293,-0.11908885456943374,-0.13936603200254294,-0.8022796020882086,-0.4692062673052755,-1.167548390721655,-0.4458107056853724,NaN
AngVel,G5,NaN,NaN,NaN,NaN,-1.7980506349682512,-1.419053638677958,-0.9751461015175527,-1.2350403298201273,-2.4103391985752745,NaN,-0.12716027947451236,-0.05256158422798163,0.07083060350254189,-0.3700044831457432,-0.07860005096756884,NaN,NaN,NaN,NaN,NaN,-0.36514512505399543,-0.27931682811435965,-0.1888630309574839,-0.645351926494941,-0.5689248777296538,0.21303262409760626,-0.15704034073316264,-0.14539308185131494,NaN,NaN,NaN,NaN,-7.09361353742608,NaN,NaN,NaN,NaN,NaN,-0.603792862384557,NaN,NaN,NaN,NaN,NaN,NaN,-0.08537301388426766,-0.05183215773753114,-0.0783758392517544,0.01114652533306848,-0.37983838106667855,-0.40664304176736055,-0.7018044973101205,-0.942021011558049,-0.2683639981223249,-0.18759410965117285,-0.40204608641678075,-2.6741270295117303,-2.811520692633864,-0.8850990417374494,NaN,NaN,NaN,NaN,NaN,NaN,-0.09218214821033177,-0.15534880331759982,NaN,-0.889450270792107,-0.43669657879885304,0.009602977772279364,NaN,NaN,NaN,NaN,NaN,-3.1907549968460884,NaN,-0.2859779232746327,-2.189824683963614,-0.9358430538725935,-36.30666243421611,NaN,NaN,NaN,NaN,NaN,NaN,NaN,0.17922552532932212,-0.3219394620575735,NaN,NaN,-0.6456027349613491,0.201741443925763,-0.12717850355685822,-0.168676754381337,NaN,NaN,-0.481687262942067,-3.1501918531065947,-1.0981945220038054,-0.12474018445379742,-0.22024466847130353,-0.051199514673872404,-0.1598370526232864,NaN,NaN,-2.889262621434003,NaN,-0.6645491613438983,-3.935396819552853,-0.3965350497309026,NaN,-0.1300643904376646,NaN,NaN,NaN,-0.1313342028216422,-0.007198679324674995,-0.0970698576008302,-0.1601241207749864,0.1748007705241167,-0.2129183361247513,-0.22681082702347788,-0.14915931439138386,-0.28096360210362925,-0.21018907481324,-0.06624478254454313,-0.0712370335194854,-0.14118338951336584,-0.15782448636197177,NaN,NaN,NaN,NaN,NaN,-0.31481484519474323,-0.3377779764378155,-0.2584455799770007,-0.26909338527206117,-17.745482858704545,NaN,0.022523910660296576,-0.014826286580463366,-0.03119232563779084,-0.7210432599772938,-0.18145931361393797,-0.10551834608861288,NaN,-0.10082265239976351,-0.2248257859123417,-0.3419468842275655,-0.8227659437121331,-0.15726908024089448,-0.595385063591592,-5.16809367526303,-0.17106520333385067,NaN,NaN,NaN,-0.10367719345479354,-0.10133970754374366,NaN,-0.06950124201619956,0.04207479287811444,-0.0554132080376184,-0.2341855821930905,-0.16833713329893163,-0.1421010138739116,-0.14397976773521637,-0.16691118739483635,-0.8141330381694925,-0.7144235843705795,-1.6912968937353416,-0.45358459096974024,NaN
AbsAngVel,G2,NaN,NaN,NaN,NaN,-1.3016267438774105,-0.7413377534537613,-0.6744655329751057,-0.8737671328795404,-1.717153891932254,NaN,-0.18501344959731836,-0.25748884119371684,-0.1264482778606466,-0.19806196879798632,-0.08262919298638072,NaN,NaN,NaN,NaN,NaN,-0.40610208359926014,-0.11476411179311463,-0.17369171932783,-0.4792984863634935,-0.450046166415194,-0.06292251819521799,-0.14238217844343604,-0.9528570589897298,NaN,NaN,NaN,NaN,-5.634371742160152,NaN,NaN,NaN,NaN,NaN,-0.4696243109611338,NaN,NaN,NaN,NaN,NaN,NaN,0.13981119795182007,-0.07045691265583365,-0.0762093779475681,0.12113190683039143,-0.39072097664315497,-0.6370213078095721,-0.5256478656730001,-0.6397690963794511,-0.1543082435051486,-0.020126969523742932,-0.2733102138556467,-3.064000226653551,-2.520746511730761,-0.5423666555289552,NaN,NaN,NaN,NaN,NaN,NaN,-0.045329922535591205,-0.027756633898074146,NaN,-0.5943037456164086,-0.10937216228838431,-0.042005078803062146,NaN,NaN,NaN,NaN,NaN,-2.5674399494283215,NaN,-0.2543997259938149,-1.9049982919644224,-0.8920615695844323,-30.325649375251903,NaN,NaN,NaN,NaN,NaN,NaN,NaN,0.008416804671135703,-0.489508810845495,NaN,NaN,-0.4631878253433963,0.035593068015251084,0.025709189340558658,0.0044363360478876235,NaN,NaN,-0.23333982180337132,-2.781371746584221,-1.1446524981078343,0.02186406397424423,-0.14679112898346225,-0.0055424678817665995,-0.09490983727015112,NaN,NaN,-2.9923063352514547,NaN,-0.3784254745173401,-4.455091915543579,-0.30110173900087744,NaN,-0.06391051568361772,NaN,NaN,NaN,0.06022978543629198,-0.0881549780770925,0.00224578564764899,-0.08786936516408694,0.07703016135908847,-0.14931109417599142,-0.16475744760118238,-0.13227712863172725,-0.2747119106182445,-0.12247609743615984,-0.0902237510338737,-0.08275238745957769,-0.0805957298023885,-0.14116712832257927,NaN,NaN,NaN,NaN,NaN,-0.11718724634232802,-0.31057492029047107,-0.2743200123069123,-0.12632039927826844,-17.116970499364495,NaN,0.11774856268550238,-0.027751325052281395,0.06735647483175555,-0.44517063499465825,0.03915958032272027,-0.06941059157841645,NaN,-0.05702277518626886,-0.21422129096406817,-0.4914720055081443,-0.8693707735755978,-0.16483766480535667,-0.4123951064511957,-3.5758052618217544,-0.37037987793901994,NaN,NaN,NaN,-0.08399861404216868,-0.10305532725997324,NaN,-0.08587926142614744,-0.2043782053778851,-0.16337019727610125,-0.17970548351828697,-0.10311820797890792,-0.13687384672228298,0.03168452824225676,-0.05260423393550839,0.060904134785258024,-0.5095919575594261,-1.5252327631488312,-0.4171145795516371,NaN
AbsAngVel,G3,NaN,NaN,NaN,NaN,-2.180943987168123,-0.8190941232319546,-0.5757060829949219,-0.47623433150902517,-1.5248586164410871,NaN,-0.060878003627874655,-0.13065080933555984,0.1720073597244488,0.09259190511585713,0.12757467143829782,NaN,NaN,NaN,NaN,NaN,-0.37528098667536125,-0.07643298079928229,-0.12540084943555985,-0.8075239062545021,-0.38345398030643785,-0.14480746548480328,-0.15385002923148217,-0.13155619900277182,NaN,NaN,NaN,NaN,-3.649667845400022,NaN,NaN,NaN,NaN,NaN,-0.40178761677483266,NaN,NaN,NaN,NaN,NaN,NaN,0.21072735555106992,0.10897873421948934,0.1587485890942807,-0.07534339407380819,-0.3910169720203256,-0.5702548615651721,-0.36841372360294034,-0.6384812404631064,-0.1662432172297772,-0.1262694239905946,-0.4074242523206226,-3.4210083468941095,-1.9616675028067108,-0.8522902413472699,NaN,NaN,NaN,NaN,NaN,NaN,-0.015387853414594366,0.2642183993153704,NaN,-1.001126467892823,-0.38108033705647615,-0.1291375686916605,NaN,NaN,NaN,NaN,NaN,-2.4573731469582882,NaN,-0.10212950758374784,-2.0867819415094204,-1.0695510979478153,-33.9983510304645,NaN,NaN,NaN,NaN,NaN,NaN,NaN,-0.050782181236556534,-0.36638371121626756,NaN,NaN,-0.5666227900249707,-0.09818330697276068,-0.01805438523219438,-0.021927419919938407,NaN,NaN,-0.4272699634353718,-2.7383494551282475,-1.0841916499260087,0.1925849281703642,0.004498427027965768,0.015873424948262715,-0.05935472897650573,NaN,NaN,-2.461550254282878,NaN,0.2296098384265547,-2.0617115713368874,-0.1029664037527156,NaN,-0.07789546699782646,NaN,NaN,NaN,0.055385333480387655,-0.0022172925930370457,0.25361684051972677,-0.08801662407303534,0.0719589094006905,-0.11486506855328882,0.009992988465238661,-0.12325245044721767,-0.3345828616337774,-0.10057397193641004,-0.023949085687879457,0.03910556400205267,0.14687942897241357,-0.007852550149494375,NaN,NaN,NaN,NaN,NaN,-0.2314307235987516,-0.3495597120676064,-0.2931181656114421,-0.14398716112397048,-14.691212268395885,NaN,0.08697643639651953,-0.13149304622556302,-0.017566268121808726,-0.27436030429320724,0.19060837871350167,-0.02479726549648964,NaN,-0.122457597172277,-0.07902144566190583,-0.4177870952558216,-0.5684828079361686,-0.13119868043554095,-0.3548200699435844,-7.142664767123632,-0.21930472528592548,NaN,NaN,NaN,-0.14754496313795373,-0.07025936650770093,NaN,-0.010768731063744985,-0.2896568038293075,-0.13375176685633994,0.19265358078497608,-0.047645871211086765,-0.02390015963165948,-0.14247708589180275,0.09730035145589566,-0.04709684337192099,-0.7107299091651458,-1.4267560454657064,-0.42826805124690415,NaN
AbsAngVel,G4,NaN,NaN,NaN,NaN,-2.243944093119633,-0.9319337919447168,-0.6329650378276284,-0.9881764676076825,-2.055984414268838,NaN,-0.4976534360195166,-0.26678278907230024,-0.13155179253977134,-0.26614547993733617,-0.0656172104605095,NaN,NaN,NaN,NaN,NaN,-0.4591245047309054,-0.23545837076289367,-0.15837794150264406,-0.36782226532866447,-0.1587917786476598,-0.01513415099204729,-0.14481209722570454,-1.1968578573016604,NaN,NaN,NaN,NaN,-7.3436506551053515,NaN,NaN,NaN,NaN,NaN,-0.5913167604378418,NaN,NaN,NaN,NaN,NaN,NaN,0.13248043670017529,-0.042089192398473196,0.05914931845993088,0.0350468768102441,-0.08730242848283476,-0.5033745871223996,-0.6218228437883113,-0.768890244875764,-0.20738642692259246,-0.23724854009217666,-0.27967213181940376,-3.1086250751201883,-1.9419052465199362,-0.5967979234088219,NaN,NaN,NaN,NaN,NaN,NaN,0.0880535103184491,-0.112611444604926,NaN,-0.5071222751356506,-0.02762226873166962,0.16002779766751118,NaN,NaN,NaN,NaN,NaN,-2.5440679413279184,NaN,-0.24400451868517914,-1.0512950561388386,-0.8208745632371304,-26.169576009661128,NaN,NaN,NaN,NaN,NaN,NaN,NaN,0.17796920036064723,-0.20579517313903994,NaN,NaN,-0.43784893164951355,-0.05819367579430046,0.02819218511276511,0.0035805393311679756,NaN,NaN,-0.44115261294736463,-2.933601226741026,-0.8280782510256197,-0.11935770737390605,-0.1554626431623105,0.00924805279882901,-0.07848157738543748,NaN,NaN,-2.5299094837780736,NaN,-0.5330059819165223,-5.282290879116073,-0.3573345215675847,NaN,-0.04912861750661501,NaN,NaN,NaN,0.028616256055600253,0.03493396836948415,0.011239923262843288,-0.16750683373482556,-0.1684372883264622,-0.18726308068845654,-0.21955809065293597,-0.04119360368123415,-0.3993027934647111,0.04629524191247392,-0.13224796975533892,-0.10902667835467561,-0.10085099890898586,-0.09987338074140384,NaN,NaN,NaN,NaN,NaN,-0.1998895218152854,-0.4362853678139822,-0.2758952693840151,-0.08830574511698241,-14.877175481591765,NaN,-0.06101922887473488,0.03158362187775965,0.029217928139075422,-0.5883412543237108,-0.15575431474143864,-0.17395178054001237,NaN,0.007453154963773634,-0.25791531241765564,-0.3708051430555295,-0.8244883134582242,-0.08701433021128757,-0.4423269477500251,-5.074483083947363,-0.347070197358589,NaN,NaN,NaN,-0.15022375560503676,-0.11406174823981785,NaN,-0.11505439131671213,-0.14289003724119986,-0.08543995594956577,0.012723893879829085,-0.10712522473081298,-0.06101706099202442,-0.08632252872827206,-0.0533847622171475,-0.30300586666421747,-0.8381787963795082,-2.0909614044681284,-0.3545530186574808,NaN
AbsAngVel,G5,NaN,NaN,NaN,NaN,-2.5120484149644944,-1.2676286412825961,-0.8838064401192185,-1.0743594512194616,-2.4444895728795424,NaN,-0.6090980389975875,-0.3898778855772642,0.08364543050440909,-0.2263892536966059,0.1031500032820668,NaN,NaN,NaN,NaN,NaN,-0.4517257475709828,-0.20295979197005276,-0.1917821342593733,-0.6563230027040674,-0.49452634153514086,0.12986532295273956,-0.1926313784143312,-0.1191473829455032,NaN,NaN,NaN,NaN,-8.402181302326495,NaN,NaN,NaN,NaN,NaN,-0.5356563758740078,NaN,NaN,NaN,NaN,NaN,NaN,0.18017246794207376,0.022592284526452455,0.0016053110760618772,0.005506408126217832,-0.16945156648775672,-0.6368850892282147,-0.724627237640197,-0.9646869525535222,-0.28940127509813474,-0.09397696167722147,-0.4014065181373758,-3.4741777219053125,-1.9162913639931878,-0.7711060296744907,NaN,NaN,NaN,NaN,NaN,NaN,-0.0835561949764898,-0.16559091476990306,NaN,-0.5287554004122628,-0.24909527597998027,0.030380751658827254,NaN,NaN,NaN,NaN,NaN,-3.427603680153168,NaN,-0.39244503295831756,-1.415369169753304,-0.6070668375628936,-30.950087835500298,NaN,NaN,NaN,NaN,NaN,NaN,NaN,0.24149099499131332,-0.12682075850351038,NaN,NaN,-0.25036870180254023,-0.16587277942630663,-0.1308999954630028,-0.13960308168356983,NaN,NaN,-0.513065733440897,-2.3926743235942487,-0.9575761919615451,-0.15423538473982923,-0.13985176841696378,-0.07071004526294011,-0.18960454546068295,NaN,NaN,-3.24448551397409,NaN,-0.4145218308592187,-4.155753074161212,-0.3730340779503112,NaN,0.03088021763895643,NaN,NaN,NaN,-0.07294631910183669,-0.03617288777999894,-0.056283747447821275,-0.11600252063776684,0.04337440680585092,-0.17713808287893307,-0.17974145314983314,-0.10292678195065053,-0.2428763605496933,0.008265670392340607,-0.13738927808933976,-0.14666906246998068,-0.09612159368116924,-0.06065880435488813,NaN,NaN,NaN,NaN,NaN,-0.16878705641022074,-0.4570902508081971,-0.2198365668266924,-0.05214722721832166,-18.99282454101571,NaN,-0.051258276251545665,-0.057509522290828397,-0.014989561248363925,-0.4997689899756952,-0.19256942760434326,-0.16920378721797902,NaN,0.15291677796005487,-0.27262387827076373,-0.4418138488152257,-0.8948938873910088,-0.15409709799829607,-0.37462736831087073,-5.696744380126697,-0.30859483092369655,NaN,NaN,NaN,-0.16285389077447365,-0.0964593251082031,NaN,-0.08766182286141144,-0.12856786508453366,-0.10925747260115992,-0.19191934463592375,0.024862153536644227,-0.12882898479536387,-0.19107885564134053,0.007050206679517834,-0.7501268531150815,-0.9295254056672178,-2.006431189308222,-0.46989102069790545,NaN
Heading,G2,NaN,NaN,NaN,NaN,-2.732990180438297,-1.5047728558317246,-0.8679523985179638,-0.9124615997993961,-2.061093539774933,NaN,-0.5334501422084581,-0.34816352623530045,-0.3281136657725805,-0.43232677992024016,-0.11945911495635575,NaN,NaN,NaN,NaN,NaN,-0.5673946211805911,-0.35255418538847794,-0.2513552304537059,-0.7646876466821233,-0.5202957974506834,-0.16618311562953925,-0.2316170151418413,-1.595936877261337,NaN,NaN,NaN,NaN,-5.771819027559257,NaN,NaN,NaN,NaN,NaN,-0.5225580634343829,NaN,NaN,NaN,NaN,NaN,NaN,-0.09645166914460668,-0.09897067237339874,-0.07619850260082695,-0.12998391252466446,-0.3100552553674887,-0.3395069066630163,-0.7635912981993538,-0.8929514536723511,-0.32885327671367914,-0.2782952533552985,-0.4130916408611176,-2.9285293336349527,-2.406906044669933,-0.743376597340168,NaN,NaN,NaN,NaN,NaN,NaN,-0.1261776575359248,-0.27134472355513783,NaN,-0.9371041943672542,-0.3047896538322168,-0.15877820446273438,NaN,NaN,NaN,NaN,NaN,-3.0888702372878996,NaN,-0.39591545219692836,-2.145601051195833,-0.8852999483161461,-24.608828611878806,NaN,NaN,NaN,NaN,NaN,NaN,NaN,-0.1603636468029479,-0.396275154055572,NaN,NaN,-0.5113323970600856,-0.138134472896547,-0.14988340286868018,-0.1546369009437698,NaN,NaN,-0.31137127030772094,-3.162979615241655,-1.1780169351474319,-0.18666912178627726,-0.18684330637623248,-0.1339501991512324,-0.1861832515475761,NaN,NaN,-3.1244312127383544,NaN,-0.690749588574421,-4.635019717910803,-0.3637429270952077,NaN,-0.11821790647688646,NaN,NaN,NaN,-0.12468163649777697,-0.12308037565554564,-0.13474814537383928,-0.14812208080728673,-0.21262031430394157,-0.1278151631786999,-0.15921138845311633,-0.12920604045020312,-0.33335833439541096,-0.17838797789776528,-0.14699425394583487,-0.1286500767680745,-0.07120034252627394,-0.1684826047789061,NaN,NaN,NaN,NaN,NaN,-0.3282981114704928,-0.4560193506367205,-0.2859201729714178,-0.25384084523224093,-20.206104358451462,NaN,-0.12729213445965448,-0.11421306718085655,-0.13507835099624543,-0.31918926828708183,-0.0872314566549186,-0.15232606715696684,NaN,-0.12230764732165156,-0.2978215663254262,-0.37062745641368666,-0.8568580620118273,-0.1534771392078469,-0.3944952909687567,-6.821492667850696,-0.2782994983960936,NaN,NaN,NaN,-0.15512266835570832,-0.13436036838681242,NaN,-0.13873402645361033,-0.26109868068390263,-0.14456954837879832,-0.17692923234888447,-0.1394590844544985,-0.16149207203548777,0.05537811748554489,-0.10879836129866471,-0.6493331206454236,-0.7157533480280189,-2.1503960984158876,-0.5031366946982307,NaN
Heading,G3,NaN,NaN,NaN,NaN,-2.7864773792724753,-1.4643144704566442,-0.7669419268194304,-0.8702996525325424,-2.1549590299427175,NaN,-0.5483036733810136,-0.2851627575019593,-0.306599598998351,-0.4398404796397446,-0.11272189030233415,NaN,NaN,NaN,NaN,NaN,-0.5767766560296756,-0.31825265345069265,-0.2627582897980112,-0.5137546782539482,-0.5261051118435423,-0.2087203205075252,-0.14356147426867438,-1.6246554337457,NaN,NaN,NaN,NaN,-7.6852277417349075,NaN,NaN,NaN,NaN,NaN,-0.5978010999973455,NaN,NaN,NaN,NaN,NaN,NaN,-0.06719664229307898,-0.12759326226660495,-0.09138548152957604,-0.12431039798468557,-0.4191080312466189,-0.5333826389074929,-0.7423584620322778,-0.9392073950237911,-0.3293259673094051,-0.21026996543383913,-0.36571446306842503,-3.052339190912252,-2.3861970100579724,-0.666204308586493,NaN,NaN,NaN,NaN,NaN,NaN,-0.13544759385171123,-0.21255007778960922,NaN,-0.5773670303133236,-0.3976466904816398,-0.14523225578103993,NaN,NaN,NaN,NaN,NaN,-3.165554110663919,NaN,-0.3727703510043465,-1.641249591767902,-1.1818387821430023,-33.105151066648254,NaN,NaN,NaN,NaN,NaN,NaN,NaN,-0.16977019754138833,-0.4775292868006089,NaN,NaN,-0.49994272921473115,-0.13378480317443575,-0.1600829230907057,-0.15392127400729905,NaN,NaN,-0.4834674891844559,-3.012056499350675,-1.2456753662786064,-0.15942291034651146,-0.2213340721685313,-0.12754292355361785,-0.1752346859061611,NaN,NaN,-3.446230614875585,NaN,-0.6574760033655003,-5.2739694365788985,-0.3195615779654313,NaN,-0.12501620230056343,NaN,NaN,NaN,-0.11615918339120523,-0.1283904907919149,-0.10033874064756976,-0.14474512775733372,-0.18389319509015012,-0.24265135566608875,-0.18397876839484217,-0.17859076710611088,-0.19649273733913608,-0.1648277809361658,-0.14496882381944798,-0.1464591923383174,-0.1358047951647976,-0.1349196974182829,NaN,NaN,NaN,NaN,NaN,-0.3010933640285156,-0.5344606794568327,-0.26322507185234256,-0.11706898897151374,-25.337011847940172,NaN,-0.14672052203244568,-0.13613511807839473,-0.13106896763449138,-0.4835988087663943,-0.17038256669048435,-0.16017640763846908,NaN,-0.07848893741304841,-0.26603829879182506,-0.5431193899845346,-0.6225485205728278,-0.18041298644281722,-0.4642197481981787,-6.199894302563944,-0.3338052985028124,NaN,NaN,NaN,-0.1860567145272476,-0.17645102841710703,NaN,-0.1467209863914991,-0.3132177362082116,-0.1766160982890479,-0.15138576046863572,-0.11182906380525348,-0.18208189779312933,-0.17241219074135872,-0.15301355524426974,-0.920066536294676,-0.8044424583997514,-2.1588099581168025,-0.47064500904811224,NaN
Heading,G4,NaN,NaN,NaN,NaN,-2.8409368529453087,-1.0433327108162627,-1.0097394220321454,-1.1543861499656183,-2.2254442573617523,NaN,-0.480050696802534,-0.28702257582353163,-0.30373118107186126,-0.13444431819988112,-0.11568761625967672,NaN,NaN,NaN,NaN,NaN,-0.49512208887439546,-0.2927745807315867,-0.21819728232669044,-0.7353563878643918,-0.47412715119709703,-0.1304845727934636,-0.25612291512650187,-1.5477984264381797,NaN,NaN,NaN,NaN,-5.43770872945544,NaN,NaN,NaN,NaN,NaN,-0.45346274170703493,NaN,NaN,NaN,NaN,NaN,NaN,-0.09354123505235368,-0.1251217580657813,-0.12094702272119884,-0.15261742594232475,-0.42119869202370874,-0.6205304328214245,-0.6740033216233721,-1.0114045835703371,-0.3348817983173602,-0.270099529904666,-0.4171895916481101,-3.2064868043850314,-2.609304457607928,-0.8404854770955901,NaN,NaN,NaN,NaN,NaN,NaN,-0.11344749363517748,-0.25345422901347536,NaN,-1.0207820148350497,-0.32677995765003276,-0.21139427393213328,NaN,NaN,NaN,NaN,NaN,-3.3539286892334053,NaN,-0.3714798404407873,-1.7955401819479349,-0.8786303814785121,-30.81243059606014,NaN,NaN,NaN,NaN,NaN,NaN,NaN,-0.14433863621805565,-0.47856422329994563,NaN,NaN,-0.7101799453991733,-0.12834800834270976,-0.15010421123967777,-0.16652070454093915,NaN,NaN,-0.6458123244974316,-3.2573138664440418,-1.2381807371863491,-0.08638137826853476,-0.19904952875032578,-0.03605802907387945,-0.1979823264550724,NaN,NaN,-2.87271232850265,NaN,-0.5894729609580103,-4.9169347853964664,-0.41549860091064916,NaN,-0.10239202879697529,NaN,NaN,NaN,-0.11937664757226552,-0.12193831425872581,-0.11490639503649702,-0.17795006216720122,-0.1792467234118975,-0.1844758980461776,-0.27280427525765294,-0.10303832285848613,-0.3403377504974887,-0.13731491296217047,-0.132651662191831,-0.14472429847373003,-0.10411940332542113,-0.14940425782080657,NaN,NaN,NaN,NaN,NaN,-0.30053169151984127,-0.45506565555064293,-0.2689086766975344,-0.24289026769394573,-24.083058010768227,NaN,-0.09691114660858835,-0.13177424208495103,-0.1304385500546772,-0.4269094518505314,-0.12286850563414276,-0.18256866298007202,NaN,-0.11115260844817243,-0.2889256047376385,-0.34586135102138393,-0.8579233850659325,-0.11250018086337965,-0.5183842455847802,-6.5046875513385505,-0.3304557423355394,NaN,NaN,NaN,-0.21785476856591823,-0.1151566213895232,NaN,-0.13198235351203258,-0.22544542759288366,-0.07670170183984859,-0.2541698828326764,-0.17200633899414886,-0.1665561135571303,0.09007859561671105,-0.1633106150042576,-0.6730005297084836,-0.7702223894077482,-1.806964757976318,-0.40647137337448136,NaN
Heading,G5,NaN,NaN,NaN,NaN,-0.9469675144734251,-1.5941126850034566,-1.0099532341444846,-0.8718928397950281,-1.4748898947508997,NaN,-0.4869623559064633,-0.39767074962567417,-0.31942389148218253,-0.24759178526441405,-0.12281889112514932,NaN,NaN,NaN,NaN,NaN,-0.48843094118088626,-0.3117145695138399,-0.25833689602059184,-0.8124131545453539,-0.29112608464361833,-0.10089067784128591,-0.23821690991885025,-1.4810890193700863,NaN,NaN,NaN,NaN,-6.533052862340082,NaN,NaN,NaN,NaN,NaN,-0.46454548905273274,NaN,NaN,NaN,NaN,NaN,NaN,-0.11657336756006464,-0.13517431183478057,-0.09373262320919018,-0.13723612398853047,-0.35616434322423296,-0.6177712432894993,-0.6042938648084788,-0.7292784145630091,-0.2717052907669244,-0.21897622160604513,-0.44363745361390783,-3.542631421692814,-2.746210282030029,-0.7760528105054174,NaN,NaN,NaN,NaN,NaN,NaN,-0.0813981284641001,-0.22375278750615513,NaN,-0.9894682330569902,-0.36078655138393634,-0.25557383367846076,NaN,NaN,NaN,NaN,NaN,-2.8128541378890093,NaN,-0.4022018828901932,-2.172886628280854,-0.7161730837425919,-26.615918247510077,NaN,NaN,NaN,NaN,NaN,NaN,NaN,-0.1394399524369705,-0.47550894490846507,NaN,NaN,-0.7316107622858243,-0.13313572627127424,-0.15871770290463516,-0.11791205383860714,NaN,NaN,-0.602485146415713,-3.07456732309359,-1.1969819342890253,-0.12149041511378944,-0.17809410762017497,-0.007649470228427324,-0.20613566828416863,NaN,NaN,-3.1040223044030792,NaN,-0.3616552047993449,-4.730405488803392,-0.39823135732791437,NaN,-0.13582920187473757,NaN,NaN,NaN,-0.09767543281040458,-0.12033030898009645,-0.0992250379923807,-0.18001319848652164,-0.1773553463546591,-0.23270804292941216,-0.28149954516853115,-0.17935332908063106,-0.39193578415609887,-0.13734654954422454,-0.14702758876995503,-0.1522873629275312,-0.1350046170256658,-0.22157806259006962,NaN,NaN,NaN,NaN,NaN,-0.33011446326271,-0.46899316010411396,-0.2631564018495196,-0.21406662166577872,-25.03711748399485,NaN,-0.1465432538196576,-0.11649347484947281,-0.08022924366501138,-0.7237067229844909,-0.11175361398155248,-0.17653087680534307,NaN,-0.15779602554482297,-0.24597014039555054,-0.49444943677282494,-0.8917600513545323,-0.13925206451158734,-0.34498507156351055,-7.187489749758111,-0.34196523458040207,NaN,NaN,NaN,-0.1882268168734642,-0.11075323600605369,NaN,-0.1501345885728287,-0.32188613320286863,-0.16653864551073294,-0.18766277857085578,-0.13429023578298516,-0.19363488450867838,0.015587501740321197,-0.04863745198300262,-0.9443676822606719,-0.7853251415885816,-1.9165741570787613,-0.38741741381556394,NaN
AbsHeading,G2,NaN,NaN,NaN,NaN,-3.2395225001366095,-1.0906706939031912,-0.7271764563441043,-0.9196418987362438,-1.9949147695901672,NaN,-0.43780478741877826,-0.3563927933249311,-0.2820679027267401,-0.3756675656495345,-0.11295797232189675,NaN,NaN,NaN,NaN,NaN,-0.520281939987242,-0.15218044475352932,-0.14515787275022607,-0.6932620625547525,-0.5734335656317064,-0.18635546888932875,-0.26703181481294624,-1.4790990410488694,NaN,NaN,NaN,NaN,-7.807020167819308,NaN,NaN,NaN,NaN,NaN,-0.3918976199778659,NaN,NaN,NaN,NaN,NaN,NaN,-0.12314382267200585,-0.10796669446936336,-0.11483200554628747,-0.13238233385572884,-0.3279268289585284,-0.539127777156863,-0.7693243222503894,-0.9486939790388274,-0.27183006791830144,-0.3036190252324551,-0.46231794289284567,-3.2421186745003077,-1.2997759949366192,-0.7095046738398232,NaN,NaN,NaN,NaN,NaN,NaN,-0.134347327435689,-0.24240895298009013,NaN,-0.7607157504385884,-0.430719301499189,-0.18194932690297305,NaN,NaN,NaN,NaN,NaN,-3.394170484813711,NaN,-0.3410142728396859,-2.078231556033588,-0.8070334937010692,-20.35260821352692,NaN,NaN,NaN,NaN,NaN,NaN,NaN,-0.12230076538659218,-0.37831729366127864,NaN,NaN,-0.7351835920732832,-0.04109388153985849,-0.1356335143024947,-0.12101935834548483,NaN,NaN,-0.6763144515997119,-3.385973883369661,-1.1790581895134613,-0.1566638326978831,-0.2143752499063909,-0.1321713422335098,-0.17437622884380888,NaN,NaN,-3.1695640526382194,NaN,-0.6219126347555031,-5.1261839936698825,-0.4112554966246771,NaN,-0.056903619415889395,NaN,NaN,NaN,-0.13612527890411874,-0.12498007876032102,-0.13796985435871822,-0.17647361042828957,-0.18009285595376867,-0.2091416100045138,-0.14253556716967708,-0.17434910163275963,-0.38039800401311785,-0.14923749663354768,-0.14354725690516812,-0.12829698646795418,-0.10088709726779554,-0.03203845956695339,NaN,NaN,NaN,NaN,NaN,-0.29646426654893965,-0.5413230916093195,-0.2342102399844892,-0.22626198665843034,-23.921779814404406,NaN,-0.1323316590525705,-0.12067982959788526,-0.09747973931715381,-0.4975817832003422,-0.1638377173542449,-0.17159182366528758,NaN,-0.14972122656217235,-0.2429554475412885,-0.376460989890784,-0.9268763464628422,-0.16657870377851158,-0.5845286568942758,-6.700123928346538,-0.34251165866841626,NaN,NaN,NaN,-0.1371327698803957,-0.09153049801869462,NaN,-0.13391858108231114,-0.25855011125159577,-0.14942028043401434,-0.23154585021927354,-0.029900983745393406,-0.05559985708502846,-0.18454781700448453,-0.18458030377651413,-0.8811106810247826,-0.9131833968484209,-1.2839512349377538,-0.39777716138113894,NaN
AbsHeading,G3,NaN,NaN,NaN,NaN,-2.763782664738462,-1.4784601657030674,-0.965947843528097,-0.9952661710801878,-2.0329113130857572,NaN,-0.4504261750876115,-0.3762654417358702,-0.3021378016992071,-0.43527556732768913,-0.1167642526751973,NaN,NaN,NaN,NaN,NaN,-0.5289951609285244,-0.32164178419862943,-0.15493117261673084,-0.7044865934997384,-0.5511264193555312,-0.1775089516544659,-0.18814202496882237,-1.7536917940349683,NaN,NaN,NaN,NaN,-7.855013204036325,NaN,NaN,NaN,NaN,NaN,-0.44241176949676064,NaN,NaN,NaN,NaN,NaN,NaN,-0.05657777526297503,-0.13192404999565355,-0.07873821286363691,-0.11953638914476072,-0.395538778118272,-0.6733996077861433,-0.7437665760762748,-0.9020305822406449,-0.27128879397068917,-0.28346592862287223,-0.4826826129699109,-3.0515282244629667,-2.183731239327879,-0.917984212268296,NaN,NaN,NaN,NaN,NaN,NaN,-0.13757132048956944,-0.1591249565794226,NaN,-0.8107021427624175,-0.25243554759274733,-0.14352788491217883,NaN,NaN,NaN,NaN,NaN,-3.248814532213305,NaN,-0.2976837247734021,-1.8336005477184982,-1.2205308568649254,-20.303324303089568,NaN,NaN,NaN,NaN,NaN,NaN,NaN,-0.15040649765178848,-0.4675733368727988,NaN,NaN,-0.49363440544039805,0.011339700403738773,-0.1519368135707142,-0.12043636864355678,NaN,NaN,-0.6824021899221828,-3.3045122390029285,-1.1558098084660298,-0.101776108063659,-0.18734320788695302,-0.10798110708101394,-0.12964115691972045,NaN,NaN,-3.4584289616883828,NaN,-0.5016886089451214,-4.553355915977363,-0.3592714884309156,NaN,-0.0066911135217235795,NaN,NaN,NaN,-0.12726840831156694,-0.13344753517896146,-0.13922103478309533,-0.1987583081019284,-0.19057544641762192,-0.21072891252011483,-0.17709260557287188,-0.08488453254795547,-0.2995776688726113,-0.21669968203421064,-0.13072998710122352,-0.14182398916526728,-0.11104351923720968,-0.05643285998056369,NaN,NaN,NaN,NaN,NaN,-0.2385648471647368,-0.5276580732817673,-0.2785224046568593,-0.23463792331525868,-17.2785933044819,NaN,-0.1435291914403125,-0.13040849581039038,-0.11209756807686877,-0.6281184548848913,-0.14432038903569055,-0.1669637715508574,NaN,-0.1523043865162983,-0.2881517980759609,-0.5222840986796333,-0.9581831535651992,-0.17669892894680972,-0.46117420114729124,-5.776616080902189,-0.2994493413058077,NaN,NaN,NaN,-0.11083061157624896,-0.14290763895644365,NaN,-0.1478805861914585,-0.3343329287677772,-0.16658150901396174,-0.1866187033205282,-0.11151571880238453,-0.08522727054310608,-0.12102427840393881,-0.1791993285699538,-0.5813294361942987,-0.9541603555155886,-1.6710120889973954,-0.43021645256519414,NaN
AbsHeading,G4,NaN,NaN,NaN,NaN,-2.579353758552105,-1.287409084922846,-0.9459248160474663,-1.069025169898985,-2.223030344691095,NaN,-0.6023746881444396,-0.2693931652788413,-0.3128772009817833,-0.21635491845188604,-0.10987902594116417,NaN,NaN,NaN,NaN,NaN,-0.5476962483160974,-0.28372779448273033,-0.2118353828683477,-0.11300029012198798,-0.5006745254652367,-0.20033704864554247,-0.16543065153317382,-1.5942250016056208,NaN,NaN,NaN,NaN,-7.1290128492202065,NaN,NaN,NaN,NaN,NaN,-0.5714964762285437,NaN,NaN,NaN,NaN,NaN,NaN,-0.11417443571984975,-0.1154520515701416,-0.12102274447454042,-0.14216786000261683,-0.4318444287188994,-0.6424808552769004,-0.6304945291543391,-0.9504322122867945,-0.3012440554587543,-0.28706343083614305,-0.39394288899686236,-3.2274684187903606,-2.6232744291078602,-0.649428309502011,NaN,NaN,NaN,NaN,NaN,NaN,-0.1358353486129038,-0.2523086560078249,NaN,-1.1082365931713434,-0.4228349195175132,-0.23837592949306718,NaN,NaN,NaN,NaN,NaN,-3.5136531746891304,NaN,-0.3799996752686525,-1.9035788684827946,-1.0260267459364973,-27.519709680918215,NaN,NaN,NaN,NaN,NaN,NaN,NaN,-0.1677229434061358,-0.4830480935329604,NaN,NaN,-0.7369830035625118,-0.08346509695875315,-0.14705820221773958,-0.17202987038019257,NaN,NaN,-0.5307422184668678,-3.445840500020897,-1.0586679807296209,-0.1580024213278297,-0.1781315980377005,-0.14218280067019862,-0.15426987705846051,NaN,NaN,-2.324564961014668,NaN,-0.5468430533573574,-5.52023956112233,-0.44130969164284584,NaN,-0.09849350002660517,NaN,NaN,NaN,-0.1254694551061537,-0.13313895323189295,-0.12600544320690377,-0.17667945529999218,-0.21187590204533446,-0.22407344170476873,-0.28392994109643444,-0.10645366866611439,-0.23737256247864824,-0.15641662231870135,-0.1440475044123073,-0.13369214060295054,-0.1093497394414229,-0.10195034597941222,NaN,NaN,NaN,NaN,NaN,-0.23845200054321003,-0.2813458910108635,-0.23806900206334625,-0.19813988837085827,-18.405126832016915,NaN,-0.10474965725478103,-0.13160055950332605,-0.08489251567913203,-0.5768408351044316,-0.17263126675885854,-0.13057529390905165,NaN,-0.1522552171444378,-0.1884239897486979,-0.2889548222247904,-0.9241516213601728,-0.184457814524581,-0.46957703860920375,-6.529069755654272,-0.3707366107480061,NaN,NaN,NaN,-0.11868709033815805,-0.06701655536576312,NaN,-0.11119841871943148,-0.28382569508581845,-0.14273585425355795,-0.2361701156170719,-0.002930518658701642,-0.017138630577827607,-0.16129210127582239,-0.16911184324740924,-0.8915764602837466,-0.934847152893653,-2.1291019346847433,-0.4854712282696667,NaN
AbsHeading,G5,NaN,NaN,NaN,NaN,-3.083458548587119,-1.5246882094258818,-1.0197637916453761,-1.069641089522492,-2.274409486244398,NaN,-0.5801812954877998,-0.378097886831112,-0.346317026361052,-0.26856030015741417,-0.1312945406685777,NaN,NaN,NaN,NaN,NaN,-0.48395008381851956,-0.21668117105019435,-0.22539009826295064,-0.6004860970984358,-0.4605620578811682,-0.10831520768988656,-0.2595828568591225,-1.5090036874854826,NaN,NaN,NaN,NaN,-5.937610909316104,NaN,NaN,NaN,NaN,NaN,-0.5767611042720031,NaN,NaN,NaN,NaN,NaN,NaN,-0.12378816702247009,-0.13653205210496666,-0.10613402840552766,-0.13825816787603062,-0.2769001056030487,-0.6389758285096696,-0.5409440942459953,-0.8306501858936637,-0.3101742489799879,-0.31484738351554165,-0.39647692366301124,-2.985900564585746,-2.542034142911452,-0.9814142706173175,NaN,NaN,NaN,NaN,NaN,NaN,-0.11558186132170478,-0.2756954592588179,NaN,-0.8895069282309862,-0.4298906989810618,-0.24266158916339164,NaN,NaN,NaN,NaN,NaN,-3.6828652080754365,NaN,-0.38932363847235907,-2.2754884892283083,-1.0618883920514919,-20.282281964425774,NaN,NaN,NaN,NaN,NaN,NaN,NaN,-0.16188013549363633,-0.511681188176643,NaN,NaN,-0.6946081138863689,-0.053226836522668686,-0.15500052094595462,-0.15470993348445905,NaN,NaN,-0.5994500505477385,-3.2910374971348473,-1.0215950738732555,-0.1615582443442236,-0.22064556522806433,-0.07776112705470495,-0.174650956076001,NaN,NaN,-3.099154238339553,NaN,-0.5720131702100353,-5.238810024358954,-0.4568409140231622,NaN,-0.08698200530532585,NaN,NaN,NaN,-0.11306966842414545,-0.10501056176601464,-0.09008210777163628,-0.13300776935644976,-0.19901765598495458,-0.19731370504488677,-0.27781901242920104,-0.11187033506140698,-0.23255396653928306,-0.18567200839704934,-0.14802326775761054,-0.11020849665890431,-0.13993468347670857,-0.17025289418860523,NaN,NaN,NaN,NaN,NaN,-0.13223204231686259,-0.3149113565785533,-0.2560397571624846,-0.23559329683701846,-19.779877896519096,NaN,-0.12912375178662638,-0.11371992169176104,-0.11633381161680689,-0.48253413978139026,-0.1353257002548971,-0.09946711193696633,NaN,-0.17029034689813405,-0.2998323038571691,-0.3481735587340462,-0.9845808570712107,-0.1779263558530666,-0.4464851430165906,-7.328765684040642,-0.36360216744653595,NaN,NaN,NaN,-0.17217718453517894,-0.14906691051889154,NaN,-0.12778289189927516,-0.357793432133636,-0.1642826389589056,-0.19930534921585386,-0.12111548625160351,-0.004483693747493467,-0.15279189747333954,-0.14210721199452458,-0.8943455128947695,-0.9252090181917423,-1.5408726215776931,-0.33101031870306086,NaN
